Book,Conference,Scholar articles,Publication date,Volume,PDF Link,Patent office,Report number,Source,Pages,Research Interests,Total citations,Researcher Name,Inventors,Patent number,Title,Institution,Journal,Application number,Scholar Link,Issue,Publisher,Authors,Description,Classified_Topic,Classification_Confidence
,,"Cross-cultural marriage and hybrid identities of characters in three anglophone novels
A Tahsildar - 2013
Cited by 1 Related articles",2013/5/10,,,,,,,"Cross-cultural Marriage, Hybrid Identities, Anglophone Novels",Cited by 1,Abir Tahsildar,,,Cross-cultural marriage and hybrid identities of characters in three anglophone novels,Tours,,,https://scholar.google.com/citations?view_op=view_citation&hl=en&user=VfRKvpcAAAAJ&citation_for_view=VfRKvpcAAAAJ:u5HHmVD_uO8C,,,Abir Tahsildar,"Cette thèse étudie le thème du mariage interculturel et des identités hybrides de personnages dans The Pickup (2001) de Nadine Gordimer, The Translator (1999) de Leila Aboulela et A Mighty Collision of Two Worlds (2002) de Safi Abdi. L’étude cherche à explorer comment les identités culturelles des protagonistes changent lorsqu’ils se marient avec une personne d’une culture différente des leurs et qu’ils rencontrent de nouvelles traditions et de nouvelles croyances. La théorie de l’hybridité développée par Homi Bhabha et par d’autres théoriciens de l’hybridité peut être un outil pertinent pour analyser l’identité des personnages. Bhabha soutient que ceux qui traversent les cultures vivent dans un “in-between space” ou un “third space,” fluctuant entre leur culture d’origine et leur culture d’accueil. Cependant, les conclusions de l’étude montrent que ces personnages de fiction présentent des cas qui n’ont pas été explorés par les théoriciens de l’hybridité. On s’aperçoit d’autre part, que plusieurs facteurs de nature culturelle, religieuse, personnelle ou sociale influencent les protagonistes dans les romans : soit ils leur identité hybride s’affirme, soit ils conservent la façon de vivre de leur pays d’origine. On remarque aussi que les mariages interculturels et l’identité hybride sont liés entre eux. Le mariage interculturel peut être à la fois la manifestation de l’hybridité, et dans ce cas il est perçu comme une affirmation du vécu hybride servant du même coup de moyen d’aller vers l’hybridité. Contrairement à ce à quoi on pourrait s’attendre, on observe que parfois les relations interculturelles entraînent une réaction anti-hybride",hybrid identities,0.605
,,"Islamophobia and Occidentalism in A Mighty Collision of Two Worlds
A Tahsildar - Misan Journal of Academic Studies, 2023
Related articles All 2 versions",2023,22.0,,,,,,"Cross-cultural Marriage, Hybrid Identities, Anglophone Novels",,Abir Tahsildar,,,Islamophobia and Occidentalism in A Mighty Collision of Two Worlds,,Misan Journal of Academic Studies,,https://scholar.google.com/citations?view_op=view_citation&hl=en&user=VfRKvpcAAAAJ&citation_for_view=VfRKvpcAAAAJ:u-x6o8ySG0sC,45 مؤتمر قسم اللغة الانكليزية,Misan University,Abir Tahsildar,"This article will shed light on the concepts of islamophobia and occidentalism in Safi Abdi’s novel A Mighty Collision of Two Worlds (2002). The novel revolves around a cross-cultural marriage between a Muslim girl, Anisa, from Rako Island and Mike, an American man. Anisa suffered a lot in this marriage due to the rejection of the Western culture, including Mike’s family and friends, of this relationship. She was seen as inferior, backward, aggressive and threatening for being black and Muslim. The portrayal of the female protagonist as such will be studied from the notion of islamophobia, a term that became common in the West, after it was introduced in a report that was published by the British Runnymede Foundation in 1997. Moreover, the depiction of the Western protagonist, Mike, as superior, drunk, and an atheist would be analyzed from the concept of Occidentalism; a term that refers to how non-Westerners perceive and present the West. Thus, the image of the Western culture in the novel will be studied also.",cross-cultural marriage,0.404
,,"Can the Subaltern Muslim Female Character “Speak” through Cross-Cultural Marriage? An Analysis of Four Novels
A Tahsildar - 世界文学研究论坛, 2021
Related articles All 4 versions",2021/6/1,,https://fwls.org/uploads/soft/210730/1-210I0135925.pdf#page=181,,,,358.0,"Cross-cultural Marriage, Hybrid Identities, Anglophone Novels",,Abir Tahsildar,,,Can the Subaltern Muslim Female Character “Speak” through Cross-Cultural Marriage? An Analysis of Four Novels,,世界文学研究论坛,,https://scholar.google.com/citations?view_op=view_citation&hl=en&user=VfRKvpcAAAAJ&citation_for_view=VfRKvpcAAAAJ:d1gkVwhDpl0C,,,Abir Tahsildar,This article will analyze four novels that deal with the subject of crosscultural marriage. Two novels are written by Muslim authors: Leila Aboulela’s,cross-cultural marriage,0.412
,,"Inter language in Leila Aboulela's the Translator and Diana Abu Jaber's Arabian Jazz
A Tahsildar - journal of the college of basic education, 2020
Related articles",2020,,,,,,,"Cross-cultural Marriage, Hybrid Identities, Anglophone Novels",,Abir Tahsildar,,,Inter language in Leila Aboulela's the Translator and Diana Abu Jaber's Arabian Jazz,,journal of the college of basic education,,https://scholar.google.com/citations?view_op=view_citation&hl=en&user=VfRKvpcAAAAJ&citation_for_view=VfRKvpcAAAAJ:9yKSN-GCB0IC,وقائع المؤتمر العلمي الافتراضي لقسم اللغة الانكليزية في كلية التربية الاساسية,Mustansiriyah University,Abir Tahsildar,"How can authors spread their thoughts, ideas, and beliefs to the largest audience possible? One way is to write in English, which is considered as the major language used in many countries worldwide. This paper aims to explore how two non-native English writers, Leila Aboulela and Diana Abu Jaber, contribute in conveying the cultural habits and traditions of their societies through writing their novels The Translator (1999) and Arabian Jazz (1993) respectively in the English language. Aboulela is a Sudanese writer who lives in the United Kingdom. In 2000, she won the Caine Prize for African Writing. Most of her novels are mainly dominated by Islamic laws and traditions. In addition, Abu Jaber, a Jordanian-American author whose first novel, Arabian Jazz won the Oregon Book award for Literary Fiction and was a finalist for the PEN Hemingway Award—according to Elia (1999)—shares her cross-cultural experiences in her novels. Although English is the main language used by these authors to write their novels, the presence of the Arabic language is visible when reading the English text of the novels in the form of word-to-word translation of Arabic expressions into English. This practice is called “inter language,” a concept developed by Larry Selinker in 1972 which is a form of discourse through which the writer’s mother tongue can often be heard. This reflects the fact that language and culture are intertwined and cannot be separated. Thus, the study examined the extent to which these authors succeeded in conveying their culture in a language which is not their native language. A qualitative content analysis is applied in order to analyse the …",anglophone novels,0.403
