Book,Conference,Scholar articles,Publication date,Volume,PDF Link,Patent office,Report number,Source,Pages,Research Interests,Total citations,Researcher Name,Inventors,Patent number,Title,Institution,Journal,Application number,Scholar Link,Issue,Publisher,Authors,Description,Classified_Topic,Classification_Confidence
,,"Filtering intrusion detection alarms
N Mansour, MI Chehab, A Faour - Cluster Computing, 2010
Cited by 36 Related articles All 13 versions",2010/3,13.0,https://www.academia.edu/download/48473818/Growing_Hierarchical_Self-Organizing_Map20160831-20207-1qhsem6.pdf,,,,19-29,Machine Learning,Cited by 36,Ahmad FAOUR,,,Filtering intrusion detection alarms,,Cluster Computing,,https://scholar.google.com/citations?view_op=view_citation&hl=en&user=38ZvNd8AAAAJ&citation_for_view=38ZvNd8AAAAJ:YsMSGLbcyi4C,,Springer US,"Nashat Mansour, Maya I Chehab, Ahmad Faour",A Network Intrusion Detection System (NIDS) is an alarm system for networks. NIDS monitors all network actions and generates alarms when it detects suspicious or malicious attempts. A false positive alarm is generated when the NIDS misclassifies a normal action in the network as an attack. We present a data mining technique to assist network administrators to analyze and reduce false positive alarms that are produced by a NIDS. Our data mining technique is based on a Growing Hierarchical Self-Organizing Map (GHSOM) that adjusts its architecture during an unsupervised training process according to the characteristics of the input alarm data. GHSOM clusters these alarms in a way that supports network administrators in making decisions about true and false alarms. Our empirical results show that our technique is effective for real-world intrusion data.,machine learning,0.4
,2006 2nd International Conference on Information & Communication Technologies,"A SOM and Bayesian network architecture for alert filtering in network intrusion detection systems
A Faour, P Leray, B Eter - 2006 2nd International Conference on Information & …, 2006
Cited by 21 Related articles",2006/4/24,2.0,,,,,3175-3180,Machine Learning,Cited by 21,Ahmad FAOUR,,,A SOM and Bayesian network architecture for alert filtering in network intrusion detection systems,,,,https://scholar.google.com/citations?view_op=view_citation&hl=en&user=38ZvNd8AAAAJ&citation_for_view=38ZvNd8AAAAJ:roLk4NBRz8UC,,IEEE,"Ahmad Faour, P Leray, B Eter","With the ever growing deployment of networks and the Internet, the importance of network security has increased. Recently, however, systems that detect intrusions, which are important in security countermeasures, have been unable to provide proper analysis or an effective defense mechanism. Instead, they have overwhelmed human operators with a large volume of intrusion detection alerts. This paper presents a new approach for handling intrusion detection alarms more efficiently. We propose here an architecture for automated alarm filtering based on classical method of clustering (self-organizing maps) coupled with probabilistic graphical model (Bayesian belief networks) for determining if the network is really attacked",machine learning,0.4
,KEOD,"Redefining Hearst Patterns by using Dependency Relations.
AIA Aldine, M Harzallah, G Berio, N Béchet, A Faour - KEOD, 2018
Cited by 10 Related articles All 5 versions",2018/1,,https://www.academia.edu/download/114202591/69622.pdf,,,,146-153,Machine Learning,Cited by 10,Ahmad FAOUR,,,Redefining Hearst Patterns by using Dependency Relations.,,,,https://scholar.google.com/citations?view_op=view_citation&hl=en&user=38ZvNd8AAAAJ&citation_for_view=38ZvNd8AAAAJ:W7OEmFMy1HYC,,,"Ahmad Issa Alaa Aldine, Mounira Harzallah, Giuseppe Berio, Nicolas Béchet, Ahmad Faour","Hypernym relation extraction is considered the backbone of building ontologies. Hearst patterns are the most popular patterns used to extract hypernym relation. They include POS tags and lexical information, and they are applied on a shallow parsed corpora. In this paper, we propose a new formalization of Hearst patterns using dependency parser, called Dependency Hearst patterns. This formalization allows them to match better complex or ambiguous sentences. To evaluate our proposal, we have compared the performance of Dependency Hearst patterns to that of the lexico-syntactic Hearst patterns, applied on a music corpus. Dependency Hearst patterns yield a better result than lexico-syntactic patterns for extracting hypernym relations from the corpus.",machine learning,0.4
,"2008 International Symposium on Parallel Architectures, Algorithms, and Networks (i-span 2008)","Growing hierarchical self-organizing map for filtering intrusion detection alarms
M Shehab, N Mansour, A Faour - … Symposium on Parallel Architectures, Algorithms, and …, 2008
Cited by 10 Related articles All 3 versions",2008/5/7,,,,,,167-172,Machine Learning,Cited by 10,Ahmad FAOUR,,,Growing hierarchical self-organizing map for filtering intrusion detection alarms,,,,https://scholar.google.com/citations?view_op=view_citation&hl=en&user=38ZvNd8AAAAJ&citation_for_view=38ZvNd8AAAAJ:2osOgNQ5qMEC,,IEEE,"Maya Shehab, Nashat Mansour, Ahmad Faour",A network intrusion detection system (NIDS) monitors all network actions and generates alarms when it detects suspicious attempts. We present a data mining technique to assist network administrators to analyze and reduce false positive alarms that are produced by a NIDS. Our data mining technique is based on a growing hierarchical self-organizing map (GHSOM) that adjusts its architecture during an unsupervised training process according to the characteristics of the input alarm data. GHSOM clusters these alarms in a way that supports network administrators in making decisions about true and false alarms. Our empirical results show that our technique is useful for real-world intrusion data.,machine learning,0.4
,,"Automated filtering of network intrusion detection alerts
A Faour, P Leray, B Eter - Proc. 1st Joint Conf. on Security in Network …, 2006
Cited by 10 Related articles",2006,,,,,,277-291,Machine Learning,Cited by 10,Ahmad FAOUR,,,Automated filtering of network intrusion detection alerts,,Proc. 1st Joint Conf. on Security in Network Architectures and Security of Information Systems,,https://scholar.google.com/citations?view_op=view_citation&hl=en&user=38ZvNd8AAAAJ&citation_for_view=38ZvNd8AAAAJ:d1gkVwhDpl0C,,,"A Faour, P Leray, B Eter",,Unclassified,0.0
,,"Weblins: A scalable WWW cluster-based server
A Faour, N Mansour - Advances in Engineering Software, 2006
Cited by 8 Related articles All 4 versions",2006/1/1,37.0,https://www.academia.edu/download/74558967/j.advengsoft.2005.04.00220211111-29947-1oohb0o.pdf,,,,11-19,Machine Learning,Cited by 8,Ahmad FAOUR,,,Weblins: A scalable WWW cluster-based server,,Advances in Engineering Software,,https://scholar.google.com/citations?view_op=view_citation&hl=en&user=38ZvNd8AAAAJ&citation_for_view=38ZvNd8AAAAJ:qjMakFHDy7sC,1.0,Elsevier,"Ahmad Faour, Nashat Mansour","With the ever-growing web traffic, cluster-based web servers have become very important to the Internet infrastructure. Thus, making the best use of all available resources in the cluster to achieve high performance is a significant research issue. In this paper, we present Weblins, a cluster-based web server that can achieve good throughput. Weblins has Gobelins operating system as platform. Gobelins is an efficient single system image operating system that transparently makes use of the resources available in the cluster. The architecture of Weblins is fully distributed. Weblins implements a content-aware request distribution policy via a new interface on top of Gobelins. Popular web files are dynamically replicated on all nodes via a cooperative caching mechanism. For the non-popular files, the requests are handed-off to the corresponding nodes via the TCP Handoff protocol. Simulation results show that the …",machine learning,0.4
,Proceedings of The 12th International Workshop on Semantic Evaluation,"Expr at semeval-2018 task 9: A combined approach for hypernym discovery
AIA Aldine, M Harzallah, G Berio, N Béchet, A Faour - Proceedings of The 12th International Workshop on …, 2018
Cited by 5 Related articles All 4 versions",2018/6,,https://aclanthology.org/S18-1150.pdf,,,,919-923,Machine Learning,Cited by 5,Ahmad FAOUR,,,Expr at semeval-2018 task 9: A combined approach for hypernym discovery,,,,https://scholar.google.com/citations?view_op=view_citation&hl=en&user=38ZvNd8AAAAJ&citation_for_view=38ZvNd8AAAAJ:LkGwnXOMwfcC,,,"Ahmad Issa Alaa Aldine, Mounira Harzallah, Giuseppe Berio, Nicolas Béchet, Ahmad Faour","In this paper, we present our proposed system (EXPR) to participate in the hypernym discovery task of SemEval 2018. The task addresses the challenge of discovering hypernym relations from a text corpus. Our proposal is a combined approach of path-based technique and distributional technique. We use dependency parser on a corpus to extract candidate hypernyms and represent their dependency paths as a feature vector. The feature vector is concatenated with a feature vector obtained using Wikipedia pre-trained term embedding model. The concatenated feature vector fits a supervised machine learning method to learn a classifier model. This model is able to classify new candidate hypernyms as hypernym or not. Our system performs well to discover new hypernyms not defined in gold hypernyms.",machine learning,0.61
,NTMS'07,"Growing hierarchical self-organizing map for alarm filtering in network intrusion detection systems
A Faour, P Leray, B Eter - NTMS'07, 2007
Cited by 5 Related articles All 10 versions",2007,,https://hal.science/hal-00412943v1/file/ntms07-1.pdf,,,,CDROM,Machine Learning,Cited by 5,Ahmad FAOUR,,,Growing hierarchical self-organizing map for alarm filtering in network intrusion detection systems,,,,https://scholar.google.com/citations?view_op=view_citation&hl=en&user=38ZvNd8AAAAJ&citation_for_view=38ZvNd8AAAAJ:Tyk-4Ss8FVUC,,,"Ahmad Faour, Philippe Leray, Bassam Eter","It is a well-known problem that intrusion detection systems overload their human operators by triggering thousands of alarms per day. This paper presents a new approach for handling intrusion detection alarms more efficiently. Neural Network analyses based on the self-organizing map (SOM) and the growing hierarchical self-organizing map (GHSOM) are used to discover interrest patterns signs of potential scenarios of attacks aiming each machine in the network. The GHSOM addresses two main limits of SOM which are caused, on the one hand, by the static architecture of this model, as well as, on the other hand, by the limited capabilities for the representation of hierarchical relations of the data. The experiments conducted on several logs extracted from the SNORT NIDS, confirm that the GHSOM can form an adaptive architecture, which grows in size and depth during its training process, thus to unfold the hierarchical structure of the analyzed logs of alerts.",machine learning,0.404
,EGC (Ateliers),"Réseaux bayésiens pour le filtrage d'alarmes dans les systèmes de détection d'intrusions.
A Faour, P Leray, C Foll - EGC (Ateliers), 2005
Cited by 5 Related articles All 3 versions",2005,,https://www.academia.edu/download/39745244/Rseaux_baysiens_pour_le_filtrage_dalarm20151106-4841-ry4lzu.pdf,,,,69-72,Machine Learning,Cited by 5,Ahmad FAOUR,,,Réseaux bayésiens pour le filtrage d'alarmes dans les systèmes de détection d'intrusions.,,,,https://scholar.google.com/citations?view_op=view_citation&hl=en&user=38ZvNd8AAAAJ&citation_for_view=38ZvNd8AAAAJ:IjCSPb-OGe4C,,,"Ahmad Faour, Philippe Leray, Cédric Foll","Les systèmes de détection d’intrusion (NIDS) sont des outils puissants pour la détection des tentatives d’attaques sur un réseau. Malheureusement, ils génèrent un nombre trop élevé d’alarmes. Nous proposons ici une architecture de filtrage d’alarmes basée sur des méthodes classiques de classification non supervisée et sur des réseaux bayésiens plus ou moins complexes permettant de déterminer si le réseau est réellement attaqué. Deux approches sont proposées, l’une raisonnant de manière assez brute, l’autre essayant de prendre en compte les spécificités du réseau (topologie, caractéristiques des machines).",machine learning,0.4
,,"AI Planning and Reasoning for a Social Assistive Robot.
B Hoteit, A Abdallah, A Faour, IA Awada, A Sorici… - International Association for Development of the …, 2020
Cited by 4 Related articles All 4 versions",2020,,https://files.eric.ed.gov/fulltext/ED626733.pdf,,,,,Machine Learning,Cited by 4,Ahmad FAOUR,,,AI Planning and Reasoning for a Social Assistive Robot.,,International Association for Development of the Information Society,,https://scholar.google.com/citations?view_op=view_citation&hl=en&user=38ZvNd8AAAAJ&citation_for_view=38ZvNd8AAAAJ:UebtZRa9Y70C,,International Association for the Development of the Information Society,"Bilal Hoteit, Ali Abdallah, Ahmad Faour, Imad Alex Awada, Alexandru Sorici, Adina Magda Florea","Social robot in service is radically changing the ways of performing tasks and it becomes a distinct and valuable nascent. To achieve persist autonomy, robotic systems implement a closed-loop consisting of at least planning, reasoning and acting phases. From the continual loop perspective, this paper presents the ROSPlan framework, as a task planning and executing platform, and it introduces the integration of the ROSPlan framework in a service robotic system. Moreover, it discusses the planning, observing, monitoring, and executing processes in detail. A use case scenario is proposed which is suitable for the experiment requirements, and it presents a service robot accomplishing an assistant task in educational campus. Considering the implementation of the ROSPlan framework, TurtleBot3 robot using Gazebo simulates the execution phase of the proposed scenario.",machine learning,0.4
,,"Mining Sequential Patterns for Hypernym Relation Extraction
AIA Aldine, M Harzallah, G Berio, N Bechet, A Faour - Proceedings of the TextMine, 2019
Cited by 3 Related articles All 6 versions",2019,19.0,https://textmine.sciencesconf.org/data/pages/TextMine19.pdf#page=29,,,,21-24,Machine Learning,Cited by 3,Ahmad FAOUR,,,Mining Sequential Patterns for Hypernym Relation Extraction,,Proceedings of the TextMine,,https://scholar.google.com/citations?view_op=view_citation&hl=en&user=38ZvNd8AAAAJ&citation_for_view=38ZvNd8AAAAJ:u-x6o8ySG0sC,,,"Ahmad Issa Alaa Aldine, Mounira Harzallah, Giuseppe Berio, Nicolas Bechet, Ahmad Faour","Hearst’s patterns are popular patterns for hypernym relation extraction from text. In this work, we propose to apply sequential pattern mining to learn Sequential Hearst’s Patterns (SHP), a new formalization of Hearst’s patterns as sequential patterns using lexical and syntactical information. A comparison between the three types of Hearst’s patterns (the original Hearst’s patterns, an extended set of Hearst’s patterns and Hearst’s patterns reformulated by using dependency relations) is provided by using a music domain corpus. The results show that precision and recall are improved by SHP.",machine learning,0.4
"International Joint Conference on Knowledge Discovery, Knowledge Engineering, and Knowledge Management",,"Dhps: Dependency hearst’s patterns for hypernym relation extraction
A Issa Alaa Aldine, M Harzallah, G Berio, N Béchet… - … Joint Conference on Knowledge Discovery, Knowledge …, 2018
Cited by 3 Related articles All 4 versions",2018/9/18,,,,,,228-244,Machine Learning,Cited by 3,Ahmad FAOUR,,,Dhps: Dependency hearst’s patterns for hypernym relation extraction,,,,https://scholar.google.com/citations?view_op=view_citation&hl=en&user=38ZvNd8AAAAJ&citation_for_view=38ZvNd8AAAAJ:ufrVoPGSRksC,,Springer International Publishing,"Ahmad Issa Alaa Aldine, Mounira Harzallah, Giuseppe Berio, Nicolas Béchet, Ahmad Faour","Hearst’s patterns are lexico-syntactic patterns that have been extensively used to extract hypernym relations from texts. They are defined as regular expressions based on lexical and syntactical information of each word. Here, we propose a new formulation of Hearst’s patterns using dependency parser, called Dependency Hearst’s Patterns (DHPs). They are defined as dependency patterns based on dependency relations between words. This formulation allows us to define more generic Hearst’s patterns that match better complex or ambiguous sentences. To evaluate our proposal, we have compared the performance of Dependency Hearst’s patterns to lexico-syntactic patterns: Hearst’s patterns and an extended set of Hearst’s patterns applied on two corpora: Music and English. Dependency Hearst’s patterns yield to a considerable improve in term of recall and a slight decrease in term of precision.",machine learning,0.4
,,"A 3-phase approach based on sequential mining and dependency parsing for enhancing hypernym patterns performance
AIA Aldine, M Harzallah, G Berio, N Béchet, A Faour - The Knowledge Engineering Review, 2021
Cited by 2 Related articles All 5 versions",2021/1,36.0,,,,,e13,Machine Learning,Cited by 2,Ahmad FAOUR,,,A 3-phase approach based on sequential mining and dependency parsing for enhancing hypernym patterns performance,,The Knowledge Engineering Review,,https://scholar.google.com/citations?view_op=view_citation&hl=en&user=38ZvNd8AAAAJ&citation_for_view=38ZvNd8AAAAJ:UeHWp8X0CEIC,,Cambridge University Press,"Ahmad Issa Alaa Aldine, Mounira Harzallah, Giuseppe Berio, Nicolas Béchet, Ahmad Faour","Patterns have been extensively used to extract hypernym relations from texts. The most popular patterns are Hearst’s patterns, formulated as regular expressions mainly based on lexical information. Experiences have reported good precision and low recall for such patterns. Thus, several approaches have been developed for improving recall. While these approaches perform better in terms of recall, it remains quite difficult to further increase recall without degrading precision. In this paper, we propose a novel 3-phase approach based on sequential pattern mining to improve pattern-based approaches in terms of both precision and recall by (i) using a rich pattern representation based on grammatical dependencies (ii) discovering new hypernym patterns, and (iii) extending hypernym patterns with anti-hypernym patterns to prune wrong extracted hypernym relations. The results obtained by performing experiments …",machine learning,0.4
,10th International Conference on Knowledge Engineering and Ontology Development,"Redefining Hearst Patterns by using Dependency Relations
A Issa, M Harzallah, G Berio, N Béchet, A Faour - … Conference on Knowledge Engineering and Ontology …, 2018
Cited by 2 Related articles",2018/9/18,,,,,,,Machine Learning,Cited by 2,Ahmad FAOUR,,,Redefining Hearst Patterns by using Dependency Relations,,,,https://scholar.google.com/citations?view_op=view_citation&hl=en&user=38ZvNd8AAAAJ&citation_for_view=38ZvNd8AAAAJ:u5HHmVD_uO8C,,,"Ahmad Issa, Mounira Harzallah, Giuseppe Berio, Nicolas Béchet, Ahmad Faour",UNIV-BREST UNIV-NANTES UNIV-RENNES1 CNRS INRIA INSA-RENNES INSA-ROUEN EC-NANTES IRISA LITIS UNAM LAB-STICC CENTRALESUPELEC IRISA-D6 COMUE-NORMANDIE UR1-MATH-STIC LS2N LS2N-DUKE UR1-UFR-ISTIC UNIV-RENNES UNIROUEN UNILEHAVRE INSA-GROUPE UR1-MATH-NUM NANTES-UNIVERSITE,Unclassified,0.0
,RFIA 2008,"Evolutivité d'une architecture en temps réel de filtrage d'alertes générées par les systèmes de détection d'intrusions sur les réseaux
A Faour, P Leray, B Eter - RFIA 2008, 2008
Cited by 2 Related articles All 10 versions",2008,,https://hal.science/hal-00412885v1/file/RFIA08.pdf,,,,CDROM,Machine Learning,Cited by 2,Ahmad FAOUR,,,Evolutivité d'une architecture en temps réel de filtrage d'alertes générées par les systèmes de détection d'intrusions sur les réseaux,,,,https://scholar.google.com/citations?view_op=view_citation&hl=en&user=38ZvNd8AAAAJ&citation_for_view=38ZvNd8AAAAJ:Y0pCki6q_DkC,,,"Ahmad Faour, Philippe Leray, Bassam Eter","Une des difficultés majeures que rencontrent les adminis-trateurs de sécurité en utilisant les systèmes de détection d'intrusions (NIDS) est le nombre énorme d'alertes dé-clenchées chaque jour. Ces limitations sont provoquées par l'absence d'un mécanisme qui peut prétraiter et filtrer le nombre massif d'alertes générées par les NIDS. Dans nos travaux passés, nous avons proposé une architecture pour filtrer les alertes générées par les NIDS. Cette architecture est une combinaison des méthodes de classification non-supervisée comme les cartes auto-organisatrices de Koho-nen (SOM) et de modèles graphiques probabilistes comme les réseaux bayésiens utilisés ici pour de la classification supervisée. Cependant, l'exploitation de cette architecture en temps réel va poser plusieurs défis. Il faut tout d'abord prendre en compte l'évolution de la plate-forme surveillée (intégration de nouvelles machines, équipements réseau, ...). Il faut aussi, en second lieu, pouvoir réagir à l'appa-rition de nouvelles attaques mais aussi à l'évolution des comportements-types des utilisateurs. Pour résoudre ces problèmes, et plus particulièrement le dernier, nous utili-sons le concept de rejet en distance et quelques tests d'hy-pothèses statistiques. Puis, nous proposons quatre indica-teurs statistiques comme entrées d'une fonction de décision de ré-apprentissage de notre architecture. Pour finir, la va-lidité de tous ces indicateurs est testée par des expériences sur des journaux réels d'alertes extraits d'un NIDS sur-veillant le réseau du Rectorat de Rouen. Abstract It is a well-known problem that intrusion detection systems (NIDS) overload their human operators by …",machine learning,0.4
,,"Une architecture semi-supervisée et adaptative pour le filtrage d'alarmes dans les systèmes de détection d'intrusions sur les réseaux
A Faour - 2007
Cited by 2 Related articles All 6 versions",2007/7/19,,https://theses.hal.science/tel-00917605/file/These-Faour.pdf,,,,,Machine Learning,Cited by 2,Ahmad FAOUR,,,Une architecture semi-supervisée et adaptative pour le filtrage d'alarmes dans les systèmes de détection d'intrusions sur les réseaux,INSA de Rouen,,,https://scholar.google.com/citations?view_op=view_citation&hl=en&user=38ZvNd8AAAAJ&citation_for_view=38ZvNd8AAAAJ:zYLM7Y9cAGgC,,,Ahmad Faour,"Nous étudions les limites actuelles des systèmes de traitement des alarmes générées par les systèmes de détection d'intrusion (NIDS) dans les réseaux et proposons une nouvelle approche automatique qui améliore le mécanisme de filtrage. Nos principales contributions se résument ainsi : 1. Proposition d'une architecture de filtrage : nous avons proposé une architecture de filtrage des alarmes qui analyse les journaux d'alertes d'un NIDS et essaye de filtrer les faux positifs. 2. Etude de l'évolutivité de cette architecture : dans cette phase, nous étudions l'aspect dynamique de l'architecture proposée. L'exploitation de l'architecture en temps réel pose plusieurs défis sur l'adaptation de cette architecture par rapport aux changements qui peuvent arriver au cours du temps. Nous avons distingué trois problème à résoudre : (1) adaptation de l'architecture vis à vis de l'évolution du réseau surveillé : intégration des nouvelles machines, des nouveaux routeurs, etc., (2) adaptation de l'architecture vis à vis de l'apparition de nouveaux types d'attaques et (3) adaptation de l'architecture avec l'apparition ou le glissement des comportements types. Pour résoudre ces problèmes, nous utilisons la notion de rejet en distance proposée en reconnaissance des formes et les tests d'hypothèses statistiques . Toutes nos propositions sont implémentées et ont donné lieu à des expérimentations que nous décrivons tout au long du document. Ces expériences utilisent des alarmes générées par SNORT, un système de détection des intrusions basé-réseau qui surveille le réseau du Rectorat de Rouen et qui est déployé dans un environnement opérationnel. Ce point est …",machine learning,0.4
,"Human Interaction, Emerging Technologies and Future Applications IV: Proceedings of the 4th International Conference on Human Interaction and Emerging Technologies: Future Applications (IHIET–AI 2021), April 28-30, 2021, Strasbourg, France 4","Towards a General and Complete Social Assistive Robotic Architecture
B Hoteit, A Faour, A Abdallah, IA Awada, A Sorici… - Human Interaction, Emerging Technologies and Future …, 2021
Cited by 1 Related articles All 2 versions",2021,,,,,,59-67,Machine Learning,Cited by 1,Ahmad FAOUR,,,Towards a General and Complete Social Assistive Robotic Architecture,,,,https://scholar.google.com/citations?view_op=view_citation&hl=en&user=38ZvNd8AAAAJ&citation_for_view=38ZvNd8AAAAJ:hqOjcs7Dif8C,,Springer International Publishing,"Bilal Hoteit, Ahmad Faour, Ali Abdallah, Imad Alex Awada, Alexandru Sorici, Adina Magda Florea","Social and service robots are designed to achieve complex tasks that are increasing daily. Cloud resources enhance service robots with strong computing capabilities and higher data storage centers. One of the major drawbacks of the cloud robotics model is the network latency that edge computing addresses. Considering the capabilities that a service robot must have to achieve somehow human-like capabilities, we propose a hybrid service-oriented fog robotic architecture. The proposed architecture follows the fog robotics approach to distribute the computations through the cloud, edge, and robot in a clear way. Robotic control systems are significantly varied based on the required tasks, environment, robot specifications, user and business needs, or programming tools that were used. The paper introduces several concepts to facilitate the designing or developing process of the robotic system based on …",machine learning,0.4
,The 12th International Workshop on Semantic Evaluation (SemEval-2018),"A EXPR: A Combined Approach for Hypernym Discovery
A Issa, M Harzallah, G Berio, N Béchet, A Faour - The 12th International Workshop on Semantic …, 2018
Related articles All 2 versions",2018/6/5,,,,,,,Machine Learning,,Ahmad FAOUR,,,A EXPR: A Combined Approach for Hypernym Discovery,,,,https://scholar.google.com/citations?view_op=view_citation&hl=en&user=38ZvNd8AAAAJ&citation_for_view=38ZvNd8AAAAJ:Se3iqnhoufwC,,,"Ahmad Issa, Mounira Harzallah, Giuseppe Berio, Nicolas Béchet, Ahmad Faour",UNIV-NANTES UNIV-RENNES1 CNRS INRIA INSA-RENNES EC-NANTES IRISA UNAM CENTRALESUPELEC IRISA-D6 UR1-MATH-STIC LS2N LS2N-DUKE UR1-UFR-ISTIC UNIV-RENNES UR1-MATH-NUM NANTES-UNIVERSITE,machine learning,0.4
,,"Growing hierarchical self-organizing map for filtering intrusion detection alarms
N Mansour, A Faour, M Shehab - 2008
Related articles",2008,,,,,,,Machine Learning,,Ahmad FAOUR,,,Growing hierarchical self-organizing map for filtering intrusion detection alarms,,,,https://scholar.google.com/citations?view_op=view_citation&hl=en&user=38ZvNd8AAAAJ&citation_for_view=38ZvNd8AAAAJ:WF5omc3nYNoC,,IEEE Xplore,"Nashat Mansour, Ahmad Faour, Maya Shehab",A Network Intrusion Detection System (NIDS) monitors all network actions and generates alarms when it detects suspicious attempts. We present a data mining technique to assist network administrators to analyze and reduce false positive alarms that are produced by a NIDS. Our data mining technique is based on a Growing Hierarchical Self-Organizing Map (GHSOM) that adjusts its architecture during an unsupervised training process according to the characteristics of the input alarm data. GHSOM clusters these alarms in a way that supports network administrators in making decisions about true and false alarms. Our empirical results show that our technique is useful for real-world intrusion data.,machine learning,0.4
,,"Weblins
N Mansour, A Faour - 2006
Related articles",2006,,,,,,,Machine Learning,,Ahmad FAOUR,,,Weblins,,,,https://scholar.google.com/citations?view_op=view_citation&hl=en&user=38ZvNd8AAAAJ&citation_for_view=38ZvNd8AAAAJ:eQOLeE2rZwMC,,,"Nashat Mansour, Ahmad Faour","With the ever-growing web traffic, cluster-based web servers have become very important to the Internet infrastructure. Thus, making the best use of all available resources in the cluster to achieve high performance is a significant research issue. In this paper, we present Weblins, a cluster-based web server that can achieve good throughput. Weblins has Gobelins operating system as platform. Gobelins is an efficient single system image operating system that transparently makes use of the resources available in the cluster. The architecture of Weblins is fully distributed. Weblins implements a content-aware request distribution policy via a new interface on top of Gobelins. Popular web files are dynamically replicated on all nodes via a cooperative caching mechanism. For the non-popular files, the requests are handed-off to the corresponding nodes via the TCP Handoff protocol. Simulation results show that the strategy used by Weblins is more suitable for cluster-based Web severs in comparison with pure content-aware strategy and pure cooperative caching strategy.",machine learning,0.4
,,"Weblins: A scalable WWW cluster-based
A Faour, N Mansour - 2006
Related articles",2006,,,,,,,Machine Learning,,Ahmad FAOUR,,,Weblins: A scalable WWW cluster-based,,,,https://scholar.google.com/citations?view_op=view_citation&hl=en&user=38ZvNd8AAAAJ&cstart=20&pagesize=80&citation_for_view=38ZvNd8AAAAJ:9yKSN-GCB0IC,,,"Ahmad Faour, Nashat Mansour",,machine learning,0.4
,,"Bayesian Networks and Statistical Learning Applications to complex system modelling and diagnosis
P LERAY, O François, A Faour
Related articles",,,http://ofrancois.tuxfamily.org/Docs/OF2WAGM.pdf,,,,,Machine Learning,,Ahmad FAOUR,,,Bayesian Networks and Statistical Learning Applications to complex system modelling and diagnosis,,,,https://scholar.google.com/citations?view_op=view_citation&hl=en&user=38ZvNd8AAAAJ&cstart=20&pagesize=80&citation_for_view=38ZvNd8AAAAJ:_FxGoFyzp5QC,,,"Philippe LERAY, Olivier François, Ahmad Faour","Bayesian Networks and Statistical Learning Applications to complex system modelling and diagnosis Page 1 as Architecture des Systèmes d’Information Bayesian Networks and Statistical Learning Applications to complex system modelling and diagnosis Philippe LERAY, Olivier François, Ahmad Faour contact: Philippe.Leray@insa-rouen.fr PSI (Perception, Systems and Information) Laboratory – FRE CNRS 2645 Bayesian Networks and Statistical Learning Applications to complex system modelling and diagnosis – p. 1/12 Page 2 as Architecture des Systèmes d’Information Structural learning – complete data The DAG space has a super-exponential size → heuristics ! Constraint based methods (IC, PC, BN-PC. . .) Score based methods complete search in Tree space (MWST) greedy search in DAG space, with node ordering (K2) or without (GS) greedy search and Markov equivalence (GES) Conferences : François …",machine learning,0.405
