Book,Conference,Scholar articles,Publication date,Volume,PDF Link,Patent office,Report number,Source,Pages,Research Interests,Total citations,Researcher Name,Inventors,Patent number,Title,Institution,Journal,Application number,Scholar Link,Issue,Publisher,Authors,Description,Classified_Topic,Classification_Confidence
,,"Global Governance V/S COVID-19: A Human Security Approach
A Akl - Open Political Science, 2021
Cited by 3 Related articles All 4 versions",2021/1/1,4,https://www.degruyter.com/document/doi/10.1515/openps-2021-0020/pdf,,,,219-227,"Political science, Global Governance, Security, Policies, International relations",Cited by 3,Alain Akl,,,Global Governance V/S COVID-19: A Human Security Approach,,Open Political Science,,https://scholar.google.com/citations?view_op=view_citation&hl=en&user=VdJ7v1UAAAAJ&citation_for_view=VdJ7v1UAAAAJ:u5HHmVD_uO8C,1,De Gruyter Open Access,Alain Akl,"After the Cold War, global governance emerged as an umbrella to address transnational challenges. But this concept is still somewhat ambiguous, and so is the contemporary world order, where a significant power shift has occurred from the nation-State to the “new actors.” On the other hand, it is now over a year since a global threat emerged, affecting millions of people. The COVID-19 challenge revealed several flaws in the contemporary world order, the United Nations system, and the international organizations’ role. It is therefore imperative that we ask ourselves about the nation-State’s ability to face the COVID-19 challenge on its own, as an introduction to raise the topic of facing the future transnational challenges. In this setting, the objective of this study is to shed the light on the aforementioned flaws, the contemporary challenges, and the way we tackle new threats as human beings. This study was …",global governance,0.608
,,,2024/10/24,4,,,,,845-849,"Political science, Global Governance, Security, Policies, International relations",,Alain Akl,,,The Two Closing Windows of Opportunity: The Pivotal Debate and the Road to War,,Global Journal of Arts Humanity and Social Sciences,,https://scholar.google.com/citations?view_op=view_citation&hl=en&user=VdJ7v1UAAAAJ&citation_for_view=VdJ7v1UAAAAJ:u-x6o8ySG0sC,10,GSAR Publishers,Alain Akl,,global governance,0.2
