Book,Conference,Scholar articles,Publication date,Volume,PDF Link,Patent office,Report number,Source,Pages,Research Interests,Total citations,Researcher Name,Inventors,Patent number,Title,Institution,Journal,Application number,Scholar Link,Issue,Publisher,Authors,Description,Classified_Topic,Classification_Confidence
,,"On the stability of the Higher Manganese Silicides
A Allam, CA Nunes, J Zalesak, MC Record - Journal of alloys and compounds, 2012
Cited by 34 Related articles All 11 versions",2012/1/25,512.0,https://www.academia.edu/download/46915393/On_the_stability_of_the_Higher_Manganese20160630-23520-1wtx1zh.pdf,,,,278-281,"Physical Chemistry, Electrochemistry, Thermoelectric materials, DFT",Cited by 34,Ali Allam,,,On the stability of the Higher Manganese Silicides,,Journal of Alloys and Compounds,,https://scholar.google.com/citations?view_op=view_citation&hl=en&user=mXgHHK8AAAAJ&citation_for_view=mXgHHK8AAAAJ:u5HHmVD_uO8C,1.0,Elsevier,"Ali Allam, Carlos Angelo Nunes, Jakub Zalesak, Marie-Christine Record","We investigated in this work the stability of the Higher Manganese Silicides (HMS). Several alloys in the composition range 62–66at.% Si were prepared from their constitutive elements by arc-melting. The prepared alloys were then analysed by in situ X-ray diffraction measurements and Electron Probe Micro-Analyser (EPMA). The whole results allow us to suggest that whatever the composition is, only Mn27Si47 is stable for the temperatures 500°C and 800°C. At higher temperatures, the studied samples undergo two phase transformations which consecutively lead to the formation of Mn15Si26 and Mn11Si19. Mn4Si7 was never evidenced in the present work. It is shown for the first time in this work that Mn27Si47 is the only HMS stable phase at room temperature.",physical chemistry,0.4
,,"Phase transformations in higher manganese silicides
A Allam, P Boulet, CA Nunes, J Sopousek, P Broz… - Journal of alloys and compounds, 2013
Cited by 30 Related articles All 10 versions",2013/2/25,551.0,https://www.osti.gov/etdeweb/biblio/22154826,,,,30-36,"Physical Chemistry, Electrochemistry, Thermoelectric materials, DFT",Cited by 30,Ali Allam,,,Phase transformations in higher manganese silicides,,Journal of Alloys and Compounds,,https://scholar.google.com/citations?view_op=view_citation&hl=en&user=mXgHHK8AAAAJ&citation_for_view=mXgHHK8AAAAJ:u-x6o8ySG0sC,,Elsevier,"A Allam, P Boulet, CA Nunes, J Sopousek, P Broz, M-C Record","This work is an investigation of the phase transformations of the Higher Manganese Silicides in the temperature range [100–1200°C]. Several complementary experimental techniques were used, namely in situ X-ray Diffraction (XRD), Differential Thermal Analysis (DTA) and Differential Scanning Calorimetry (DSC). The evolution of both the lattice parameters and the thermal expansion coefficients was determined from in situ XRD measurements. The stability of the samples was investigated by thermal analysis (DTA) and Cp measurements (DSC). This study shows that Mn27Si47 which is the stable phase at room temperature and under atmospheric pressure undergoes a phase transformation at around 800°C. Mn27Si47 is transformed into Mn15Si26. This phase transformation seems to be of a second order one. Indeed it was not evidenced by DTA and by contrast it appears on the Cp curve.",physical chemistry,0.4
,,"DFT calculations of electronic and transport properties of substituted Mn4Si7
A Allam, P Boulet, MC Record - Journal of alloys and compounds, 2014
Cited by 15 Related articles All 10 versions",2014/1/25,584.0,https://www.osti.gov/etdeweb/biblio/22226208,,,,279-288,"Physical Chemistry, Electrochemistry, Thermoelectric materials, DFT",Cited by 15,Ali Allam,,,DFT calculations of electronic and transport properties of substituted Mn4Si7,,Journal of Alloys and Compounds,,https://scholar.google.com/citations?view_op=view_citation&hl=en&user=mXgHHK8AAAAJ&citation_for_view=mXgHHK8AAAAJ:d1gkVwhDpl0C,,Elsevier,"A Allam, P Boulet, M-C Record","The electronic and transport properties of substituted Mn4Si7 have been evaluated by DFT calculations. Co, Mo, Ru, Rh, Cd, Ir, and Sb, Te, Pb, Bi have been used as substituents for Mn and Si, respectively. The effect of substitutions on the density of states has been evidenced. The temperature dependence of the Seebeck coefficient, electrical conductivity and power factor has been determined at different charge carrier concentrations.
We show that the substitution of Pb for Si leads to a high value of the Seebeck coefficient. However the electrical conductivity is low for this material which makes it uninteresting for thermoelectric applications. By contrast, when introducing Bi, Sb, Te, Ru or Ir into pure Mn4Si7, a ZT value as high as eight times that of pure Mn4Si7 can be obtained.",thermoelectric materials,0.405
,,"Substitutional atom influence on the electronic and transport properties of Mn 4 Si 7
A Allam, P Boulet, MC Record - Journal of electronic materials, 2014
Cited by 12 Related articles All 9 versions",2014/3/1,43.0,,,,,761,"Physical Chemistry, Electrochemistry, Thermoelectric materials, DFT",Cited by 12,Ali Allam,,,Substitutional Atom Influence on the Electronic and Transport Properties of Mn^ sub 4^ Si^ sub 7^,,Journal of electronic materials,,https://scholar.google.com/citations?view_op=view_citation&hl=en&user=mXgHHK8AAAAJ&citation_for_view=mXgHHK8AAAAJ:2osOgNQ5qMEC,3.0,Springer Science & Business Media,"Ali Allam, Pascal Boulet, Marie-Christine Record","Mn4Si7 has been substituted with the following elements: Cu, Fe, Re and Cr on the Mn site, and Al, B, Ge, Sn, Ga, In, Na and Tl on the Si site. The Seebeck coefficient, electrical conductivity and power factor of the substitutional alloys have been evaluated by using density functional theory calculations, and the temperature dependence of the electronic transport properties has been investigated at different charge carrier concentrations by solving the semi-classical Boltzmann transport equation. We show that the substitution of Cu for Mn worsens the thermoelectric properties, while that with Fe appears the␣most efficient for increasing the power factor. For In and Tl substitutions, the Seebeck coefficient is increased due to the high d-states contribution in the density of states at the Fermi level. Although the power factor is limited by a poor electrical conductivity, Mn32Si55Tl could exhibit a good figure of merit …",thermoelectric materials,0.404
,,"Linear thermal expansion coefficients of higher manganese silicide compounds
A Allam, P Boulet, MC Record - Physics Procedia, 2014
Cited by 10 Related articles All 9 versions",2014/1/1,55.0,https://www.sciencedirect.com/science/article/pii/S1875389214000662/pdf?md5=660431ab3b7d967a140297a183da17a8&pid=1-s2.0-S1875389214000662-main.pdf&_valck=1,,,,24-29,"Physical Chemistry, Electrochemistry, Thermoelectric materials, DFT",Cited by 10,Ali Allam,,,Linear thermal expansion coefficients of higher manganese silicide compounds,,Physics Procedia,,https://scholar.google.com/citations?view_op=view_citation&hl=en&user=mXgHHK8AAAAJ&citation_for_view=mXgHHK8AAAAJ:9yKSN-GCB0IC,,Elsevier,"Ali Allam, Pascal Boulet, Marie-Christine Record","The linear thermal expansion coefficients αL of the higher manganese silicide compounds are calculated using a combined approach involving Density-Functional Theory calculations, an empirical relation and experimental data. Since it has been reported that the linear thermal expansion coefficient and the cohesive energy are inversely proportional to each other, we calculated by DFT methods the cohesive energies of a set of selected disilicide compounds and using the corresponding experimental data for αL we determined the coefficient of proportionality. From the empirical relation so obtained, the linear thermal expansion coefficients of the HMS in the ‘a’ and ‘c’ directions were calculated.",physical chemistry,0.4
,,"Phase formation in Mn–Si thin films during rapid thermal annealing
A Allam, P Boulet, MC Record - Intermetallics, 2013
Cited by 7 Related articles All 3 versions",2013/6/30,37.0,,,,,69-75,"Physical Chemistry, Electrochemistry, Thermoelectric materials, DFT",Cited by 7,Ali Allam,,,Phase formation in Mn–Si thin films during rapid thermal annealing,,Intermetallics,,https://scholar.google.com/citations?view_op=view_citation&hl=en&user=mXgHHK8AAAAJ&citation_for_view=mXgHHK8AAAAJ:qjMakFHDy7sC,,Elsevier,"A Allam, P Boulet, M-C Record","In this work, we investigated the phase formation in Mn–Si thin films during rapid thermal annealing. Manganese layers with different thicknesses (50, 75, and 100 nm) were deposited onto Si (100) and Si (111) substrates using a magnetron RF-sputtering. To study the phase formation, the samples were submitted to rapid thermal annealing under vacuum for 1 s at different temperatures, ranging from 350 °C to 800 °C. Two heating rates (10 °C/s and 75 °C/s) were used in these treatments. From this study we can suggest the following sequence of phase formation: Mn5Si3, MnSi and Mn4Si7. The corresponding temperatures of formation mainly depend on the heating rate. The electronic transport properties of the Mn4Si7 thin films were determined using the Hall method and compared to those previously reported in literature.",physical chemistry,0.4
,,"Investigation of New Routes for the Synthesis of Mn 4 Si 7
A Allam, P Boulet, CA Nunes, MC Record - Metallurgical and Materials Transactions A, 2013
Cited by 5 Related articles All 10 versions",2013/4/1,44.0,https://www.researchgate.net/profile/Carlos-Nunes-14/publication/257707820_Investigation_of_New_Routes_for_the_Synthesis_of_Mn4Si7/links/0f31753b033d9e50b7000000/Investigation-of-New-Routes-for-the-Synthesis-of-Mn4Si7.pdf,,,,1645-1650,"Physical Chemistry, Electrochemistry, Thermoelectric materials, DFT",Cited by 5,Ali Allam,,,Investigation of New Routes for the Synthesis of Mn4Si7,,Metallurgical and Materials Transactions A,,https://scholar.google.com/citations?view_op=view_citation&hl=en&user=mXgHHK8AAAAJ&citation_for_view=mXgHHK8AAAAJ:UeHWp8X0CEIC,4.0,Springer US,"Ali Allam, Pascal Boulet, Carlos A Nunes, Marie-Christine Record","In this work, we investigated two different ways to synthesize the higher manganese silicide (HMS) Mn4Si7. In the first approach, a bulk material was subjected to a heating treatment at 773 K (500 °C) under high pressure (5 GPa) in a multianvil system, whereas in the second one, thin manganese layers deposited onto silicon substrate (Mn/Si) underwent a rapid thermal annealing at different temperatures under vacuum. The guiding principle of these investigations was to study HMS materials in a constrained environment. The atomic composition of the bulk system we studied was Mn35Si65. At room temperature and atmospheric pressure, the sample was made of two phases, namely Mn27Si47 and pure silicon, the latter one being in small quantity. X-ray diffraction measurements performed on this sample after high-temperature—high-pressure treatment evidenced a complete transformation of Mn27Si47 …",thermoelectric materials,0.404
,,"Stability of manganese silicides of the HMS type. Alloying effect on their electronic properties
A Allam - 2013
Related articles",2013/11/6,,,,,,,"Physical Chemistry, Electrochemistry, Thermoelectric materials, DFT",,Ali Allam,,,Stability of manganese silicides of the HMS type. Alloying effect on their electronic properties,Aix-Marseille,,,https://scholar.google.com/citations?view_op=view_citation&hl=en&user=mXgHHK8AAAAJ&citation_for_view=mXgHHK8AAAAJ:IjCSPb-OGe4C,,,Ali Allam,"Les matériaux thermoélectriques en tant que générateurs d’électricité peuvent être utilisés dans de nombreux domaines tels que la conversion de la chaleur perdue des automobiles et des industries, le couplage avec le photovoltaïque, ou la génération de puissance par radioisotopes pour l’exploration spatiale. A ce jour, la plupart des éléments constitutifs des matériaux thermoélectriques proviennent de ressources rares et sont toxiques ce qui peut induire une pollution environnementale. Les siliciures ont montré qu’ils possèdent de bonnes performances thermoélectriques à haute température et n’ont pas les défauts sus mentionnés. Parmi les siliciures, les siliciures de manganèse riches en silicium MnSix, x variant de 1,71 à 1,75, sont particulièrement intéressants pour leurs propriétés thermoélectriques. Ces composés existent sous plusieurs formes tétragonales correspondant à Mn4Si7, Mn11Si19, Mn15Si26 et Mn27Si47. Dans cette thèse nous examinons d’un point de vue expérimental la stabilité de ces phases. L’étude a été réalisée pour des composés massifs et en films minces. La forme Mn4Si7 est celle qui semble être la plus intéressante pour les applications thermoélectriques, nous avons donc exploré différentes voies de synthèse pour ce composé. Des calculs théoriques utilisant la théorie de la fonctionnelle de la densité couplée à la théorie du transport de Boltzmann ont enfin permis de prédire les propriétés thermoélectriques de la forme Mn4Si7 substituée. La finalité de ces calculs est de trouver des substitutions d’atomes conduisant à une amélioration de l’efficacité thermoélectrique de ce composé.",physical chemistry,0.4
