Book,Conference,Scholar articles,Publication date,Volume,PDF Link,Patent office,Report number,Source,Pages,Research Interests,Total citations,Researcher Name,Inventors,Patent number,Title,Institution,Journal,Application number,Scholar Link,Issue,Publisher,Authors,Description,Classified_Topic,Classification_Confidence
,,"LXR agonists and ABCG1-dependent cholesterol efflux in MCF-7 breast cancer cells: relation to proliferation and apoptosis
A El Roz, JM Bard, JM Huvelin, H Nazih - Anticancer research, 2012
Cited by 115 Related articles All 11 versions",2012/7/1,32.0,https://ar.iiarjournals.org/content/anticanres/32/7/3007.full.pdf,,,,3007-3013,"Immunology, Infectious Diseases, Epidemiology",Cited by 115,Ali El Roz,,,LXR agonists and ABCG1-dependent cholesterol efflux in MCF-7 breast cancer cells: relation to proliferation and apoptosis,,Anticancer research,,https://scholar.google.com/citations?view_op=view_citation&hl=en&user=4j83VDwAAAAJ&citation_for_view=4j83VDwAAAAJ:9yKSN-GCB0IC,7.0,International Institute of Anticancer Research,"Ali El Roz, Jean-Marie Bard, Jean-Michel Huvelin, Hassan Nazih","Background
Liver X receptor (LXR) plays a key role in reverse cholesterol transport by inducing the expression of the ATP-binding cassette (ABC) transporters, implicated in cholesterol efflux. Recent data showed that LXR agonists inhibit the proliferation of multiple types of human cancer cells. However, whether these effects are related to cholesterol efflux has not yet been elucidated.
Materials and Methods
Effects of two LXR agonists (TO901317 and 22(R)-hydroxycholesterol [22(R)-HC]) on proliferation, apoptosis and cholesterol efflux were examined in MCF-7 breast cancer cells.
Results
Treatment with LXR agonists (TO901317 at 20 μM and 22(R)-HC at 2 μg/ml) inhibited proliferation and induced apoptosis of MCF-7 cells. Furthermore, LXR activation resulted in an increase in gene and protein levels of ABCG1 transporters and in cholesterol efflux to isolated high-density lipoprotein (HDL), without affecting the …",immunology,0.4
,,"Emergence of vulvovaginal candidiasis among Lebanese pregnant women: prevalence, risk factors, and species distribution
N Ghaddar, A El Roz, G Ghssein, JN Ibrahim - Infectious diseases in obstetrics and gynecology, 2019
Cited by 69 Related articles All 11 versions",2019,2019.0,https://onlinelibrary.wiley.com/doi/pdf/10.1155/2019/5016810,,,,5016810,"Immunology, Infectious Diseases, Epidemiology",Cited by 69,Ali El Roz,,,"Emergence of vulvovaginal candidiasis among Lebanese pregnant women: prevalence, risk factors, and species distribution",,Infectious diseases in obstetrics and gynecology,,https://scholar.google.com/citations?view_op=view_citation&hl=en&user=4j83VDwAAAAJ&citation_for_view=4j83VDwAAAAJ:Y0pCki6q_DkC,1.0,Hindawi,"Nahed Ghaddar, Ali El Roz, Ghassan Ghssein, José-Noel Ibrahim","Objective. Candida species colonize the vagina in at least 20% of women, with rates rising to 30% during pregnancy. This study aimed at determining the prevalence and risk factors of vulvovaginal candidiasis (VVC) in pregnant women at 35‐37 weeks of gestation. It also aims at finding possible correlations between VVC and vaginal colonization by other agents, such as Group B Streptococcus (GBS) and bacterial vaginosis. Methodology. Over a one‐year period, high vaginal swabs were collected from pregnant women during their regular antenatal checkup in different polyclinics in Beirut and South Lebanon. Swabs were examined microscopically, cultured on Sabouraud Dextrose Agar, and Candida isolates were identified using Chromatic Candida medium and Germ Tube Test. Results. VVC was detected in 44.8% of samples, with C. glabrata (44.4%) and C. albicans (43.4%) being the most isolated species …",infectious diseases,0.4
,,"The anti-proliferative and pro-apoptotic effects of the trans9, trans11 conjugated linoleic acid isomer on MCF-7 breast cancer cells are associated with LXR activation
A El Roz, JM Bard, JM Huvelin, H Nazih - Prostaglandins, Leukotrienes and Essential Fatty Acids, 2013
Cited by 59 Related articles All 6 versions",2013/4/1,88.0,,,,,265-272,"Immunology, Infectious Diseases, Epidemiology",Cited by 59,Ali El Roz,,,"The anti-proliferative and pro-apoptotic effects of the trans9, trans11 conjugated linoleic acid isomer on MCF-7 breast cancer cells are associated with LXR activation",,"Prostaglandins, Leukotrienes and Essential Fatty Acids",,https://scholar.google.com/citations?view_op=view_citation&hl=en&user=4j83VDwAAAAJ&citation_for_view=4j83VDwAAAAJ:u-x6o8ySG0sC,4.0,Churchill Livingstone,"A El Roz, JM Bard, JM Huvelin, H Nazih","Conjugated linoleic acids (CLA), naturally found in dairy products and ruminant meat, are positional and geometric isomers (trans: t or cis: c) of linoleic acid, and have been widely reported to possess anti-tumoral activity against breast cancer both in vitro and in vivo. CLA isomer t9,t11 was recently proposed as an agonist of the transcriptional factor LXR, which is known for inducing genes implicated in cholesterol efflux. In this study, the growth inhibitory effect of three CLA isomers (c9,t11-CLA, t9,t11-CLA and t10,c12-CLA) was investigated on MCF-7 breast cancer cells, as well as their effect on LXR target genes. Our results revealed that t9,t11-CLA was the most efficient isomer by decreasing MCF-7 proliferation, inhibiting migration, and inducing apoptosis after 24h of treatment. t9,t11-CLA treatment led to an increase in the mRNA levels of LXR target genes involved in cholesterol efflux (ABCG1 and ARL7), as well …",infectious diseases,0.4
,,"Antimicrobial susceptibilities and laboratory profiles of Escherichia coli, Klebsiella pneumoniae, and Proteus mirabilis isolates as agents of urinary tract infection in Lebanon: paving the way for better diagnostics
ES Sokhn, A Salami, A El Roz, L Salloum, HF Bahmad… - Medical Sciences, 2020
Cited by 55 Related articles All 11 versions",2020/8/13,8.0,https://www.mdpi.com/2076-3271/8/3/32,,,,32,"Immunology, Infectious Diseases, Epidemiology",Cited by 55,Ali El Roz,,,"Antimicrobial Susceptibilities and Laboratory Profiles of Escherichia coli, Klebsiella pneumoniae, and Proteus mirabilis Isolates as Agents of Urinary Tract …",,Medical Sciences,,https://scholar.google.com/citations?view_op=view_citation&hl=en&user=4j83VDwAAAAJ&citation_for_view=4j83VDwAAAAJ:IjCSPb-OGe4C,3.0,MDPI,"Elie S Sokhn, Ali Salami, Ali El Roz, Lamis Salloum, Hisham F Bahmad, Ghassan Ghssein","Background
Urinary tract infections (UTIs) are major healthcare problems that are usually treated empirically. However, antimicrobial resistance has been increasing across many settings. This study aims to elucidate the antibiotic resistance profiles of three common uropathogens, Escherichia coli (E. coli), Klebsiella pneumoniae (K. pneumoniae), and Proteus mirabilis (P. mirabilis) and compare between extended spectrum beta-lactamase (ESBL) and non-ESBL strains among Lebanese patients.
Methods
This retrospective study was conducted at multiple tertiary healthcare centers in South Lebanon, between January and September 2017, including 551 patients of all age groups. Demographic, clinical, and laboratory data of patients were collected and analyzed statistically.
Results
The prevalence of UTI in Lebanon was highest in adults between 19 and 64 years (44%). E. coli was the predominant uropathogenic organism (67.1%) followed by K. pneumoniae (10%) and P. mirabilis (3.7%). ESBL represented 32.9% of the UTI agents. The three common uropathogens studied were found to be most susceptible to imipenem (100%) and meropenem (100%). Interestingly, 115 (25.1%) out of the 458 E. coli isolates were resistant to more than eight antibiotics while 107 (23.4%) were susceptible to all antibiotics studied.
Conclusions
Our study underlined the importance of adequate antimicrobial prescription for UTIs in Lebanon to avoid multidrug resistance.",infectious diseases,0.4
,,"Prevalence, antimicrobial resistance and risk factors for campylobacteriosis in Lebanon
JN Ibrahim, E Eghnatios, A El Roz, T Fardoun… - The Journal of Infection in Developing Countries, 2019
Cited by 50 Related articles All 14 versions",2019/1/31,13.0,https://jidc.org/index.php/journal/article/download/32032018/1994,,,,11-20,"Immunology, Infectious Diseases, Epidemiology",Cited by 50,Ali El Roz,,,"Prevalence, antimicrobial resistance and risk factors for campylobacteriosis in Lebanon",,The Journal of Infection in Developing Countries,,https://scholar.google.com/citations?view_op=view_citation&hl=en&user=4j83VDwAAAAJ&citation_for_view=4j83VDwAAAAJ:u5HHmVD_uO8C,1.0,,"Jose Noel Ibrahim, Elias Eghnatios, Ali El Roz, Taher Fardoun, Ghassan Ghssein","Introduction: The rapid increase in Campylobacter strains resistant to antibiotics represents a major problem for public health. In Lebanon, campylobacteriosis is underdiagnosed since bacteria detection in stool samples is not performed routinely. This study aims to evaluate the prevalence, sources and routes of transmission, risk factors and antimicrobial susceptibility patterns of Campylobacter spp. in Lebanon.
Methodology: Stool samples collected from 1000 Lebanese patients with diarrhea, and 150 meat samples taken from supermarkets and slaughterhouses were subjected to Campylobacter detection. Colonies were identified by Gram staining, oxidase and catalase activities. They were then differentiated at the species level by hippurate test and PCR. Susceptibility of Campylobacter spp. to antibiotics was studied by the disc diffusion standard method.
Results: Campylobacter spp. were detected in 21.5% of stool samples; the main isolated species being C. jejuni (83.2%) and C. coli (13.9%). The highest Campylobacter infection rates were detected among children (41.8%) and during summer (31.6%). Consumption of contaminated meat and salads, and contact with animals represented the major risk factors for campylobacteriosis, with poultry carcasses and bovine cuts identified as the main bacteria reservoirs. Neither demographic determinants nor season had a major effect on the prevalence of campylobacteriosis. Erythromycin was the most active agent against Campylobacter spp. A multi-resistance rate was observed in 35.9% of isolates.
Conclusions: Campylobacteriosis is a major public health concern in Lebanon. Bacteria detection in …",infectious diseases,0.4
,,"The emergence of SARS-CoV-2 variant (s) and its impact on the prevalence of COVID-19 cases in the Nabatieh Region, Lebanon
FY Noureddine, M Chakkour, A El Roz, J Reda… - Medical sciences, 2021
Cited by 46 Related articles All 12 versions",2021/6/2,9.0,https://www.mdpi.com/2076-3271/9/2/40,,,,40,"Immunology, Infectious Diseases, Epidemiology",Cited by 46,Ali El Roz,,,"The emergence of SARS-CoV-2 variant (s) and its impact on the prevalence of COVID-19 cases in the Nabatieh Region, Lebanon",,Medical sciences,,https://scholar.google.com/citations?view_op=view_citation&hl=en&user=4j83VDwAAAAJ&citation_for_view=4j83VDwAAAAJ:d1gkVwhDpl0C,2.0,MDPI,"Fatima Y Noureddine, Mohamed Chakkour, Ali El Roz, Jana Reda, Reem Al Sahily, Ali Assi, Mohamed Joma, Hassan Salami, Sadek J Hashem, Batoul Harb, Ali Salami, Ghassan Ghssein","Background: An outbreak of an unknown respiratory illness caused by a novel coronavirus, SARS-CoV-2, emerged in the city of Wuhan in Hubei Province, China, in December 2019 and was referred to as coronavirus disease-2019 (COVID-19). Soon after, it was declared as a global pandemic by the World Health Organization (WHO) in March 2020. SARS-CoV-2 mainly infects the respiratory tract with different outcomes ranging from asymptomatic infection to severe critical illness leading to death. Different SARS-CoV-2 variants are emerging of which three have raised concerns worldwide due to their high transmissibility among populations. Objective: To study the prevalence of COVID-19 in the region of Nabatieh-South Lebanon during the past year and assess the presence of SARS-CoV-2 variants and their effect on the spread of infection during times of lockdown. Methods: In our study, 37,474 nasopharyngeal swab samples were collected and analyzed for the detection of SARS-CoV-2 virus in suspected patients attending a tertiary health care center in South Lebanon during the period between 16 March 2020 and 21 February 2021. Results: The results demonstrated a variation in the prevalence rates ranging from less than 1% during full lockdown of the country to 8.4% upon easing lockdown restrictions and reaching 27.5% after the holidays and 2021 New Year celebrations. Interestingly, a new variant(s) appeared starting January 2021 with a significant positive association between the prevalence of positive tests and the percentage of the variant(s). Conclusions: Our results indicate that the lockdown implemented by the Lebanese …",infectious diseases,0.4
,,"Prevalence, risk factors, and clinical characteristics of rotavirus and adenovirus among Lebanese hospitalized children with acute gastroenteritis
R Zaraket, A Salami, M Bahmad, A El Roz, B Khalaf… - Heliyon, 2020
Cited by 42 Related articles All 13 versions",2020/6/1,6.0,https://www.cell.com/heliyon/fulltext/S2405-8440(20)31092-6,,,,,"Immunology, Infectious Diseases, Epidemiology",Cited by 42,Ali El Roz,,,"Prevalence, risk factors, and clinical characteristics of rotavirus and adenovirus among Lebanese hospitalized children with acute gastroenteritis",,Heliyon,,https://scholar.google.com/citations?view_op=view_citation&hl=en&user=4j83VDwAAAAJ&citation_for_view=4j83VDwAAAAJ:qjMakFHDy7sC,6.0,Elsevier,"Rasha Zaraket, Ali Salami, Marwan Bahmad, Ali El Roz, Batoul Khalaf, Ghassan Ghssein, Hisham F Bahmad","Background
Acute gastroenteritis is a very common infectious disease facing all age groups worldwide, especially the pediatric population. Viruses, bacteria, and parasites are all possible causes of infectious gastroenteritis; however, viruses have become more frequently identified with the advances in the ability to diagnose viral infections, particularly rotavirus and adenovirus. We aimed in our study to compare between the prevalence, risk factors, and clinical characteristics of rotavirus and adenovirus among children with viral gastroenteritis in Lebanon.
Materials and methods
A 12-months retrospective study was performed between January 1st and December 31st, 2018 including 308 children aged 1 month to 12 years, who were admitted to three tertiary healthcare centers in South Lebanon. Medical data were retrieved from patients' files, including clinical and laboratory information.
Results
Rotavirus was found in …",infectious diseases,0.404
,,"Macrophage apolipoprotein E and proliferation of MCF-7 breast cancer cells: role of LXR
A El Roz, JM Bard, S Valin, JM Huvelin, H Nazih - Anticancer research, 2013
Cited by 36 Related articles All 5 versions",2013/9/1,33.0,https://ar.iiarjournals.org/content/anticanres/33/9/3783.full.pdf,,,,3783-3789,"Immunology, Infectious Diseases, Epidemiology",Cited by 36,Ali El Roz,,,Macrophage apolipoprotein E and proliferation of MCF-7 breast cancer cells: role of LXR,,Anticancer research,,https://scholar.google.com/citations?view_op=view_citation&hl=en&user=4j83VDwAAAAJ&citation_for_view=4j83VDwAAAAJ:2osOgNQ5qMEC,9.0,International Institute of Anticancer Research,"Ali El Roz, Jean-Marie Bard, Sabine Valin, Jean-Michel Huvelin, Hassan Nazih","Background
Apolipoprotein E (APOE), a lipid transport protein that has a key role in the lipoprotein metabolism, is expressed by macrophages under the control of the transcription factor Liver X Receptor (LXR), an oxysterol-activated transcriptional factor involved in cholesterol metabolism. Recent work has shown that LXR agonists may inhibit breast cancer cell proliferation in vitro. We hypothesized that LXR-activated macrophages, and in particular secreted macrophagic APOE, may potentiate the effect of LXR agonists. Our goal was to evaluate the effect of APOE, secreted by THP-1 macrophages under the control of LXR, on MCF-7 cell proliferation, a model of breast cancer.
Materials and Methods
MCF-7 cells were incubated with supernatants from THP-1 cells previously treated with LXR agonists [T0901317 or 22(R)-hydroxycholestrol], or supernatants from THP-1 cells transfected with siRNA against APOE …",infectious diseases,0.4
,,"Spectrum of MEFV variants and genotypes among clinically diagnosed FMF patients from Southern Lebanon
A El Roz, G Ghssein, B Khalaf, T Fardoun, JN Ibrahim - Medical Sciences, 2020
Cited by 26 Related articles All 11 versions",2020/8/17,8.0,https://www.mdpi.com/2076-3271/8/3/35,,,,35,"Immunology, Infectious Diseases, Epidemiology",Cited by 26,Ali El Roz,,,Spectrum of MEFV Variants and Genotypes among Clinically Diagnosed FMF Patients from Southern Lebanon,,Medical Sciences,,https://scholar.google.com/citations?view_op=view_citation&hl=en&user=4j83VDwAAAAJ&citation_for_view=4j83VDwAAAAJ:W7OEmFMy1HYC,3.0,MDPI,"Ali El Roz, Ghassan Ghssein, Batoul Khalaf, Taher Fardoun, José-Noel Ibrahim","Background
Familial Mediterranean Fever (FMF) is an autosomal recessive auto-inflammatory disease characterized by pathogenic variants in the MEFV gene, with allele frequencies greatly varying between countries, populations and ethnic groups.
Materials and methods
In order to analyze the spectrum of MEFV variants and genotypes among clinically diagnosed FMF patients from South Lebanon, data were collected from 332 participants and 23 MEFV variants were screened using a Real-Time PCR Kit.
Results
The mean age at symptom onset was 17.31 ± 13.82 years. The most prevalent symptoms were abdominal pain, fever and myalgia. MEFV molecular analysis showed that 111 patients (63.79%) were heterozygous, 16 (9.20%) were homozygous, and 47 (27.01%) carried two variants or more. E148Q was the most encountered variant among heterozygous subjects. E148Q/M694V was the most frequent in the compound heterozygous/complex genotype group, while M694I was the most common among homozygous patients. Regarding allele frequencies, M694V was the most common variant (20.7%), followed by E148Q (17.1%), V726A (15.7%) and M694I (13.2%).
Conclusion
The high percentage of heterozygous patients clinically diagnosed as FMF highlights the pseudo-dominant transmission of the disease in Lebanon and emphasizes the importance of molecular testing for a more accurate diagnosis and better management and treatment of FMF.",infectious diseases,0.4
,,"Overview of Proteus mirabilis pathogenicity and virulence. Insights into the role of metals
M Chakkour, Z Hammoud, S Farhat, A El Roz… - Frontiers in Microbiology, 2024
Cited by 20 Related articles All 8 versions",2024/4/5,15.0,https://www.frontiersin.org/journals/microbiology/articles/10.3389/fmicb.2024.1383618/pdf,,,Frontiers in Microbiology,1383618,"Immunology, Infectious Diseases, Epidemiology",Cited by 20,Ali El Roz,,,Overview of Proteus mirabilis pathogenicity and virulence. Insights into the role of metals,,,,https://scholar.google.com/citations?view_op=view_citation&hl=en&user=4j83VDwAAAAJ&citation_for_view=4j83VDwAAAAJ:UebtZRa9Y70C,,Frontiers Media SA,"Mohamed Chakkour, Zeinab Hammoud, Solay Farhat, Ali El Roz, Zeinab Ezzeddine, Ghassan Ghssein","Proteus mirabilis is a Gram-negative bacterium with exclusive molecular and biological features. It is a versatile pathogen acclaimed for its distinct urease production, swarming behavior, and rapid multicellular activity. Clinically, P. mirabilis is a frequent pathogen of the human urinary system where it causes urinary tract infections (UTIs) and catheter-associated urinary tract infections (CAUTIs). This review explores the epidemiology, risk factors, clinical manifestations, and treatment of P. mirabilis infections, emphasizing its association with UTIs. The bacterium’s genome analysis revealed the presence of resistance genes against commonly used antibiotics, an antibiotic-resistant phenotype that poses a serious clinical challenge. Particularly, the emergence of extended-spectrum β-lactamases (ESBLs) and carbapenemases resistant P. mirabilis strains. On a molecular level, P. mirabilis possesses a wide array of virulence factors including the production of fimbriae, urease, hemolysins, metallophores, and biofilm formation. This review thoroughly tackles a substantial gap in understanding the role of metallophores in shaping the virulence factors of P. mirabilis virulence. Siderophores, iron metal chelating and transporting metallophores, particularly contribute to the complex pathogenic strategies, displaying a potential target for therapeutic intervention.",epidemiology,0.603
,,"Risk markers of COVID-19, a study from South-Lebanon
M Chakkour, A Salami, D Olleik, I Kamal… - Covid, 2022
Cited by 20 Related articles All 5 versions",2022/6/27,2.0,https://www.mdpi.com/2673-8112/2/7/63,,,,867-876,"Immunology, Infectious Diseases, Epidemiology",Cited by 20,Ali El Roz,,,"Risk markers of COVID-19, a study from South-Lebanon",,Covid,,https://scholar.google.com/citations?view_op=view_citation&hl=en&user=4j83VDwAAAAJ&citation_for_view=4j83VDwAAAAJ:ufrVoPGSRksC,7.0,MDPI,"Mohamed Chakkour, Ali Salami, Dana Olleik, Israa Kamal, Fatima Y Noureddine, Ali El Roz, Ghassan Ghssein","Background
COVID-19, caused by the novel coronavirus SARS-CoV-2, was declared by WHO in early 2020 as a worldwide pandemic. Several known risk markers are associated with COVID-19 morbidity and mortality, including age, gender, and diseases, such as hypertension, diabetes, and chronic cardiovascular diseases. Recent studies have shown an association between COVID-19 infection and the ABO blood groups.
Objective
To assess the prevalence of SARS-CoV-2 among suspected COVID-19 patients as well as the risk markers for COVID-19 associated with ABO blood group, Rhesus factor, and patient’s address during the past year.
Methods
69,019 nasopharyngeal swab samples were collected and analyzed by reverse transcription polymerase chain reaction technique for the detection of SARS-CoV-2 in patients attending a tertiary health care center in South Lebanon during the period between August 2020 and July 2021.
Results
Among all tested subjects, the prevalence of SARS-CoV-2 infection was 19.2% (95% CI: 18.9% to 19.5%). Among those with known blood group (N = 17,462), odds of SARS-CoV-2 were higher in group A (Odds Ratio = 1.12, 95% CI: 1.02 to 1.23) and group AB (OR = 1.19, 95% CI: 1.00 to 1.41) relative to the reference group O (OR = 1). Odds of SARS-CoV-2 in the Rh-negative group (OR = 1.02, 95% CI: 0.89 to 1.16) were not significantly different from the Rh-positive group. Among those with known address (N = 30,060), odds of SARS-CoV-2 were lower in residents of remote areas (OR = 0.89, 95% CI: 0.80 to 0.99) relative to central cities.
Conclusion
There is a modestly higher risk of SARS-CoV-2 …",infectious diseases,0.403
,,"Neuroblastoma chemotherapy can be augmented by immunotargeting O-acetyl-GD2 tumor-associated ganglioside
S Faraj, M Bahri, S Fougeray, A El Roz, J Fleurence… - Oncoimmunology, 2018
Cited by 18 Related articles All 7 versions",2018/1/2,7.0,https://www.tandfonline.com/doi/pdf/10.1080/2162402x.2017.1373232,,,,e1373232,"Immunology, Infectious Diseases, Epidemiology",Cited by 18,Ali El Roz,,,Neuroblastoma chemotherapy can be augmented by immunotargeting O-acetyl-GD2 tumor-associated ganglioside,,Oncoimmunology,,https://scholar.google.com/citations?view_op=view_citation&hl=en&user=4j83VDwAAAAJ&citation_for_view=4j83VDwAAAAJ:YsMSGLbcyi4C,1.0,Taylor & Francis,"S Faraj, M Bahri, S Fougeray, A El Roz, J Fleurence, J Véziers, MD Leclair, E Thébaud, F Paris, Stéphane Birklé","Despite recent advances in high-risk neuroblastoma therapy, the prognosis for patients remains poor. In addition, many patients suffer from complications related to available therapies that are highly detrimental to their quality of life. New treatment modalities are, thus, urgently needed to further improve the efficacy and reduce the toxicity of existing therapies. Since antibodies specific for O-acetyl GD2 ganglioside display pro-apoptotic activity against neuroblastoma cells, we hypothesized that combination of immunotherapy could enhance tumor efficacy of neuroblastoma chemotherapy.
We demonstrate here that combination of anti-O-acetyl GD2 monoclonal antibody 8B6 with topotecan synergistically inhibited neuroblastoma cell proliferation, as shown by the combination index values. Mechanistically, we evidence that mAb 8B6 induced plasma cell membrane lesions, consistent with oncosis. Neuroblastoma …",immunology,0.4
,,"Prevalence, laboratory findings and clinical characteristics of campylobacteriosis agents among hospitalized children with acute gastroenteritis in Lebanon
G Ghssein, R Awada, A Salami, HF Bahmad, A Awad… - Pediatric Gastroenterology, Hepatology & Nutrition, 2021
Cited by 16 Related articles All 22 versions",2021/7/5,24.0,https://pmc.ncbi.nlm.nih.gov/articles/PMC8279822/,,,,346,"Immunology, Infectious Diseases, Epidemiology",Cited by 16,Ali El Roz,,,"Prevalence, laboratory findings and clinical characteristics of campylobacteriosis agents among hospitalized children with acute gastroenteritis in Lebanon",,"Pediatric Gastroenterology, Hepatology & Nutrition",,https://scholar.google.com/citations?view_op=view_citation&hl=en&user=4j83VDwAAAAJ&citation_for_view=4j83VDwAAAAJ:eQOLeE2rZwMC,4.0,,"Ghassan Ghssein, Rana Awada, Ali Salami, Hisham F Bahmad, Ali Awad, Wissam H Joumaa, Ali El Roz","Purpose Campylobacter species are currently the most common cause of bacterial gastroenteritis. In Lebanon, Campylobacter infection occurrence is underdiagnosed owing to the lack of specific culture and rapid test kits, particularly among children. This study aimed to evaluate the prevalence, laboratory findings, and clinical characteristics of Campylobacter infection in hospitalized children with acute gastroenteritis in South Lebanon. Methods We conducted a 6-month retrospective cohort study between January and June 2018, including 291 children aged between 1 month and 12 years, who were admitted to a tertiary healthcare center in South Lebanon. The medical files of the patients were reviewed to retrieve the required clinical information, including clinical and laboratory data. Results The prevalence of campylobacteriosis agents in pediatric patients with acute gastroenteritis is 12.02%. Patients infected …",infectious diseases,0.4
,,"Prevalence of Campylobacter spp. in broilers in North Lebanon
R Awada, G Ghssein, A El Roz, M Farhat, N Nehme… - Veterinary World, 2023
Cited by 9 Related articles All 11 versions",2023/2/17,16.0,https://pmc.ncbi.nlm.nih.gov/articles/PMC10082710/,,,,322,"Immunology, Infectious Diseases, Epidemiology",Cited by 9,Ali El Roz,,,Prevalence of Campylobacter spp. in broilers in North Lebanon,,Veterinary World,,https://scholar.google.com/citations?view_op=view_citation&hl=en&user=4j83VDwAAAAJ&citation_for_view=4j83VDwAAAAJ:_FxGoFyzp5QC,2.0,,"Rana Awada, Ghassan Ghssein, Ali El Roz, Mona Farhat, Nada Nehme, Hussein F Hassan","Background and Aim
Great attention has been given recently to the prevalence of different Campylobacter spp. in poultry since the latter are considered the major contributing reservoir of human campylobacteriosis. In Lebanon, the occurrence of campylobacteriosis in humans is high. The aim of our first-of-its-kind study in the country was to estimate the prevalence of Campylobacter spp. in broilers from a convenient sample of farms in North Lebanon.
Materials and Methods
One hundred twenty-five fecal samples were collected from 25 broiler farms, which were selected, examined, and classified according to their biosecurity level and rearing system. All samples were subjected to qualitative microbiological culture testing and polymerase chain reaction (PCR) assays to detect Campylobacter spp.
Results
Despite the reported use of antibiotics, cell culture and PCR were positive for 44% and 88%, respectively. This …",infectious diseases,0.4
,,"Assessment of Methicillin-Resistant Staphylococcus aureus (MRSA) knowledge and awareness among healthcare workers in South-Lebanon
A El Roz, T Chaaban, H Issa, JN Ibrahim, Z Ezzeddine… - Infection Prevention in Practice, 2025
Cited by 2 Related articles",2025/2/13,,https://www.sciencedirect.com/science/article/pii/S2590088925000150,,,,100451,"Immunology, Infectious Diseases, Epidemiology",Cited by 2,Ali El Roz,,,Assessment of Methicillin-Resistant Staphylococcus aureus (MRSA) knowledge and awareness among healthcare workers in South-Lebanon,,Infection Prevention in Practice,,https://scholar.google.com/citations?view_op=view_citation&hl=en&user=4j83VDwAAAAJ&citation_for_view=4j83VDwAAAAJ:5nxA0vEk-isC,,Elsevier,"Ali El Roz, Taghrid Chaaban, Hawraa Issa, José-Noel Ibrahim, Zeinab Ezzeddine, Ghassan Ghssein","Background
Methicillin-Resistant Staphylococcus aureus (MRSA) is a well-known cause of hospital acquired infection (HAIs), associated with higher rates of morbidity and mortality. In healthcare settings, MRSA can spread via contaminated surfaces and direct contact.
Objective
This study aims to assess the knowledge and awareness of MRSA risks, prevention methods (such as hand hygiene), proper antibiotics use, and multidrug resistance among various groups of healthcare workers (HCWs) across Southern Lebanon.
Methods
A total of 244 HCWs, including those in medical services (MS), paramedical services (PS), and non-medical services (NMS) were conveniently selected for this study. Data was gathered using a structured, validated questionnaire that explored their knowledge and awareness of MRSA risks, prevention measure, hand hygiene practices, and multidrug resistance.
Results
The findings revealed …",infectious diseases,0.4
