Book,Conference,Scholar articles,Publication date,Volume,PDF Link,Patent office,Report number,Source,Pages,Research Interests,Total citations,Researcher Name,Inventors,Patent number,Title,Institution,Journal,Application number,Scholar Link,Issue,Publisher,Authors,Description,Classified_Topic,Classification_Confidence
,,"A quasi-stochastic simulation of the general dynamics equation for aerosols
C Lecot, A Tarhini - 2008
Cited by 13 Related articles All 11 versions",2008/1,13.0,https://scholar.archive.org/work/tcs2zln7hjdebbi3ryn7byzere/access/wayback/http://www.lama.univ-savoie.fr/~tarhini/LecTara.pdf,,,,369-388,"Quasi-Monte Carlo methods, coagulation equation",Cited by 13,Ali Tarhini,,,A quasi-stochastic simulation of the general dynamics equation for aerosols,,,,https://scholar.google.com/citations?view_op=view_citation&hl=en&user=f_5zuuwAAAAJ&citation_for_view=f_5zuuwAAAAJ:d1gkVwhDpl0C,5-6,Walter de Gruyter,"Christian Lecot, Ali Tarhini","We propose a quasi-Monte Carlo (QMC) scheme for the simulation of the general dynamics equation (GDE) for aerosols. The mass distribution is approximated by a fixed number of weighted numerical particles. Time is discretized and a splitting approach is used. Coagulation is simulated with a stochastic particle method using quasi-random points. In addition, the particles are reordered by increasing size at every time step. Integration of condensation/evaporation and deposition is performed using a deterministic particle method. The accuracy of the scheme is assessed through several numerical experiments, in cases where an exact solution is known. The error of the QMC scheme is shown to be smaller than the error produced by the corresponding Monte Carlo (MC) scheme.",coagulation equation,0.41
,,"Quasi-Monte Carlo simulation of coagulation–fragmentation
C Lécot, P L'ecuyer, R El Haddad, A Tarhini - Mathematics and Computers in Simulation, 2019
Cited by 5 Related articles All 13 versions",2019/7/1,161.0,https://www.sciencedirect.com/science/article/am/pii/S0378475419300515,,,,113-124,"Quasi-Monte Carlo methods, coagulation equation",Cited by 5,Ali Tarhini,,,Quasi-Monte Carlo simulation of coagulation–fragmentation,,Mathematics and Computers in Simulation,,https://scholar.google.com/citations?view_op=view_citation&hl=en&user=f_5zuuwAAAAJ&citation_for_view=f_5zuuwAAAAJ:2osOgNQ5qMEC,,North-Holland,"Christian Lécot, Pierre L’ecuyer, Rami El Haddad, Ali Tarhini","We extend a quasi-Monte Carlo scheme designed for coagulation to the simulation of the coagulation–fragmentation equation. A number N of particles is used to approximate the mass distribution. After time discretization, three-dimensional quasi-random points decide at every time step whether the particles are undergoing coagulation or fragmentation. We prove that the scheme converges as the time step is small and N is large. In a numerical test, we show that the computed solutions are in good agreement with the exact ones, and that the error of the algorithm is smaller than the error of a corresponding Monte Carlo scheme using the same discretization parameters.",coagulation equation,0.412
Monte Carlo and Quasi-Monte Carlo Methods 2010,,"Numerical simulation of the drop size distribution in a spray
C Lécot, M Tembely, A Soucemarianadin, A Tarhini - Monte Carlo and Quasi-Monte Carlo Methods 2010, 2012
Cited by 4 Related articles All 11 versions",2012/7/6,,https://web.maths.unsw.edu.au/~josefdick/MCQMC_Proceedings/MCQMC_Proceedings_2010_Preprints/Lecot-final.pdf,,,,523-537,"Quasi-Monte Carlo methods, coagulation equation",Cited by 4,Ali Tarhini,,,Numerical simulation of the drop size distribution in a spray,,,,https://scholar.google.com/citations?view_op=view_citation&hl=en&user=f_5zuuwAAAAJ&citation_for_view=f_5zuuwAAAAJ:u-x6o8ySG0sC,,Springer Berlin Heidelberg,"Christian Lécot, Moussa Tembely, Arthur Soucemarianadin, Ali Tarhini","Classical methods of modeling predict a steady-state drop size distribution by using empirical or analytical approaches. In the present analysis, we use the maximum of entropy method as an analytical approach for producing the initial data; then we solve the coagulation equation to approximate the evolution of the drop size distribution. This is done by a quasi-Monte Carlo simulation of the conservation form of the equation. We compare the use of pseudo-random and quasi-random numbers in the simulation. It is shown that the proposed method is able to predict experimental phenomena observed during spray generation.",coagulation equation,0.612
,,"Analyse numérique des méthodes quasi-Monte Carlo appliquées aux modèles d'agglomération
A Tarhini - 2008
Cited by 4 Related articles",2008/1/1,,,,,,,"Quasi-Monte Carlo methods, coagulation equation",Cited by 4,Ali Tarhini,,,Analyse numérique des méthodes quasi-Monte Carlo appliquées aux modèles d'agglomération,Chambéry,,,https://scholar.google.com/citations?view_op=view_citation&hl=en&user=f_5zuuwAAAAJ&citation_for_view=f_5zuuwAAAAJ:u5HHmVD_uO8C,,,Ali Tarhini,"Les méthodes de Monte Carlo (MC) sont des méthodes statistiques basées sur l'utilisation répétée de nombres aléatoires. Les méthodes quasi-Monte Carlo (QMC) sont des versions déterministes des méthodes de Monte Carlo. Les suites aléatoires sont remplacées par des suites à discrépance faible, qui ont une meilleure répartition uniforme dans le cube unite s- dimensionnel. Nous utilisons une classe particulière de suites à discrépance faible : les suites-(t,s). Dans ce travail, nous developpons et analysons des méthodes particulaires Monte Carlo et quasi-Monte Carlo pour les phénomènes d'agglomeration. Nous nous intéressons en particulier à la simulation numérique de l'équation de coagulation discrète (équation de Smoluchowski), de l'équation de coagulation continue, de l'équation de coagulation- fragmentation continue et de l'équation générale de la dynamique (EGD) des aérosols. Pour toutes ces méthodes particulaires, on écrit l'équation vérifiée par la distribution de masse et on approche celle-ci par une somme de n mesures de Dirac ; les mesures sont pondérées dans le cas de la simulation de l'EGD. Le schema en temps est un schema d'Euler explicite. Pour la simulation de la coagulation et de la fragmentation, l'évolution des masses des particules est déterminée par des tirages de nombres aléatoires (méthode MC) ou par des quadratures quasi-Monte Carlo (méthode QMC). Pour assurer la convergence de la méthode QMC, on ordonne les particules par taille croissante à chaque pas de temps. Dans le cas de la résolution de l'EGD, on utilise une méthode à pas fractionnaire : la simulation de la coagulation se fait comme …",coagulation equation,0.403
Applied algebra and number theory,,"A quasi-Monte Carlo method for the coagulation equation.
C Lecot, A Tarhini - 2014
Cited by 2 Related articles All 7 versions",2014/12/11,,,,,,216-234,"Quasi-Monte Carlo methods, coagulation equation",Cited by 2,Ali Tarhini,,,A quasi-Monte Carlo method for the coagulation equation.,,,,https://scholar.google.com/citations?view_op=view_citation&hl=en&user=f_5zuuwAAAAJ&citation_for_view=f_5zuuwAAAAJ:9yKSN-GCB0IC,Theory,,"Christian Lecot, Ali Tarhini","We propose a quasi-Monte Carlo algorithm for the simulation of the continuous coagulation equation. The mass distribution is approximated by a finite number N of numerical particles. Time is discretized and quasi-random points are used at every time step to determine whether each particle is undergoing a coagulation. Convergence of the scheme is proved when N goes to infinity, if the particles are relabeled according to their increasing mass at each time step. Numerical tests show that the computed solutions are in good agreement with analytical solutions, when available. Moreover, the error of the QMC algorithm is smaller than the error given by a standard Monte Carlo scheme using the same time step and number N of numerical particles.",coagulation equation,0.611
