Book,Conference,Scholar articles,Publication date,Volume,PDF Link,Patent office,Report number,Source,Pages,Research Interests,Total citations,Researcher Name,Inventors,Patent number,Title,Institution,Journal,Application number,Scholar Link,Issue,Publisher,Authors,Description,Classified_Topic,Classification_Confidence
,"Transforming education in the age of artificial intelligence - challenges, opportunities and prospects Conference","Unveiling the Impact of ChatGPT on Mathematical Dialogue and Engagement: A Thematic Case Study*
A Hijazi
Related articles All 2 versions",2024,,,,,,,"Dialogue Teaching, Mathematical langauge, AI in education",,amena hijazi,,,Unveiling the Impact of ChatGPT on Mathematical Dialogue and Engagement: A Thematic Case Study,,,,https://scholar.google.com/citations?view_op=view_citation&hl=en&user=1CbuCG0AAAAJ&citation_for_view=1CbuCG0AAAAJ:u-x6o8ySG0sC,,,Amena Hijazi,,dialogue teaching,0.425
,,"Exploring the Impact of Teachers’ Discourse on Students’ Mathematical Language While Writing a Formal Proof About Congruent Triangles*
S Tfaili, A Hijazi - ﺔﯾﻣﻧﺗﻟاو لﺎﺻﺗﻻا
Related articles All 5 versions",2024,,,,,,181-207,"Dialogue Teaching, Mathematical langauge, AI in education",,amena hijazi,,,Exploring the Impact of Teachers’ Discourse on Students’ Mathematical Language While Writing a Formal Proof About Congruent Triangles,,Communication & Development,,https://scholar.google.com/citations?view_op=view_citation&hl=en&user=1CbuCG0AAAAJ&citation_for_view=1CbuCG0AAAAJ:u5HHmVD_uO8C,37.0,,"Samar Tfaili, Amena Hijazi",,mathematical langauge,0.42
