Book,Conference,Scholar articles,Publication date,Volume,PDF Link,Patent office,Report number,Source,Pages,Research Interests,Total citations,Researcher Name,Inventors,Patent number,Title,Institution,Journal,Application number,Scholar Link,Issue,Publisher,Authors,Description,Classified_Topic,Classification_Confidence
,,"LRI
EL SAHILI, M Kouider - 2009
Cited by 49 Related articles All 5 versions
LRI
EL SAHILI, M KOUIDER
Related articles",2009/11/1,,https://www.lri.fr/~bibli/Rapports-internes/2006/RR1432.pdf,,,,,Graph Theory,Cited by 49,Amine El Sahili,,,LRI,,,,https://scholar.google.com/citations?view_op=view_citation&hl=en&user=uH0ostgAAAAJ&citation_for_view=uH0ostgAAAAJ:8k81kl-MbHgC,,,"EL SAHILI, M Kouider",Is the b-chromatic number of a d-regular graph of girth 5 equal to d+ 1? We study this problem by giving some partial answers.,graph theory,0.415
,,"Trees in tournaments
A El Sahili - Journal of Combinatorial Theory, Series B, 2004
Cited by 49 Related articles All 3 versions",2004/9/1,92.0,https://www.sciencedirect.com/science/article/pii/S0095895604000371/pdf?md5=2d1d552308e9be2c7ff3258ff8ec735e&pid=1-s2.0-S0095895604000371-main.pdf&_valck=1,,,,183-187,Graph Theory,Cited by 49,Amine El Sahili,,,Trees in tournaments,,"Journal of Combinatorial Theory, Series B",,https://scholar.google.com/citations?view_op=view_citation&hl=en&user=uH0ostgAAAAJ&citation_for_view=uH0ostgAAAAJ:u-x6o8ySG0sC,1,Academic Press,A El Sahili,"In 1971, Sumner conjectured that any tournament of order 2(n−1) contains any oriented tree of order n. Since then several bounds have been established that get closer and closer to the suggested bound 2(n−1). In this paper we prove that any tournament of order 3(n−1) contains any oriented tree of order n.",graph theory,0.2
,,"About b-colouring of regular graphs
M Kouider, A El Sahili - Rapport de Recherche, 2006
Cited by 32 Related articles",2006,1432.0,,,,,,Graph Theory,Cited by 32,Amine El Sahili,,,About b-colouring of regular graphs,,Rapport de Recherche,,https://scholar.google.com/citations?view_op=view_citation&hl=en&user=uH0ostgAAAAJ&citation_for_view=uH0ostgAAAAJ:u5HHmVD_uO8C,,,"M Kouider, A El Sahili",,graph theory,0.2
,,"Paths with two blocks in k-chromatic digraphs
A El Sahili - Discrete mathematics, 2004
Cited by 25 Related articles All 4 versions",2004/10/28,287.0,https://www.sciencedirect.com/science/article/pii/S0012365X04002663,,,,151-153,Graph Theory,Cited by 25,Amine El Sahili,,,Paths with two blocks in k-chromatic digraphs,,Discrete mathematics,,https://scholar.google.com/citations?view_op=view_citation&hl=en&user=uH0ostgAAAAJ&citation_for_view=uH0ostgAAAAJ:d1gkVwhDpl0C,1-3,North-Holland,Amine El Sahili,"A block of a path in a digraph is a maximal directed subpath. We prove that any n-chromatic digraph contains a path of length n-1 consisting of two blocks, one of which has length one. We then study the general problem of whether an n-chromatic digraph contains a path of length n-1 consisting of two blocks of specified lengths.",graph theory,0.4
,,"About paths with two blocks
AE Sahili, M Kouider - Journal of Graph Theory, 2007
Cited by 18 Related articles All 2 versions",2007/7,55.0,,,,,221-226,Graph Theory,Cited by 18,Amine El Sahili,,,About paths with two blocks,,Journal of Graph Theory,,https://scholar.google.com/citations?view_op=view_citation&hl=en&user=uH0ostgAAAAJ&citation_for_view=uH0ostgAAAAJ:UebtZRa9Y70C,3,"Wiley Subscription Services, Inc., A Wiley Company","Amine El Sahili, Mekkia Kouider","The function f(n) is defined to be the smallest integer such that any f(n)‐chromatic digraph contains all paths with two blocks P(k,j) with k + j = n − 1. El Sahili conjectured that f(n) = n. We prove in this paper that f(n) ≤ n + 1. Our argument yields a very short and direct proof of the Gallai–Roy result about directed paths. We also treat the problem under some supplementary conditions. One of them is used to give a simple proof of a result of Saks and Sós about claws. © 2007 Wiley Periodicals, Inc. J Graph Theory 55: 221–226, 2007",graph theory,0.611
,,"Functions and line digraphs
A El Sahili - Journal of Graph Theory, 2003
Cited by 15 Related articles All 3 versions",2003/12,44.0,,,,,296-303,Graph Theory,Cited by 15,Amine El Sahili,,,Functions and line digraphs,,Journal of Graph Theory,,https://scholar.google.com/citations?view_op=view_citation&hl=en&user=uH0ostgAAAAJ&citation_for_view=uH0ostgAAAAJ:9yKSN-GCB0IC,4,"Wiley Subscription Services, Inc., A Wiley Company",Amine El Sahili,"Consider two maps f and g from a set E into a set F such that f(x) ≠ g(x) for every x in E. Suppose that there exists a positive integer n such that for any element z in F either f−1(z) or g−1(z) has at most n elements. Then, E can be partitioned into 2n + 1 subsets E1, E2,…,E2n + 1 such that f(Ei)∩ g(Ei) = ϕ, 1 ≤ i ≤ 2n + 1. © 2003 Wiley Periodicals, Inc. J Graph Theory 44: 296–303, 2003",graph theory,0.614
,,"About paths with three blocks.
M Mortada, A El Sahili, M El Joubbeh - Australas. J Comb., 2021
Cited by 11 Related articles All 3 versions",2021,80.0,https://www.researchgate.net/profile/Mouhamad-Joubbeh/publication/363654731_About_paths_with_three_blocks/links/6328578e071ea12e364662e1/About-paths-with-three-blocks.pdf,,,,99-105,Graph Theory,Cited by 11,Amine El Sahili,,,About paths with three blocks.,,Australas. J Comb.,,https://scholar.google.com/citations?view_op=view_citation&hl=en&user=uH0ostgAAAAJ&citation_for_view=uH0ostgAAAAJ:Zph67rFs4hoC,,,"Maidoun Mortada, Amine El Sahili, Mouhamad El Joubbeh","We show that every oriented path of order n⩾ 4 with three blocks, in which two consecutive of them are of length 1, is contained in every (n+ 1)-chromatic digraph.",graph theory,0.2
,,"Mathematical Creativity: The Unexpected Links
A El-Sahili, N Al-Sharif, S Khanafer - The Mathematics Enthusiast, 2015
Cited by 11 Related articles All 8 versions",2015,12.0,https://scholarworks.umt.edu/cgi/viewcontent.cgi?article=1357&context=tme,,,,417-464,Graph Theory,Cited by 11,Amine El Sahili,,,Mathematical Creativity: The Unexpected Links,,The Mathematics Enthusiast,,https://scholar.google.com/citations?view_op=view_citation&hl=en&user=uH0ostgAAAAJ&citation_for_view=uH0ostgAAAAJ:WF5omc3nYNoC,1,,"Amine El-Sahili, Nour Al-Sharif, Sahar Khanafer","Creativity in mathematics is identified in many forms or we can say is made up of many components. One of these components is The Unexpected Links where one tries to solve a mathematical problem in a nontraditional manner that requires the formation of hidden bridges between distinct mathematical domains or even between seemingly far ideas within the same domain. In this article, we design problems that express unexpected links in mathematics and suit students of intermediate and secondary levels. We prove their feasibility through teachers’ testimonies and through introducing them in classrooms and collecting students’ attitudes with respect to understanding and interest. Results confirm that students can sense such component and that designed problems had caught teachers’ and students’ interest.",graph theory,0.4
,,"About b-colouring of regular graphs
AE Sahili, M Kouider - 2006
Cited by 10 Related articles",2006,,,,,,,Graph Theory,Cited by 10,Amine El Sahili,,,About b-colouring of regular graphs,,,,https://scholar.google.com/citations?view_op=view_citation&hl=en&user=uH0ostgAAAAJ&citation_for_view=uH0ostgAAAAJ:L8Ckcad2t8MC,,"Technical Report 1432, LRI, Université Paris Sud","A El Sahili, M Kouider",,graph theory,0.2
,,"Paths with three blocks in digraphs
M Mortada, AE Sahili, Z Mohsen - arXiv preprint arXiv:2110.09933, 2021
Cited by 7 Related articles All 2 versions",2021/10/19,,https://arxiv.org/pdf/2110.09933,,,,,Graph Theory,Cited by 7,Amine El Sahili,,,Paths with three blocks in digraphs,,arXiv preprint arXiv:2110.09933,,https://scholar.google.com/citations?view_op=view_citation&hl=en&user=uH0ostgAAAAJ&citation_for_view=uH0ostgAAAAJ:YOwf2qJgpHMC,,,"Maidoun Mortada, Amine El Sahili, Zahraa Mohsen","A path with three blocks is an oriented path formed by -forward arcs followed by -backward arcs then -forward arcs. We prove that any -chromatic digraph contains a path . However the existence of with is established in any -chromatic digraph. In general, we establish a quadratic bound for paths with three blocks.",graph theory,0.4
,,"The b-chromatic number and f-chromatic vertex number of regular graphs
A El Sahili, H Kheddouci, M Kouider, M Mortada - Discrete Applied Mathematics, 2014
Cited by 7 Related articles All 6 versions",2014/12/31,179.0,https://www.sciencedirect.com/science/article/pii/S0166218X14003126,,,,79-85,Graph Theory,Cited by 7,Amine El Sahili,,,The b-chromatic number and f-chromatic vertex number of regular graphs,,Discrete Applied Mathematics,,https://scholar.google.com/citations?view_op=view_citation&hl=en&user=uH0ostgAAAAJ&citation_for_view=uH0ostgAAAAJ:qjMakFHDy7sC,,North-Holland,"Amine El Sahili, Hamamache Kheddouci, Mekkia Kouider, Maidoun Mortada","The b-chromatic number of a graph G, denoted by b (G), is the largest positive integer k such that there exists a proper coloring for G with k colors in which every color class contains at least one vertex adjacent to some vertex in each of the other color classes, such a vertex is called a dominant vertex. The f-chromatic vertex number of a d-regular graph G, denoted by f (G), is the maximum number of dominant vertices of distinct colors in a proper coloring with d+ 1 colors. El Sahili and Kouider conjectured that b (G)= d+ 1 for any d-regular graph G of girth 5. Blidia, Maffray and Zemir (2009) reformulated this conjecture by excluding the Petersen graph and proved it for d≤ 6. We study El Sahili and Kouider conjecture by giving some partial answers under supplementary conditions.",graph theory,0.405
,,"The existence of a path with two blocks in digraphs
A El Sahili, M Mortada, S Nasser - Graphs and Combinatorics, 2024
Cited by 6 Related articles All 2 versions",2024/4,40.0,,,,,34,Graph Theory,Cited by 6,Amine El Sahili,,,The existence of a path with two blocks in digraphs,,Graphs and Combinatorics,,https://scholar.google.com/citations?view_op=view_citation&hl=en&user=uH0ostgAAAAJ&citation_for_view=uH0ostgAAAAJ:IWHjjKOFINEC,2,Springer Japan,"Amine El Sahili, Maidoun Mortada, Sara Nasser","We give a new elementary proof of El Sahili conjecture El Sahili (Discrete Math 287:151–153, ) stating that any n-chromatic digraph D, with , contains a path with two blocks of order n.",graph theory,0.4
,,"Antidirected Hamiltonian paths and directed cycles in tournaments
A El Sahili, M Abi Aad - Discrete Mathematics, 2018
Cited by 5 Related articles All 2 versions",2018/7/1,341.0,https://www.sciencedirect.com/science/article/pii/S0012365X18300657,,,,,Graph Theory,Cited by 5,Amine El Sahili,,,Antidirected Hamiltonian paths and directed cycles in tournaments,,Discrete Mathematics,,https://scholar.google.com/citations?view_op=view_citation&hl=en&user=uH0ostgAAAAJ&citation_for_view=uH0ostgAAAAJ:5nxA0vEk-isC,7,North-Holland,"Amine El Sahili, Maria Abi Aad","We prove that in a tournament of odd order n≥ 5, the number of antidirected Hamiltonian paths starting with a forward arc and the number of Hamiltonian circuits have the same parity.",graph theory,0.4
,,"About the number of oriented Hamiltonian paths and cycles in tournaments
A El Sahili, Z Ghazo Hanna - Journal of Graph Theory, 2023
Cited by 4 Related articles All 5 versions",2023/4,102.0,https://arxiv.org/pdf/2101.00713,,,,684-701,Graph Theory,Cited by 4,Amine El Sahili,,,About the number of oriented Hamiltonian paths and cycles in tournaments,,Journal of Graph Theory,,https://scholar.google.com/citations?view_op=view_citation&hl=en&user=uH0ostgAAAAJ&citation_for_view=uH0ostgAAAAJ:ULOm3_A8WrAC,4,,"Amine El Sahili, Zeina Ghazo Hanna","We prove that a tournament T $T$ and its converse − T $-T$ contain the same number of oriented Hamiltonian paths and the same number of oriented Hamiltonian cycles, of any given type, as a generalization of Rosenfeld's result proved for antidirected paths.",graph theory,0.4
,2011 XXXth URSI General Assembly and Scientific Symposium,"A cost function expression for SDR multi-standard systems design using directed hypergraphs
P Kaiser, Y Louet, A El Sahili, J Palicot - 2011 XXXth URSI General Assembly and Scientific …, 2011
Cited by 3 Related articles",2011/8/13,,,,,,1-4,Graph Theory,Cited by 3,Amine El Sahili,,,A cost function expression for SDR multi-standard systems design using directed hypergraphs,,,,https://scholar.google.com/citations?view_op=view_citation&hl=en&user=uH0ostgAAAAJ&citation_for_view=uH0ostgAAAAJ:2osOgNQ5qMEC,,IEEE,"Patricia Kaiser, Yves Louet, Amine El Sahili, Jacques Palicot","The design of future multi-standard systems is very challenging. Flexible architectures exploiting processing commonalities of the different set of standards cohabiting in the device offer promising solutions. In this paper, graph theory aspects are introduced with the stress on the notion of directed hypergraphs which will help in showing how the graph structure of the multi-standard system can be viewed as a theoretical directed hypergraph. This graph description provides all the alternatives capable of implementing the design. However, a cost function needs to be defined to calculate the cost of each possible option chosen. Thus, we explain the sound concept of the computation process of a cost function introduced in previous papers, before transforming it into a formal expression with the aid of various definitions and notations of directed hypergraphs.",graph theory,0.609
,,"An optimization algorithm for SDR multi-standard systems using Directed Hypergraphs
P Kaiser, AE Sahili, Y Louët - Frequenz, 2012
Cited by 2 Related articles All 5 versions",2012/9/20,66.0,,,,,251-260,Graph Theory,Cited by 2,Amine El Sahili,,,An optimization algorithm for SDR multi-standard systems using Directed Hypergraphs,,Frequenz,,https://scholar.google.com/citations?view_op=view_citation&hl=en&user=uH0ostgAAAAJ&citation_for_view=uH0ostgAAAAJ:hqOjcs7Dif8C,9-10,De Gruyter,"Patricia Kaiser, Amine El Sahili, Yves Louët","Software-Defined radio (SDR) is a future-proof solution for designing flexible and adaptable wireless networks and equipments. It replaces conventional radio hardware with reconfigurable, reprogrammable radios. A graphical approach for designing flexible SDR multi-standard systems is proposed, which provides all the possible alternatives of implementation capable of realizing the multi-standard design. However, a cost function which evaluates the cost of any one of these options is proposed in previous work. All these ideas are briefly mentioned in this paper but however, our goal is to help finding the option of implementation which has the minimum cost. Graph theory is adopted and particularly the study of directed hypergraphs, to present a new idea algorithm capable of solving this optimization problem. This algorithm provides an exact-optimal solution, unlike the previously applied heuristic methods which …",graph theory,0.609
,2012 19th International Conference on Telecommunications (ICT),"An upper bound for the total number of options to implement an SDR multi-standard system
P Kaiser, A El Sahili, Y Louët - 2012 19th International Conference on …, 2012
Cited by 1 Related articles All 11 versions",2012/4/23,,https://centralesupelec.hal.science/hal-00679699/document,,,,1-6,Graph Theory,Cited by 1,Amine El Sahili,,,An upper bound for the total number of options to implement an SDR multi-standard system,,,,https://scholar.google.com/citations?view_op=view_citation&hl=en&user=uH0ostgAAAAJ&citation_for_view=uH0ostgAAAAJ:UeHWp8X0CEIC,,IEEE,"Patricia Kaiser, Amine El Sahili, Yves Louët","The design of future multi-standard systems is very challenging. Flexible architectures that exploit common aspects between the different set of standards cohabiting in the device offer promising solutions. In this paper, we adopt the theory of graphs and particularly the study of directed hypergraphs, which helps in providing a theoretical view of the graph structure of the multi-standard system. This graph description exhibits all the alternatives capable of implementing the system. On the other hand, we further provide in this paper an exponential upper bound for the total number of options which are capable of implementing a multi-standard design.",graph theory,0.412
,Workshop on Software radios,"An algorithm proposal for a minimum cost SDR multi-standard system using Graph Theory
P Kaiser, Y Louet, A El Sahili - Workshop on Software radios, 2012
Cited by 1 Related articles All 9 versions",2012,,https://centralesupelec.hal.science/hal-00679690/document,,,,9 p.,Graph Theory,Cited by 1,Amine El Sahili,,,An algorithm proposal for a minimum cost SDR multi-standard system using Graph Theory,,,,https://scholar.google.com/citations?view_op=view_citation&hl=en&user=uH0ostgAAAAJ&citation_for_view=uH0ostgAAAAJ:IjCSPb-OGe4C,,,"Patricia Kaiser, Yves Louet, Amine El Sahili","The design of future multi-standard systems remains a challenge due to increasing flexibility requirements. Promising solutions include designing flexible radio architectures that exploit common aspects between the different set of standards cohabiting in the device. In this paper, graph theory appears and particularly the study of directed hypergraphs, which helps in the research concerning minimum cost multistandard designs. A cost function which calculates the cost of any possible option of implementation is mentioned but its derivations won't be in the scope of this paper. Our objective is to optimize this proposed cost function to its minimum possible value and thus solving the optimization problem that finds balance between flexibility and computing efficiency. For this, we propose a Minimum Cost Design (MCD) algorithm capable of selecting the option which has the minimum cost to pay and will present its complete set of instructions in this paper. This algorithm exploits various definitions and notations of directed hypergraphs.",graph theory,0.608
,,"A characterization problem on underlying graphs of line digraphs
A El Sahili - Discrete applied mathematics, 2005
Cited by 1 Related articles All 6 versions",2005/2/15,146.0,https://www.sciencedirect.com/science/article/pii/S0166218X04002811,,,,99-101,Graph Theory,Cited by 1,Amine El Sahili,,,A characterization problem on underlying graphs of line digraphs,,Discrete applied mathematics,,https://scholar.google.com/citations?view_op=view_citation&hl=en&user=uH0ostgAAAAJ&citation_for_view=uH0ostgAAAAJ:zYLM7Y9cAGgC,1,North-Holland,Amine El Sahili,"The underlying graph G(D) of a digraph D is arising when directions of edges are ignored. Chvátal and Ebenegger prove that recognising underlying graphs of line digraphs is an NP-complete problem. We note first that Chvátal and Ebengger's proof implies even more, namely that recognising underlying graphs of line digraphs of digraph in which each vertex has in-degree or out-degree at most one is an NP-complete problem. We then give a description of those underlying graphs which satisfy a supplementary condition on vertices of degree greater than two.",graph theory,0.406
,,"Antidirected paths in 5-chromatic digraphs
A El Sahili - Comptes rendus. Mathématique, 2004
Cited by 1 Related articles All 5 versions",2004,339.0,http://www.numdam.org/item/10.1016/j.crma.2004.06.028.pdf,,,,317-320,Graph Theory,Cited by 1,Amine El Sahili,,,Antidirected paths in 5-chromatic digraphs,,Comptes rendus. Mathématique,,https://scholar.google.com/citations?view_op=view_citation&hl=en&user=uH0ostgAAAAJ&citation_for_view=uH0ostgAAAAJ:Tyk-4Ss8FVUC,5,,Amine El Sahili,"Soit T 5 le tournoi régulier contenant cinq sommets. B. Grünbaum a prouvé que T 5 est le seul 5-tournoi qui ne contient pas le chemin antidirigé P 4. Nous prouvons dans cette Note que T 5 est le seul graphe orienté 5-chromatique dans lequel tout sommet a un degré extérieur au moins deux qui ne contient pas le chemin antidirigé P 4. On prouve à l'aide d'un exemple que la condition «tout sommet a un degré exterieur au moins deux» est indispensable.
Let T 5 be the regular 5-tournament. B. Grünbaum proved that T 5 is the only 5-tournament which contains no copy of the antidirected path P 4. In this Note, we prove that, except for T 5, any connected 5-chromatic oriented digraph in which each vertex has out-degree at least two contains a copy of P 4. It will be shown, by an example, that the condition that each vertex has out-degree at least two is indispensable.",graph theory,0.4
,,"Counting Hamiltonian Paths in Transitive Tournaments
ZG Hanna, AE Sahili - arXiv preprint arXiv:2207.11510, 2022
Related articles All 2 versions",2022/7/23,,https://arxiv.org/pdf/2207.11510,,,,,Graph Theory,,Amine El Sahili,,,Counting Hamiltonian Paths in Transitive Tournaments,,arXiv preprint arXiv:2207.11510,,https://scholar.google.com/citations?view_op=view_citation&hl=en&user=uH0ostgAAAAJ&cstart=20&pagesize=80&citation_for_view=uH0ostgAAAAJ:M3ejUd6NZC8C,,,"Zeina Ghazo Hanna, Amine El Sahili","We construct a combinatorial function F which computes the number of oriented Hamiltonian paths of any given type, in a transitive tournament. We also study many properties of F that arise, and reach some observations.",graph theory,0.4
,,"Counting Hamiltonian Paths in Transitive Tournaments
Z Ghazo Hanna, A El Sahili - arXiv e-prints, 2022
Related articles",2022/7,,,,,,arXiv: 2207.11510,Graph Theory,,Amine El Sahili,,,Counting Hamiltonian Paths in Transitive Tournaments,,arXiv e-prints,,https://scholar.google.com/citations?view_op=view_citation&hl=en&user=uH0ostgAAAAJ&cstart=20&pagesize=80&citation_for_view=uH0ostgAAAAJ:4TOpqqG69KYC,,,"Zeina Ghazo Hanna, Amine El Sahili","We construct a combinatorial function F which computes the number of oriented Hamiltonian paths of any given type, in a transitive tournament. We also study many properties of F that arise, and reach some observations.",graph theory,0.4
,,"About the number of directed paths in tournaments
A El Sahili, M Abi Aad - Discrete Applied Mathematics, 2020
Related articles All 2 versions",2020/4/30,277.0,https://www.sciencedirect.com/science/article/pii/S0166218X19304226,,,,115-126,Graph Theory,,Amine El Sahili,,,About the number of directed paths in tournaments,,Discrete Applied Mathematics,,https://scholar.google.com/citations?view_op=view_citation&hl=en&user=uH0ostgAAAAJ&cstart=20&pagesize=80&citation_for_view=uH0ostgAAAAJ:3fE2CSJIrl8C,,North-Holland,"Amine El Sahili, Maria Abi Aad","In this article, we prove some properties about the number of directed paths in tournaments. We first prove that if T is a tournament on n vertices and we choose a vertex v in T, then the total number of directed paths starting with v, of lengths between 0 and n− 2, is congruent, mod 2, to the number of directed paths of the same lengths, ending with v. Next, we prove that if the number of directed Hamiltonian paths in a tournament T is maximal, then T must be strong. Then, we study some properties of tournaments where the number of directed Hamiltonian paths is a power of 3. Finally, we compute the exact number of directed Hamiltonian paths in some special tournaments, obtained from the nearly transitive tournament by reversing extra arcs.",graph theory,0.4
,,"Parity of paths in tournaments
A El Sahili, M Abi Aad - Discrete Mathematics, 2020
Related articles All 2 versions",2020/4/1,343.0,https://www.sciencedirect.com/science/article/pii/S0012365X19303735,,,,111695,Graph Theory,,Amine El Sahili,,,Parity of paths in tournaments,,Discrete Mathematics,,https://scholar.google.com/citations?view_op=view_citation&hl=en&user=uH0ostgAAAAJ&cstart=20&pagesize=80&citation_for_view=uH0ostgAAAAJ:kNdYIx-mwKoC,4,North-Holland,"Amine El Sahili, Maria Abi Aad","An oriented path is said to be antisymmetric if listing its arcs in reverse order results in a list where all arcs are reversed. We prove that the number of antisymmetric Hamiltonian paths of a given type is odd in any tournament. As a result, we prove Grünbaum’s conjecture for tournaments of even order; that is, the number of distinct antidirected Hamiltonian paths in a tournament of even order is congruent to 2 (mod 4). We also give some precise equalities on the parity of the number of Hamiltonian paths with exactly k backward arcs in a tournament.",graph theory,0.4
,,"Labeled Packing of Non Star Tree into its Fifth Power and Sixth Power
AE Sahili, H Kheddouci, M Mortada - arXiv preprint arXiv:1302.4219, 2013
Related articles All 2 versions",2013/2/18,,https://arxiv.org/pdf/1302.4219,,,,,Graph Theory,,Amine El Sahili,,,Labeled Packing of Non Star Tree into its Fifth Power and Sixth Power,,arXiv preprint arXiv:1302.4219,,https://scholar.google.com/citations?view_op=view_citation&hl=en&user=uH0ostgAAAAJ&cstart=20&pagesize=80&citation_for_view=uH0ostgAAAAJ:0EnyYjriUFMC,,,"Amine El Sahili, Hamamache Kheddouci, Maidoun Mortada","In this paper we prove that we can find a labeled packing of a non star tree into with labels, where is the number of vertices of and is the maximum number of leaves that can be removed from in such a way that the obtained graph is a non star tree. Also, we prove that we can find a labeled packing of a non star tree into with labels and a labeled packing of a path , , into with labels.",graph theory,0.41
,Union des Radio Sciences Internationales (URSI 2011),"A Theoretical approach of the Graph structure of the SDR multi-standard system and of a Cost Function using Directed Hypergraphs
P Kaiser, Y Louët, A El Sahili, J Palicot - Union des Radio Sciences Internationales (URSI 2011), 2011
Related articles All 2 versions",2011,,,,,,NC,Graph Theory,,Amine El Sahili,,,A Theoretical approach of the Graph structure of the SDR multi-standard system and of a Cost Function using Directed Hypergraphs,,,,https://scholar.google.com/citations?view_op=view_citation&hl=en&user=uH0ostgAAAAJ&cstart=20&pagesize=80&citation_for_view=uH0ostgAAAAJ:ufrVoPGSRksC,,,"Patricia Kaiser, Yves Louët, Amine El Sahili, Jacques Palicot","The design of future multi-standard systems is very challenging. Flexible architectures exploiting processing commonalities of the di erent set of standards cohabiting in the device o er promising solutions. In this paper, graph theory aspects are introduced with the stress on the notion of directed hypergraphs which will help in showing how the graph structure of the multi-standard system can be viewed as a clear theoretical directed hypergraph. This graph description provides all the alternatives capable of implementing the design. However, a cost function needs to be de ned to calculate the cost of each possible option chosen. Thus, we explain the sound concept of the computation process of the cost function introduced in previous papers, before transforming it into a clear formal equation with the aid of various de nitions and notations of directed hypergraphs.",graph theory,0.608
,,"Claws in digraphs
A El Sahili, M Kouider - Comptes Rendus. Mathématique, 2008
Related articles All 4 versions",2008,346.0,https://comptes-rendus.academie-sciences.fr/mathematique/item/10.1016/j.crma.2007.10.040.pdf,,,,1-4,Graph Theory,,Amine El Sahili,,,Claws in digraphs,,Comptes Rendus. Mathématique,,https://scholar.google.com/citations?view_op=view_citation&hl=en&user=uH0ostgAAAAJ&cstart=20&pagesize=80&citation_for_view=uH0ostgAAAAJ:roLk4NBRz8UC,1-2,,"Amine El Sahili, Mekkia Kouider",Nous étudions dans cette Note le problème de l'existence des arbres simples dans les graphes orientés. Nous étendons un resultat de Saks et Sós aux graphes orientés presque complets.,graph theory,0.2
,,"Functional graphs
A El Sahili - Comptes Rendus Mathematique, 2005
Related articles All 5 versions",2005/7/1,341.0,https://www.sciencedirect.com/science/article/pii/S1631073X05002335/pdf?md5=0bfef6cbff9c256aceff4513df22df9d&pid=1-s2.0-S1631073X05002335-main.pdf,,,,1-4,Graph Theory,,Amine El Sahili,,,Functional graphs,,Comptes Rendus Mathematique,,https://scholar.google.com/citations?view_op=view_citation&hl=en&user=uH0ostgAAAAJ&cstart=20&pagesize=80&citation_for_view=uH0ostgAAAAJ:LkGwnXOMwfcC,1,No longer published by Elsevier,Amine El Sahili,"A graph G is said to be a functional graph if there exist two mappings f and g from V(G) into a set F such that xy is an edge in G whenever f(x)=g(y) or g(x)=f(y). Chvátal and Ebenegger proved that recognizing functional graphs is an NP-complete problem. Using the compactness theorem, we prove that if G is an infinite graph such that any finite subgraph of G is a functional graph, then G is a functional graph. We give an elementary proof of this fact in the infinite countable case. In the finite case, we prove that for n large enough, any graph of girth n containing at most 3n−7 vertices is a functional graph. It will be shown by an example that this bound is the best possible. To cite this article: A. El Sahili, C. R. Acad. Sci. Paris, Ser. I 341 (2005).",graph theory,0.404
,,"Graph-theoretical methods in general function theory
A El Sahili - Comptes Rendus Mathematique, 2002
Related articles All 5 versions",2002/12/1,335.0,https://www.sciencedirect.com/science/article/pii/S1631073X02025852/pdf?md5=496bfa7386f890d0dab2745aef21cf2b&pid=1-s2.0-S1631073X02025852-main.pdf&_valck=1,,,,859-861,Graph Theory,,Amine El Sahili,,,Graph-theoretical methods in general function theory,,Comptes Rendus Mathematique,,https://scholar.google.com/citations?view_op=view_citation&hl=en&user=uH0ostgAAAAJ&cstart=20&pagesize=80&citation_for_view=uH0ostgAAAAJ:Y0pCki6q_DkC,11,No longer published by Elsevier,Amine El Sahili,"Consider two maps f and g from a set E into a set F such that f(x)≠g(x) for every x in E. What is the maximal cardinal of a subset A of E such that the images of the restriction of f and g to A are disjoint? Mekler, Pelletier and Taylor have shown that it is card(E) when the set E is infinite; in the finite case, we have proved that it is greater than or equal to card(E)/4. In this paper, using graph theoretical technics, we find these results as a direct application of a lemma of Erdös. Moreover, we show that if E=F= R , then there exists a countable partition {En}n⩾1 of R such that f(En)∩g(En)=φ, for every n⩾1. To cite this article: A. El Sahili, C. R. Acad. Sci. Paris, Ser. I 335 (2002) 859–861.",graph theory,0.409
,,"Theorie des graphes dans la theorie generale des fonctions
A El Sahili - Comptes rendus-Mathematique, 2002
Related articles",2002,11.0,,,,,859-861,Graph Theory,,Amine El Sahili,,,Theorie des graphes dans la theorie generale des fonctions,,Comptes rendus-Mathematique,,https://scholar.google.com/citations?view_op=view_citation&hl=en&user=uH0ostgAAAAJ&cstart=20&pagesize=80&citation_for_view=uH0ostgAAAAJ:W7OEmFMy1HYC,335,,Amine El Sahili,"Consider two maps f and g from a set E into a set F such that f(x)<>g(x) for every x in E. What is the maximal cardinal of a subset A of E such that the images of the restriction of f and g to A are disjoint? Mekler, Pelletier and Taylor have shown that it is card(E) when the set E is infinite; in the finite case, we have proved that it is greater than or equal to card(E)/4. In this paper, using graph theoretical technics, we find these results as a direct application of a lemma of Erdos. Moreover, we show that if E=F=R, then there exists a countable partition {E n } n > = 1 of R such that f(E n ) g(E n )=φ, for every n>=1. To cite this article: A. El Sahili, C. R. Acad. Sci. Paris, Ser. I 335 (2002) 859-861.",graph theory,0.404
,,"Colorations et orientations des graphes
A El Sahili - 1996
Related articles All 3 versions",1996/1/1,,,,,,,Graph Theory,,Amine El Sahili,,,Colorations et orientations des graphes,Lyon 1,,,https://scholar.google.com/citations?view_op=view_citation&hl=en&user=uH0ostgAAAAJ&cstart=20&pagesize=80&citation_for_view=uH0ostgAAAAJ:Se3iqnhoufwC,,,Amine El Sahili,"La these est constituee de deux parties fonctions et line digraphes et chemins dans des graphes orientes n-chromatiques. Dans la premiere partie, nous donnons la definition des line digraphes. Nous discutons le probleme de la reconnaissance des graphes sousjacents des line digraphes. Chvatal et ebenegger ont demontre que ce probleme est np-complet. Nous remarquons que leur preuve suffit pour demontrer que le probleme reste np-complet si on se limite au line digraphes l(h), ou h est un digraphe dans lequel tout sommet a un degree interieur ou exterieur au plus un. Nous caracterisons ensuite ces graphes en rajoutant une condition supplementaire. Plusieurs applications sur des structures des fonctions sont donnees ensuite. Dans la deuxieme partie, nous partons de la question suivante: soit d une orientation d'un graphe n-chromatique. Quels sont les chemins orientes qu'on est sur de trouver dans d comme sous-digraphes. Nous traitons deux types particuliers de chemins: 1. Les chemins constitues par deux blocs 2. Les chemins antidirectes",graph theory,0.4
,,"참고문헌
A El-Sahili, N Al-Sharif, S Khanafer - education
Related articles",,5.0,,,,,65-72,Graph Theory,,Amine El Sahili,,,참고문헌,,education,,https://scholar.google.com/citations?view_op=view_citation&hl=en&user=uH0ostgAAAAJ&cstart=20&pagesize=80&citation_for_view=uH0ostgAAAAJ:ZeXyd9-uunAC,1,,"A El-Sahili, N Al-Sharif, S Khanafer","김판수, 김나리 (2016). 수학 창의성에 대한 초등수학영재들의 인식 연구. 영재교육연구, 26 (4), 747-761. 박만구 (2009). 수학교육에서 창의성의 개념 및 신장 방안, 한국수학교육학회지 시리즈 E< 수학교육 논문집>, 23 (3), 803-822.",graph theory,0.2
,,"Auteurs/Authors tome 339, juillet–décembre 2004
B Abbaci, B Adamczewski, AL Afchain, A Aftalion…
Related articles All 3 versions",,,http://www.numdam.org/item/10.1016/S1631-073X(04)00563-1.pdf,,,,,Graph Theory,,Amine El Sahili,,,"Auteurs/Authors tome 339, juillet–décembre 2004",,,,https://scholar.google.com/citations?view_op=view_citation&hl=en&user=uH0ostgAAAAJ&cstart=20&pagesize=80&citation_for_view=uH0ostgAAAAJ:eQOLeE2rZwMC,,,"B Abbaci, B Adamczewski, AL Afchain, A Aftalion, F Aicardi, H Airault, H Akbar-Zadeh, M Akian, II Albarreal, D Alpay, Y Askoura, A Bachelot, C Badea, V Bagdonavicius, S Ballet, R Bapat, J Barral, M Barrandon, M Barrault, R Barrio, RO Bauer, A Bayad, A Beauville, L Bélair, N Belili, N Ben Abdallah, V Benci, A Bendali, B Bendiffalah, HB Ben Messaoud, H Berestycki, N Bergeron, A Bermúdez, I Biswas, J Blanc, A Blokh, D Blondin, VI Bogachev, M Bostan, Y Boubendir, G Bouchitté, A Bouillard, TZ Boulmezaoud, J Bourgain, H Brezis, NP Brown, O Brunat, L Bruneau, AS Buch, Y Bugeaud, P Bürgisser, M Cailotto, F Callegaro, MC Calzada, H Cardot, C Caubel, MC Chang, E Chasseigne, J Chaumine, S Chaumont, I Chen, M Chipot, Ph G Ciarlet, P Ciarlet Jr, D Cioranescu, FC Cîrstea, R Cluckers, JL Colliot-Thélène, Ch Crambes, JL Cruz, F Cucker, S Dabo-Niang, X Dai, A Damlamian, G Da Prato, EJ Dean, R De Arcangelis, M Debbarh, J Dedecker, E Delafosse, C Delhommé, P De Maesschalck, S Denisov, A Derbal, A Dermoune, B de Saporta, AK Diongue, P Djakov, J Dolbeault, L Ducos, F Dumortier, G Duval, A El Sahili, R Eymard, A Fan, HR Fanaï, M Farhloul","Auteurs/Authors tome 339, juillet–décembre 2004. Comptes Rendus. Mathématique, Tome 339 (2004) no. 12, pp. 911-913. doi: 10.1016/S1631-073X (04) 00563-1. http://www. numdam. org/articles/10.1016/S1631-073X (04) 00563-1/",Unclassified,0.0
