Book,Conference,Scholar articles,Publication date,Volume,PDF Link,Patent office,Report number,Source,Pages,Research Interests,Total citations,Researcher Name,Inventors,Patent number,Title,Institution,Journal,Application number,Scholar Link,Issue,Publisher,Authors,Description
,,"Vapor pressure measurements in the range 10− 5 Pa to 1 Pa of four pentaerythritol esters: Density and vapor–liquid equilibria modeling of ester lubricants
A Razzouk, I Mokbel, J García, J Fernandez, N Msakni… - Fluid Phase Equilibria, 2007
Cited by 61 Related articles All 5 versions",2007/11/1,260,,,,,248-261,,Cited by 61,Antonio Razzouk,,,Vapor pressure measurements in the range 10− 5 Pa to 1 Pa of four pentaerythritol esters: Density and vapor–liquid equilibria modeling of ester lubricants,,Fluid Phase Equilibria,,https://scholar.google.com/citations?view_op=view_citation&hl=en&user=FSPElpMAAAAJ&citation_for_view=FSPElpMAAAAJ:9yKSN-GCB0IC,2,Elsevier,"Antonio Razzouk, Ilham Mokbel, Josefa García, Josefa Fernandez, Nizar Msakni, Jacques Jose","Vapor pressures of four pure pentaerythritol esters, PE, pentaerythritol tetrapentanoate, pentaerythritol tetraheptanoate, pentaerythritol tetranonanoate and pentaerythritol tetra 2-ethylhexanoate were measured between 334 and 476K in a recently developed gas saturation apparatus. The experimental vapor pressure values for the four polyolesters range from 5.6×10−5Pa to 0.94Pa. These data together with density values were used to determined SAFT and PC-SAFT characteristic parameters. The linearity of molecular parameters for both models with the molecular weight permits to interpolate and extrapolate these parameters for pentaerythritol ester with linear chains. For pentaerythritol esters with ethyl-alkanoic chains, the parameters of SAFT and PC-SAFT have been estimated assuming that the slope of these straight lines is the same for PEs with linear chains that for PE with branched chains. This procedure …"
,,"Quantitative extraction procedure of naphthenic acids contained in crude oils. Characterization with different spectroscopic methods
J Saab, I Mokbel, AC Razzouk, N Ainous, N Zydowicz… - Energy & fuels, 2005
Cited by 61 Related articles All 5 versions",2005/3/16,19,https://www.academia.edu/download/69724791/ef049930k20210915-15603-1f6gb1k.pdf,,,,525-531,,Cited by 61,Antonio Razzouk,,,Quantitative extraction procedure of naphthenic acids contained in crude oils. Characterization with different spectroscopic methods,,Energy & fuels,,https://scholar.google.com/citations?view_op=view_citation&hl=en&user=FSPElpMAAAAJ&citation_for_view=FSPElpMAAAAJ:Y0pCki6q_DkC,2,American Chemical Society,"J Saab, I Mokbel, AC Razzouk, N Ainous, N Zydowicz, J Jose","The organic acids present in petroleum, commonly called “naphthenic acids” (NA), are identified as carboxylic acids of the general formula “RCOOH”, where R represents a hydrocarbon chain that does not necessarily show cycloaliphatic structure. The presence of stable oil-in-water emulsions in the crude oils hinders the dehydration process, which is required during the production step. Some compounds, such as the organic acids (NA) present in the crude oils, are involved in the stabilization of the emulsions, because of their amphiphilic structure. The emulsion-breaking process is improved if the organic acids are determined qualitatively and quantitatively. We proposed the study of a quantitative extraction procedure of NA contained in crude oils. First of all, we performed the liquid−liquid extraction of the organic acids, using alcoholic solutions. Because this method did not allow the quantitative recovery of the …"
,,"Isothermal vapor− liquid equilibria of (monoethanolamine+ water) and (4-methylmorpholine+ water) binary systems at several temperatures
A Belabbaci, A Razzouk, I Mokbel, J Jose, L Negadi - Journal of Chemical & Engineering Data, 2009
Cited by 57 Related articles All 5 versions",2009/8/13,54,,,,,2312-2316,,Cited by 57,Antonio Razzouk,,,Isothermal vapor− liquid equilibria of (monoethanolamine+ water) and (4-methylmorpholine+ water) binary systems at several temperatures,,Journal of Chemical & Engineering Data,,https://scholar.google.com/citations?view_op=view_citation&hl=en&user=FSPElpMAAAAJ&citation_for_view=FSPElpMAAAAJ:W7OEmFMy1HYC,8,American Chemical Society,"Aouicha Belabbaci, Antonio Razzouk, Ilham Mokbel, Jacques Jose, Latifa Negadi","The vapor pressures of (monoethanolamine (MEA) + water) and (4-methylmorpholine + water) and of all the pure components were measured by means of two static devices at temperatures between (283 and 363) K. The data were correlated with the Antoine equation. From these data, excess Gibbs functions were calculated for several constant temperatures and fitted to a fourth-order Redlich−Kister equation using Barker’s method. The (4-methylmorpholine + water) binary system shows maximum azeotropic behavior over the whole temperature range. The (MEA + water) binary mixture exhibits negative deviations in GE, whereas for the (4-methylmorpholine + water) system, the excess Gibbs energy is positive for all investigated temperatures over the whole composition range."
,,"Solubility of hexafluorobenzene in aqueous salt solutions from (280 to 340) K
MG Freire, A Razzouk, I Mokbel, J Jose, IM Marrucho… - Journal of Chemical & Engineering Data, 2005
Cited by 39 Related articles All 9 versions",2005/1/13,50,https://path.web.ua.pt/file/J_Chem_Eng_Data_2005_50_237.pdf,,,,237-242,,Cited by 39,Antonio Razzouk,,,Solubility of hexafluorobenzene in aqueous salt solutions from (280 to 340) K,,Journal of Chemical & Engineering Data,,https://scholar.google.com/citations?view_op=view_citation&hl=en&user=FSPElpMAAAAJ&citation_for_view=FSPElpMAAAAJ:zYLM7Y9cAGgC,1,American Chemical Society,"Mara G Freire, Antonio Razzouk, Ilham Mokbel, Jacques Jose, Isabel M Marrucho, Joao AP Coutinho","The aim of this work was to study the solubility of hexafluorobenzene in aqueous salt solutions because, despite its interest, information about the solubility of perfluorocarbons in aqueous solutions was previously not available. The solubility of the perfluorocarbon in water and aqueous salt solutions was measured using a liquid−liquid extraction method. The method was validated by comparing the measured solubility of ethylbenzene in water with the literature data. The estimated uncertainty in the experimental data is less than 6%. The effect of the salt concentration and the cation/anion effect on the solubility were also established. Solubility data was measured in the temperature range from (280 to 340) K at atmospheric pressure. Thermodynamic functions such as the Gibbs energy, enthalpy, and entropy of solution were obtained from the temperature dependence of the solubility data. From the data on the …"
,,"Liquid− liquid equilibria for monoethylene glycol+ hexane and 2, 2, 4-trimethylpentane, water+ hexane and 2, 2, 4-trimethylpentane, monoethylene glycol+ water+ hexane, and monoethylene glycol+ water+ 2, 2, 4-trimethylpentane in the temperature range between T= 283.15 K and T= 323.15 K
A Razzouk, RA Naccoul, I Mokbel, P Duchet-Suchaux… - Journal of Chemical & Engineering Data, 2010
Cited by 38 Related articles All 5 versions",2010/4/8,55,https://www.academia.edu/download/48614732/je900295u20160906-27669-ioso4g.pdf,,,,1468-1472,,Cited by 38,Antonio Razzouk,,,"Liquid− liquid equilibria for monoethylene glycol+ hexane and 2, 2, 4-trimethylpentane, water+ hexane and 2, 2, 4-trimethylpentane, monoethylene glycol+ water+ hexane, and …",,Journal of Chemical & Engineering Data,,https://scholar.google.com/citations?view_op=view_citation&hl=en&user=FSPElpMAAAAJ&citation_for_view=FSPElpMAAAAJ:u-x6o8ySG0sC,4,American Chemical Society,"Antonio Razzouk, Ramy Abou Naccoul, Ilham Mokbel, Pierre Duchet-Suchaux, Jacques Jose, Evelyne Rauzy, Charles Berro","The authors declare that data presented in the article entitled “Liquid−Liquid Equilibria for Monoethylene Glycol + Water + Alkane Systems in the Range (273 to 313) K and Atmospheric Pressure” [J. Chem. Eng. Data 2004, 49, 1577−1580] are completely erroneous. In the present study, the authors report new solubility data for two of the eight ternary systems mentioned in the previously cited article: monoethylene glycol (MEG) + water + n-hexane/2,2,4-trimethylpentane. The experimental protocol was first validated by studying the liquid−liquid equilibria of four binary mixtures, MEG + n-hexane/2,2,4-trimethylpentane and water + n-hexane/2,2,4-trimethylpentane, under atmospheric pressure at T = 283.15 K, T = 303.15 K, and T = 323.15 K. The experimental results have been compared with the available literature data, and a good agreement has been found."
,,"A Gas Saturation Apparatus for Very Low Vapor or Sublimation Pressure Measurements (10-3 Pa): Vapor− Liquid Equilibria of n-Alkanes (n-C10, n-C24, n-C28)
I Mokbel, A Razzouk, A Hajjaji, N Msakni, J Jose - Journal of Chemical & Engineering Data, 2007
Cited by 33 Related articles All 3 versions",2007/9/13,52,,,,,1720-1725,,Cited by 33,Antonio Razzouk,,,"A Gas Saturation Apparatus for Very Low Vapor or Sublimation Pressure Measurements (10-3 Pa): Vapor− Liquid Equilibria of n-Alkanes (n-C10, n-C24, n-C28)",,Journal of Chemical & Engineering Data,,https://scholar.google.com/citations?view_op=view_citation&hl=en&user=FSPElpMAAAAJ&citation_for_view=FSPElpMAAAAJ:d1gkVwhDpl0C,5,American Chemical Society,"Ilham Mokbel, Antonio Razzouk, Ahmed Hajjaji, Nizar Msakni, Jacques Jose",An apparatus for very low vapor or sublimation pressure measurements (10-3 Pa) was designed and built. The principle of the apparatus is based on the saturation by the sample and by a standard compound of an inert gas flowing through a saturator and into a cold GC column used as a trap. This stage is followed by a chromatographic analysis consisting of increasing the temperature of the column. The originality of the present apparatus lies on the use of a supplementary line containing the standard compound. The study of the two substances is carried out simultaneously. This relative method allows reliable measurements of vapor or sublimation pressures. The apparatus was tested by the study of several alkanes. The experimental pressures are in a good agreement with the available literature data.
,,"Experimental vapor pressures of 2-phenylethylamine, benzylamine, triethylamine, and cis-2, 6-dimethylpiperidine in the range between 0.2 Pa and 75 kPa
I Mokbel, A Razzouk, T Sawaya, J Jose - Journal of Chemical & Engineering Data, 2009
Cited by 31 Related articles All 2 versions",2009/3/12,54,,,,,819-822,,Cited by 31,Antonio Razzouk,,,"Experimental Vapor Pressures of 2-Phenylethylamine, Benzylamine, Triethylamine, and cis-2,6-Dimethylpiperidine in the Range between 0.2 Pa and 75 kPa",,Journal of Chemical & Engineering Data,,https://scholar.google.com/citations?view_op=view_citation&hl=en&user=FSPElpMAAAAJ&citation_for_view=FSPElpMAAAAJ:u5HHmVD_uO8C,3,American Chemical Society,"Ilham Mokbel, Antonio Razzouk, Terufat Sawaya, Jacques Jose","In this study, we reported experimental vapor pressures of several amines presenting different molecular structures, 2-phenylethylamine, benzylamine, triethylamine and cis-2,6-dimethylpiperidine, using a static apparatus. The pressure range is comprised between 0.2 Pa and 75 kPa, and the temperature range is between (273 and 365) K. From the temperature dependence of the vapor pressures, the molar enthalpies of vaporization at the mean temperature of the experimental range were derived from the Clausius−Clapeyron equation. From these results, the standard enthalpies of vaporization at T = 298.15 K were calculated and compared with the open literature values."
,,"Vapor and sublimation pressures of three normal alkanes: C20, C24, and C28
A Razzouk, RA Naccoul, I Mokbel, J Saab, J Jose - Journal of Chemical & Engineering Data, 2009
Cited by 23 Related articles All 4 versions",2009/4/9,54,https://www.academia.edu/download/48614769/Vapor_and_Sublimation_Pressures_of_Three20160906-11451-1ncki6v.pdf,,,,1214-1219,,Cited by 23,Antonio Razzouk,,,"Vapor and Sublimation Pressures of Three Normal Alkanes: C20, C24, and C28",,Journal of Chemical & Engineering Data,,https://scholar.google.com/citations?view_op=view_citation&hl=en&user=FSPElpMAAAAJ&citation_for_view=FSPElpMAAAAJ:2osOgNQ5qMEC,4,American Chemical Society,"Antonio Razzouk, Ramy Abou Naccoul, Ilham Mokbel, Joseph Saab, Jacques Jose","Vapor and sublimation pressures of three n-alkanes C20, C24, and C28 have been determined using a modified gas saturation method. The obtained pressure values range from 10−5 Pa to 5.5 Pa. From the temperature dependence of the vapor pressures, the molar enthalpies of vaporization and sublimation at the mean temperature of the experimental range were derived from the Clausius−Clapeyron equation. From these results, the standard enthalpies of vaporization and sublimation at T = 298.15 K were calculated."
,,"Experimental vapor pressures of 1, 2-bis (dimethylamino) ethane, 1-methylmorpholine, 1, 2-bis (2-aminoethoxy) ethane and N-benzylethanolamine between 273.18 and 364.97 K
A Razzouk, A Hajjaji, I Mokbel, P Mougin, J Jose - Fluid phase equilibria, 2009
Cited by 15 Related articles All 5 versions",2009/8/15,282,,,,,11-13,,Cited by 15,Antonio Razzouk,,,"Experimental vapor pressures of 1, 2-bis (dimethylamino) ethane, 1-methylmorpholine, 1, 2-bis (2-aminoethoxy) ethane and N-benzylethanolamine between 273.18 and 364.97 K",,Fluid phase equilibria,,https://scholar.google.com/citations?view_op=view_citation&hl=en&user=FSPElpMAAAAJ&citation_for_view=FSPElpMAAAAJ:IjCSPb-OGe4C,1,Elsevier,"Antonio Razzouk, Ahmed Hajjaji, Ilham Mokbel, Pascal Mougin, Jacques Jose","In this work, the experimental vapor pressures of four amines 1,2-bis(dimethylamino)ethane, 1-methylmorpholine, 1,2-bis(2-aminoethoxy)ethane and N-benzylethanolamine using a static apparatus are reported. The temperature range is comprised between 273.18 and 364.97K and the pressure range between 0.782Pa and 333kPa. The molar enthalpies of vaporization at 298.15K were calculated from Clausius–Clapeyron equation fitted on the experimental results."
,,"Vapor-pressure measurements and modeling of dipentaerythritol ester lubricants
J Garcia, R Abou Naccoul, J Fernandez, A Razzouk… - Industrial & Engineering Chemistry Research, 2011
Cited by 12 Related articles All 3 versions",2011/4/20,50,,,,,4231-4237,,Cited by 12,Antonio Razzouk,,,Vapor-pressure measurements and modeling of dipentaerythritol ester lubricants,,Industrial & Engineering Chemistry Research,,https://scholar.google.com/citations?view_op=view_citation&hl=en&user=FSPElpMAAAAJ&citation_for_view=FSPElpMAAAAJ:Tyk-4Ss8FVUC,8,American Chemical Society,"Josefa Garcia, Ramy Abou Naccoul, Josefa Fernandez, Antonio Razzouk, Ilham Mokbel","The aim of this work is to present new vapor-pressure measurements and provide a good description of the volumetric and phase behavior of dipentaerythritol ester (DiPEs) lubricants, using the Statistical Associating Fluid Theory (SAFT) model (PC-SAFT and SAFT-VR versions). Characteristic parameters of these versions were optimized for dipentaerythritol hexapentanoate (DiPEC5), dipentaerythritol hexaheptanoate (DiPEC7), and dipentaerythritol isononanoate (DiPEiC9), using experimental vapor pressures and densities. With these parameters, compressed densities were predicted. Experimental vapor pressures, determined by a gas saturation apparatus, range between 2 × 10−5 Pa and 16 Pa, whereas the absolute deviations obtained in the correlations for both versions of the model (PC-SAFT and SAFT-VR) are between 10−6 Pa and 1 Pa. In the case of saturated densities, the average absolute deviation …"
,,"Liquid–liquid equilibria of binary and ternary systems methanol/water+ n-hexane,+ n-octane,+ n-dodecane, and+ n-hexadecane in the temperature range between T= 283.15 K and T= 333.15 K
C Lindemann, P Duchet-Suchaux, A Razzouk, I Mokbel… - Journal of Chemical & Engineering Data, 2016
Cited by 6 Related articles All 3 versions",2016/7/14,61,,,,,2412-2418,,Cited by 6,Antonio Razzouk,,,"Liquid–liquid equilibria of binary and ternary systems methanol/water+ n-hexane,+ n-octane,+ n-dodecane, and+ n-hexadecane in the temperature range between T= 283.15 K and T …",,Journal of Chemical & Engineering Data,,https://scholar.google.com/citations?view_op=view_citation&hl=en&user=FSPElpMAAAAJ&citation_for_view=FSPElpMAAAAJ:UeHWp8X0CEIC,7,American Chemical Society,"Cécile Lindemann, Pierre Duchet-Suchaux, Antonio Razzouk, Ilham Mokbel, Jacques Jose","Original very low solubility data for binary (methanol + dodecane) and ternary systems (methanol/water + hexane, or octane, or dodecane, or hexadecane) under atmospheric pressure at three temperatures between 283.15 and 333.15 K are reported. The experimental values were compared with literature data when available. Two models (NRTL and UNIQUAC) were used to correlate and predict the experimental data."
,,"Sublimation and Vapor pressure s of heavy n-alkanes by Gas Saturation method
R Abou Naccoul, A Razzouk, J Saab, I Mokbel…
Related articles",,,https://skoge.folk.ntnu.no/prost/proceedings/aiche-2008/data/papers/P120495.pdf,,,,,,,Antonio Razzouk,,,Sublimation and Vapor pressure s of heavy n-alkanes by Gas Saturation method,,,,https://scholar.google.com/citations?view_op=view_citation&hl=en&user=FSPElpMAAAAJ&citation_for_view=FSPElpMAAAAJ:qjMakFHDy7sC,,,"Ramy Abou Naccoul, Antonio Razzouk, Joseph Saab, Ilham Mokbel, Naim Ouaini, Jacques Jose","Vapor and sublimation pressures of three n-alkanes C20, C24 and C28 in the temperature range 303-413K were determined. The measurements were carried out by a modified gas saturation technique using a reference compound in order to improve the accuracy of the data. The obtained pressure values range from 10-5 Pa to 5.5 Pa. The experimental data were fitted to Clausius-Clapeyron equation in order to determine vaporization and sublimation enthalpies. The triple point was deduced graphically from the intersection point between the two plots of solid and liquid states."
