Book,Conference,Scholar articles,Publication date,Volume,PDF Link,Patent office,Report number,Source,Pages,Research Interests,Total citations,Researcher Name,Inventors,Patent number,Title,Institution,Journal,Application number,Scholar Link,Issue,Publisher,Authors,Description,Classified_Topic,Classification_Confidence
,,"Simulation and optimization of hydrogen production by steam reforming of natural gas for refining and petrochemical demands in Lebanon
AMEH Chehade, EA Daher, JC Assaf, B Riachi… - International Journal of Hydrogen Energy, 2020
Cited by 78 Related articles All 3 versions",2020/11/27,45.0,https://www.academia.edu/download/96287912/j.ijhydene.2020.09.07720221224-1-zy0864.pdf,,,,33235-33247,"Energy, Aircraft hydraulic systems",Cited by 78,Bassam Riachi,,,Simulation and optimization of hydrogen production by steam reforming of natural gas for refining and petrochemical demands in Lebanon,,International Journal of Hydrogen Energy,,https://scholar.google.com/citations?view_op=view_citation&hl=en&user=5DzzEjQAAAAJ&citation_for_view=5DzzEjQAAAAJ:W7OEmFMy1HYC,58.0,Pergamon,"Aya M El Hajj Chehade, Elie A Daher, Jean Claude Assaf, Bassam Riachi, Wael Hamd","Steam reforming of natural gas produces the majority of the world's hydrogen (H2) and it is considered as a cost-effective method from a product yield and energy consumption point of view. In this work, we present a simulation and an optimization study of an industrial natural gas steam reforming process by using Aspen HYSYS and MATLAB software. All the parameters were optimized to successfully run a complete process including the hydrogen production zone units (reformer reactor, high temperature gas shift reactor HTS and low temperature gas shift reactor LTS) and the purification zone units (absorber and methanator). Optimum production of hydrogen (87,404 MT/year) was obtained by fixing the temperatures in the reformer and the gas shift reactors (HTS & LTS) at 900 °C, 500 °C and 200 °C respectively while maintaining a pressure of 7 atm, and a steam to carbon ratio (S/C) of 4. Moreover, ~99% of the …",energy,0.604
,,"New approach for designing wrinkled and porous ZnO thin films for photocatalytic applications
EA Daher, B Riachi, J Chamoun, C Laberty-Robert… - Colloids and Surfaces A: Physicochemical and …, 2023
Cited by 28 Related articles All 3 versions",2023/2/5,658.0,,,,,130628,"Energy, Aircraft hydraulic systems",Cited by 28,Bassam Riachi,,,New approach for designing wrinkled and porous ZnO thin films for photocatalytic applications,,Colloids and Surfaces A: Physicochemical and Engineering Aspects,,https://scholar.google.com/citations?view_op=view_citation&hl=en&user=5DzzEjQAAAAJ&citation_for_view=5DzzEjQAAAAJ:WF5omc3nYNoC,,Elsevier,"Elie A Daher, Bassam Riachi, Jean Chamoun, Christel Laberty-Robert, Wael Hamd","A new template-free, porous, and wrinkled ZnO thin films were designed by sol-gel dip-coating technique for enhancing the photocatalytic degradation of organic pollutants in water. The spontaneous formation of such nanostructure represents a certain type of instability-driven organization under intrinsic stress, such as thermal compression. The surface evolution was tracked by in situ thermo-ellipsometry technique through the changes in the film’s thickness and refractive index. The engineered nanostructure was obtained by a pre-heat treatment at 150 ⁰ C in the infrared chamber of the dip-coater followed by a post-annealing in the air at 450 ⁰ C for 1 h. A wrinkled structure with a porosity of ∼ 22–25% and an average pore Ferret diameter of ∼24 nm were revealed, promoting the adsorption of pollutants onto the films' surface. The photocatalytic activity of ZnO films was tested via the degradation of methylene …",aircraft hydraulic systems,0.4
,,"Impact of moisture on the corrosion behavior of copper and mild carbon steel in corn biodiesel
DL Cursaru, S Nassreddine, B Riachi, M Neagu… - Corrosion Reviews, 2018
Cited by 8 Related articles All 5 versions",2018/12/1,36.0,https://www.academia.edu/download/110302965/corrrev-2018-001520240111-1-mez5uj.pdf,,,,559-574,"Energy, Aircraft hydraulic systems",Cited by 8,Bassam Riachi,,,Impact of moisture on the corrosion behavior of copper and mild carbon steel in corn biodiesel,,Corrosion Reviews,,https://scholar.google.com/citations?view_op=view_citation&hl=en&user=5DzzEjQAAAAJ&citation_for_view=5DzzEjQAAAAJ:YsMSGLbcyi4C,6.0,De Gruyter,"Diana-Luciana Cursaru, Salim Nassreddine, Bassam Riachi, Mihaela Neagu, Sonia Mihai, Dănuţa Matei, Gheorghe Brănoiu","Presence of moisture is very important for vegetable oils and for corresponding biodiesel because it may cause some problems or accelerate some issues that cannot be ignored. One of the main hindrances of biodiesel is its hygroscopic nature, which accelerates the corrosion of the fuel system of the engines. Thus, this study aims to investigate the effects of moisture on corn biodiesel and its susceptibility to corrosion on different automotive materials such as copper and mild carbon steel. Static immersion tests in corn biodiesel (B100) with different water concentrations (100 ppm, 500 ppm, and 700 ppm) were carried out at 90 C for 1200 h, and the results were compared to that of commercial diesel fuel (B0). After immersion tests, the surface morphology was studied by scanning electron microscopy (SEM), and corrosion products were detected by X-ray diffraction (XRD). The total acid number (TAN) was used to …",aircraft hydraulic systems,0.4
,,"A study on oxidation stability improvement of a palm oil‐derived biodiesel by a synthetic antioxidant
N Ishak, M Msheik, DL Cursaru, B Riachi… - Environmental Progress & Sustainable Energy, 2023
Cited by 1 Related articles All 3 versions",2023/7,42.0,,,,,e14109,"Energy, Aircraft hydraulic systems",Cited by 1,Bassam Riachi,,,A study on oxidation stability improvement of a palm oil‐derived biodiesel by a synthetic antioxidant,,Environmental Progress & Sustainable Energy,,https://scholar.google.com/citations?view_op=view_citation&hl=en&user=5DzzEjQAAAAJ&citation_for_view=5DzzEjQAAAAJ:ufrVoPGSRksC,4.0,"John Wiley & Sons, Inc.","Nijad Ishak, Malek Msheik, Diana‐Luciana Cursaru, Bassam Riachi, Salim Nassreddine","Biodiesel, an alternative for conventional diesel, can be produced from renewable resources such as vegetable oils. One of the most crucial characteristics of biodiesel fuel is oxidation stability, which significantly influences the stability of biodiesel during prolonged storage. In fact, biodiesel is less resistant against oxidation than the conventional diesel. In order to transcend this problem, additives are employed. This work uses the Rancimat technique to examine the effects of various antioxidants additives on the oxidation stability of different produced biodiesel. The oxidative stability of biodiesel produced from rapeseed, palm, sunflower and waste cooking oil were evaluated after assuring that the properties of used oils and produced biodiesel complied with the ASTM requirements. Palm biodiesel was selected since it showed the highest oxidation stability of 1.32 h. The experimental findings demonstrated that the …",aircraft hydraulic systems,0.267
,,"Natural Sunlight-Driven Photocatalytic Degradation of Polypropylene Microplastics over ZnO Nanorods
EA Daher, Y Hammoud, CL Robert, CVP Lopez… - Environmental Research, 2025
Related articles",2025/5/16,,https://papers.ssrn.com/sol3/Delivery.cfm?abstractid=5095417,,,,121836,"Energy, Aircraft hydraulic systems",,Bassam Riachi,,,Natural Sunlight-Driven Photocatalytic Degradation of Polypropylene Microplastics over ZnO Nanorods,,Environmental Research,,https://scholar.google.com/citations?view_op=view_citation&hl=en&user=5DzzEjQAAAAJ&citation_for_view=5DzzEjQAAAAJ:_FxGoFyzp5QC,,Academic Press,"Elie A Daher, Yara Hammoud, Christel Laberty Robert, Christian Vianey Paz Lopez, Bassam Riachi, Wael Hamd","Microplastic pollution has emerged as a major global issue, with over 5 trillion plastic particles contaminating oceans and seas, posing significant risks to both ecosystems and human health. Recent studies have highlighted advanced oxidation processes as a promising technology to tackle this issue. Among these, heterogeneous photocatalysis has been identified as a particularly effective process. In this study, we fabricated ZnO-based photocatalysts, hydrothermally coated onto a glass fiber meshes with a thickness of approximately 16 μm. The ZnO nanorods exhibited an average length (l) of ∼3.2 μm and an average diameter (d) of ∼94 nm, resulting in a high length-to-diameter (l/d) ratio of 34 to enhance photocatalytic efficiency. The photocatalytic degradation of low-density polypropylene MPs (300 μm, 905 kg/m3) was tested using a 100 mL batch photoreactor in which 27 particles (∼26 mg) were suspended …",aircraft hydraulic systems,0.4
,,"Biodiesel Fuel from Waste Cooking Oil: A Cheaper and Cleaner Renewable Energy Source*
R KANAAN, E AL-AAWAR, B RIACHI…
Related articles All 6 versions",2021,72.0,,,,,185-198,"Energy, Aircraft hydraulic systems",,Bassam Riachi,,,Biodiesel Fuel from Waste Cooking Oil: A Cheaper and Cleaner Renewable Energy Source,,Revista de Chimie,,https://scholar.google.com/citations?view_op=view_citation&hl=en&user=5DzzEjQAAAAJ&citation_for_view=5DzzEjQAAAAJ:eQOLeE2rZwMC,2.0,,"RIHAM KANAAN, ELISSAR AL-AAWAR, BASSAM RIACHI, SALIM NASSREDDINE, DIANA-LUCIANA CURSARU, JEAN CHAMOUN",,energy,0.629
,,,2013,,,,2.0,E/ESCWA/SDPD/2013/Technical Paper.2,91,"Energy, Aircraft hydraulic systems",,Bassam Riachi,,,ESCWA documentary about ecodriving in Lebanon (Arabic and English versions) القيادة الاقتصادية البيئية للمرآبات: حل عملي لتخفيف استهلاك الوقود والتلوث البيئي في لبنان,,,,https://scholar.google.com/citations?view_op=view_citation&hl=en&user=5DzzEjQAAAAJ&citation_for_view=5DzzEjQAAAAJ:u-x6o8ySG0sC,,,Bassam Riachi,,Unclassified,0.0
,,,1999,,,,,,,"Energy, Aircraft hydraulic systems",,Bassam Riachi,,,Разработка метода диагностирования источников питания гидроприводов,Белорусская государственная политехническая академия,,,https://scholar.google.com/citations?view_op=view_citation&hl=en&user=5DzzEjQAAAAJ&citation_for_view=5DzzEjQAAAAJ:Y0pCki6q_DkC,,,Bassam Riachi,,Unclassified,0.0
,"The 53 international scientific technical conference, Belorussian Polytechnic Academy",,1999,53.0,,,,,1,"Energy, Aircraft hydraulic systems",,Bassam Riachi,,,Diagnostics of bent axis piston pumps,,,,https://scholar.google.com/citations?view_op=view_citation&hl=en&user=5DzzEjQAAAAJ&citation_for_view=5DzzEjQAAAAJ:Tyk-4Ss8FVUC,1.0,,Bassam Riachi,,Unclassified,0.0
,"The 53 international scientific technical conference, Belorussian Polytechnic Academy",,1999,53.0,,,,,1,"Energy, Aircraft hydraulic systems",,Bassam Riachi,,,Identification methods for the diagnostics of hydraulic axial piston pumps,,,,https://scholar.google.com/citations?view_op=view_citation&hl=en&user=5DzzEjQAAAAJ&citation_for_view=5DzzEjQAAAAJ:zYLM7Y9cAGgC,1.0,,Bassam Riachi,,aircraft hydraulic systems,0.164
,"The 53 international scientific technical conference, Belorussian Polytechnic Academy",,1999,53.0,,,,,1,"Energy, Aircraft hydraulic systems",,Bassam Riachi,,,The use of wave function and vibro-acoustical methods for the diagnostics of hydraulic pumps,,,,https://scholar.google.com/citations?view_op=view_citation&hl=en&user=5DzzEjQAAAAJ&citation_for_view=5DzzEjQAAAAJ:IjCSPb-OGe4C,1.0,,Bassam Riachi,,aircraft hydraulic systems,0.158
,,,1998,36.0,,,,,4,"Energy, Aircraft hydraulic systems",,Bassam Riachi,,,The Causes Of Failures And Faults Of Hydraulic Pumps And Their Destruction Control Strategies,,Machines Construction YDK 621,,https://scholar.google.com/citations?view_op=view_citation&hl=en&user=5DzzEjQAAAAJ&citation_for_view=5DzzEjQAAAAJ:UeHWp8X0CEIC,12.0,Russian Institute of Science and Technical Information [Russian Academy of Science] ВИНИТИ РАН ISSN 0202-6120,Bassam Riachi,,aircraft hydraulic systems,0.16
,,,1998,36.0,,,,,8,"Energy, Aircraft hydraulic systems",,Bassam Riachi,,,Pump Station Analysis With The Use Of Diagnostic Identification Methods,,Machines Construction YDK 621,,https://scholar.google.com/citations?view_op=view_citation&hl=en&user=5DzzEjQAAAAJ&citation_for_view=5DzzEjQAAAAJ:qjMakFHDy7sC,12.0,Russian Institute of Science and Technical Information [Russian Academy of Science] ВИНИТИ РАН ISSN 0202-6120,Bassam Riachi,,Unclassified,0.0
,,,1998,36.0,,,,,4,"Energy, Aircraft hydraulic systems",,Bassam Riachi,,,Axial-Piston Pump diagnostics With The Use Of Vibro-Acoustic Methods,,Machines Construction YDK 621,,https://scholar.google.com/citations?view_op=view_citation&hl=en&user=5DzzEjQAAAAJ&citation_for_view=5DzzEjQAAAAJ:2osOgNQ5qMEC,12.0,Russian Institute of Science and Technical Information [Russian Academy of Science] ВИНИТИ РАН ISSN 0202-6120,Bassam Riachi,,Unclassified,0.0
,,,1998,36.0,,,,,5,"Energy, Aircraft hydraulic systems",,Bassam Riachi,,,Heat Loads Effects On Hydraulic Pumps,,Machines Construction YDK 621,,https://scholar.google.com/citations?view_op=view_citation&hl=en&user=5DzzEjQAAAAJ&citation_for_view=5DzzEjQAAAAJ:9yKSN-GCB0IC,12.0,Russian Institute of Science and Technical Information [Russian Academy of Science] ВИНИТИ РАН ISSN 0202-6120,Bassam Raichi,,aircraft hydraulic systems,0.178
,,,1998,36.0,,,,,6,"Energy, Aircraft hydraulic systems",,Bassam Riachi,,,Relative Parameters of Pressure Fluctuation,,Machines Construction YDK 621,,https://scholar.google.com/citations?view_op=view_citation&hl=en&user=5DzzEjQAAAAJ&citation_for_view=5DzzEjQAAAAJ:d1gkVwhDpl0C,12.0,Russian Institute of Science and Technical Information [Russian Academy of Science] ВИНИТИ РАН ISSN 0202-6120,Bassam Riachi,,Unclassified,0.0
