Book,Conference,Scholar articles,Publication date,Volume,PDF Link,Patent office,Report number,Source,Pages,Research Interests,Total citations,Researcher Name,Inventors,Patent number,Title,Institution,Journal,Application number,Scholar Link,Issue,Publisher,Authors,Description,Classified_Topic,Classification_Confidence
,,"Oxidation of glycerol differentiates African from European isolates of Mycoplasma mycoides subspecies mycoides SC (small colony).
BM Houshaymi, RJ Miles, RAJ Nicholas - 1997
Cited by 42 Related articles All 8 versions",1997/4/18,140.0,,,,,182-183,"Microbiology, Molecualr Biology, cell biology",Cited by 42,Bilal Houshaymi,,,Oxidation of glycerol differentiates African from European isolates of Mycoplasma mycoides subspecies mycoides SC (small colony).,,,,https://scholar.google.com/citations?view_op=view_citation&hl=en&user=zZbin3AAAAAJ&citation_for_view=zZbin3AAAAAJ:UeHWp8X0CEIC,7.0,,"BM Houshaymi, RJ Miles, RAJ Nicholas","Rates of glucose and glycerol oxidation were compared in 14 SC (small colony) strains of M. mycoides subspecies mycoides (10 European, 3 African and 1 Australian) and 2 European LC (large colony) strains. Ten Italian and Portuguese SC isolates, from recent outbreaks of contagious bovine pleuropneumonia, were unable to oxidize glycerol while the African and Australian SC strains and the European LC strains oxidized glycerol with oxygen uptake rates of 88-540% of those for glucose. The European SC strains oxidized glucose at similar rates to those obtained for LC and other SC strains. The inability of the European SC isolates to oxidize glycerol may prove to be of value in epidemiological studies and supports genetic studies which show differences between European and other SC strains. It is suggested that the inability to oxidize glycerol may be a factor in the reduced morbidity and mortality of …",microbiology,0.4
,,"Investigations of outbreaks of contagious caprine pleuropneumonia in Eritrea
B Houshaymi, T Tekleghiorghis, AJ Wilsmore, RJ Miles… - Tropical Animal Health and Production, 2002
Cited by 26 Related articles All 8 versions",2002/9,34.0,,,,,383-389,"Microbiology, Molecualr Biology, cell biology",Cited by 26,Bilal Houshaymi,,,Investigations of outbreaks of contagious caprine pleuropneumonia in Eritrea,,Tropical Animal Health and Production,,https://scholar.google.com/citations?view_op=view_citation&hl=en&user=zZbin3AAAAAJ&citation_for_view=zZbin3AAAAAJ:9yKSN-GCB0IC,,Kluwer Academic Publishers,"B Houshaymi, T Tekleghiorghis, AJ Wilsmore, RJ Miles, RAJ Nicholas","Mycoplasmas were isolated from freeze-dried lung samples from goats from the western lowlands of Eritrea suspected of being affected by contagious caprine pleuropneumonia. The goats belonged to two herds in which mortality and morbidity rates were high. Mycoplasma capricolum subsp. capripneumoniae was identified in most samples by the polymerase chain reaction and by conventional serological tests. The latex agglutination test detected more positive serum samples in both herds than did the complement fixation test. Following cloning, the isolates of M. capricolum subsp. capripneumoniae were analysed biochemically and shown to be metabolically similar. They oxidized glucose, N-acetylglucosamine, pyruvate and L-lactate with high affinity and mannose, glucosamine and 2-oxobutyrate with low affinity; they were unable to utilize maltose, trehalose, fructose or ethanol. Major improvements …",microbiology,0.4
,,"Isolation of Mycoplasma fermentans from a sheep.
RAJ Nicholas, A Greig, SE Baker, RD Ayling… - 1998
Cited by 25 Related articles All 8 versions",1998/6/4,142.0,,,,,220-221,"Microbiology, Molecualr Biology, cell biology",Cited by 25,Bilal Houshaymi,,,Isolation of Mycoplasma fermentans from a sheep.,,,,https://scholar.google.com/citations?view_op=view_citation&hl=en&user=zZbin3AAAAAJ&citation_for_view=zZbin3AAAAAJ:qjMakFHDy7sC,9.0,,"RAJ Nicholas, A Greig, SE Baker, RD Ayling, M Heldtander, KE Johansson, BM Houshaymi, RJ Miles","In a flock of approximately 650 Scottish mule breed sheep, ulcers were seen on the vaginal cleft of 3 ewes and the glans penis of 3 recently introduced rams. Histophilus ovis, and Actinomyces pyogenes were isolated from swabs from all 6 animals and a mycoplasma was isolated from one of the ewes. Conventional serological tests were negative for all commonly occurring ruminant mycoplasmas. The isolate was identified as the human mycoplasma M. fermentans by 16S ribosomal RNA typing, this was confirmed by the growth inhibition test with specific hyperimmune rabbit antiserum to M. fermentans. Biochemical studies showed that the isolate was similar to the type strain isolated from human genital ulcers but different from some other recent human isolates. The possible contribution by M. fermentans to the development of the lesions in the ewe is discussed.",microbiology,0.4
,,"Close genetic and phenotypic relatedness between Mycoplasma ovine/caprine serogroup 11 and Mycoplasma bovigenitalium
RAJ Nicholas, LA Khan, B Houshaymi, RJ Miles… - Systematic and applied microbiology, 2002
Cited by 24 Related articles All 9 versions",2002/1/1,25.0,,,,,396-402,"Microbiology, Molecualr Biology, cell biology",Cited by 24,Bilal Houshaymi,,,Close genetic and phenotypic relatedness between Mycoplasma ovine/caprine serogroup 11 and Mycoplasma bovigenitalium,,Systematic and applied microbiology,,https://scholar.google.com/citations?view_op=view_citation&hl=en&user=zZbin3AAAAAJ&citation_for_view=zZbin3AAAAAJ:u5HHmVD_uO8C,3.0,Urban & Fischer,"Robin AJ Nicholas, Liaqat A Khan, Bilal Houshaymi, Roger J Miles, Roger D Ayling, Helmut Hotzel, Konrad Sachse","Strains of Mycoplasma ovine/caprine serogroup 11, isolated from infertile sheep, were compared to the type strain, 2D, and to strains of the cattle pathogen M. bovigenitalium, including the type strain, PG11. Examination of these strains by growth inhibition and immune fluorescence tests showed strong serological cross reactivity between M. serogroup 11 and M. bovigenitalium but not with other ruminant mycoplasmas. Substrate oxidation and growth studies did not show any consistent differences between M. serogroup 11 and M. bovigenitalium strains; all strains assigned to both groups were adapted to the utilisation of a small range of organic acids as energy sources. DNA: DNA hybridisation, carried out between DIG labelled reference strains of M. serogroup 11 and M. bovigenitalium and field isolates of these two mycoplasmas showed a particularly close relationship with hybridisation rates all greater than 70 …",microbiology,0.4
,,"Studies on strains of Mycoplasma capricolum subsp. capripneumoniae isolated from outbreaks of contagious caprine pleuropneumonia in Eritrea
B Houshaymi, T Tekleghiorghis, DR Worth, RJ Miles… - Small Ruminant Research, 2002
Cited by 23 Related articles All 2 versions",2002/8/1,45.0,,,,,139-143,"Microbiology, Molecualr Biology, cell biology",Cited by 23,Bilal Houshaymi,,,Studies on strains of Mycoplasma capricolum subsp. capripneumoniae isolated from outbreaks of contagious caprine pleuropneumonia in Eritrea,,Small Ruminant Research,,https://scholar.google.com/citations?view_op=view_citation&hl=en&user=zZbin3AAAAAJ&citation_for_view=zZbin3AAAAAJ:IjCSPb-OGe4C,2.0,Elsevier,"B Houshaymi, T Tekleghiorghis, DR Worth, RJ Miles, RAJ Nicholas","Mycoplasmas were isolated from freeze-dried lung samples of goats from the Western lowlands of Eritrea suspected of being affected by contagious caprine pleuropneumonia (CCPP). The goats belonged to two herds in which mortality and morbidity rates were high. Mycoplasma capricolum subsp. capripneumoniae was identified in most samples by the polymerase chain reaction. Following cloning, M. capricolum subsp. capripneumoniae isolates were analysed biochemically and shown to be metabolically similar. They oxidised glucose, N-acetyl-glucosamine, pyruvate and l-lactate with a high affinity and mannose, glucosamine and 2-oxobutyrate with a low affinity. They were unable to utilise maltose, trehalose, fructose or ethanol. Major improvements were seen in the growth yield of the Eritrean strains with the addition of pyruvate to the medium. Thus, it may be that organic acids are important energy sources for …",microbiology,0.4
,,"Rapid screening of H2O2 production by Mycoplasma mycoides and differentiation of European subsp. mycoides SC (small colony) isolates
P Rice, BM Houshaymi, EAM Abu-Groun, RAJ Nicholas… - Veterinary microbiology, 2001
Cited by 19 Related articles All 8 versions",2001/2/26,78.0,,,,,343-351,"Microbiology, Molecualr Biology, cell biology",Cited by 19,Bilal Houshaymi,,,Rapid screening of H2O2 production by Mycoplasma mycoides and differentiation of European subsp. mycoides SC (small colony) isolates,,Veterinary microbiology,,https://scholar.google.com/citations?view_op=view_citation&hl=en&user=zZbin3AAAAAJ&citation_for_view=zZbin3AAAAAJ:u-x6o8ySG0sC,4.0,Elsevier,"P Rice, BM Houshaymi, EAM Abu-Groun, RAJ Nicholas, RJ Miles","Mycoplasma mycoides strains were screened for the ability to produce H2O2 from glucose and glycerol metabolism using rapid and simple colorimetric assays. In quantitative assays, H2O2 production by washed cell suspensions was detected by the oxidation of o-dianisidine in the presence of peroxidase. In qualitative assays, a 3,3′-diaminobenzidine-peroxidase reagent was applied to colonies on agar plates. Both methods enabled differentiation of European subsp. mycoides SC (small colony) isolates from other M. mycoides strains by their inability to produce H2O2 from glycerol metabolism. In addition, two strains of subsp. capri were identified which produced large amounts of H2O2 from glucose oxidation. In lysed cells of these strains, NADH oxidation gave approximately 1mol H2O2 per mol NADH oxidised whereas in 36 subsp. mycoides and 10 other subsp. capri strains, the quantity produced was 0.01–0 …",cell biology,0.405
,,"A rapid biochemical test to aid identification of Mycoplasma mycoides subsp. mycoides small colony (SC) strains
P Rice, BM Houshaymi, RAJ Nicholas, RJ Miles - Letters in applied microbiology, 2000
Cited by 19 Related articles All 10 versions",2000/1/1,30.0,,,,,70-74,"Microbiology, Molecualr Biology, cell biology",Cited by 19,Bilal Houshaymi,,,A rapid biochemical test to aid identification of Mycoplasma mycoides subsp. mycoides small colony (SC) strains,,Letters in applied microbiology,,https://scholar.google.com/citations?view_op=view_citation&hl=en&user=zZbin3AAAAAJ&citation_for_view=zZbin3AAAAAJ:d1gkVwhDpl0C,1.0,Blackwell Science Ltd,"P Rice, BM Houshaymi, RAJ Nicholas, RJ Miles","P. RICE, B.M. HOUSHAYMI, R.A.J. NICHOLAS and R.J. MILES.2000.The ability to utilize maltose, as determined by measurement of oxygen uptake, is used to differentiate Mycoplasma mycoides subsp. mycoides small colony (SC) and M. capricolum subsp. capripneumoniae (all strains negative) from other members of the M. mycoides cluster (M. mycoides subsp. capri, M. mycoides subsp. mycoides large colony (LC), M. capricolum subsp. capricolum; and bovine serogroup 7; 94% of strains positive). Rapid tests for maltose utilizing ability were developed, based on hydrolysis of a chromogenic α‐glucosidase (maltase) substrate (p‐nitrophenyl‐α‐d‐glucopyranoside, colourless) to give a brightly coloured product (p‐nitrophenol, yellow). On agar plates, colonies of maltose‐utilizing strains became coloured within 40 min.",microbiology,0.4
,,"Pyocyanin, a metabolite of Pseudomonas aeruginosa, exhibits antifungal drug activity through inhibition of a pleiotropic drug resistance subfamily FgABC3
B Houshaymi, R Awada, M Kedees, Z Soayfane - Drug Research, 2019
Cited by 17 Related articles All 3 versions",2019/12,69.0,,,,,658-664,"Microbiology, Molecualr Biology, cell biology",Cited by 17,Bilal Houshaymi,,,"Pyocyanin, a metabolite of Pseudomonas aeruginosa, exhibits antifungal drug activity through inhibition of a pleiotropic drug resistance subfamily FgABC3",,Drug Research,,https://scholar.google.com/citations?view_op=view_citation&hl=en&user=zZbin3AAAAAJ&citation_for_view=zZbin3AAAAAJ:WF5omc3nYNoC,12.0,© Georg Thieme Verlag KG,"Bilal Houshaymi, Rana Awada, Mamdouh Kedees, Zeina Soayfane","The fungus Fusarium graminearum is the causative agent of economically significant plant diseases such as Fusarium Healed Blight (FHB) of cereals, its mycotoxins as deoxynivalenol (DON), Nivalenol (NIV) and Zearalenone (ZEN) contaminate wheat and other grains. The objectives of the present study were to determine the mechanism by which the bacterium Pseudomonas aeruginosa inhibits the growth of F. graminearum. Our results indicate that P. aeruginosa metabolites as pyocyanin has effective antifungal properties. Pyocyanin was produced by P. aeruginosa when cultured on mineral salt medium and reached a maximum concentration after 72 h. Pyocyanin significantly decreased mycotoxins of F. graminearum, a 25 mg/ml of pyocyanin for 72 h decreased DON by 68.7% and NIV by 57.7%.
Real-Time PCR analysis demonstrated that the antifungal effect is mediated by downregulation of the Pleiotropic …",molecualr biology,0.2
,,"Oleic acid increases uptake and decreases the P-gp-mediated efflux of the veterinary anthelmintic Ivermectin
B Houshaymi, N Nasreddine, M Kedees, Z Soayfane - Drug Research, 2019
Cited by 17 Related articles All 4 versions",2019/3,69.0,,,,,173-180,"Microbiology, Molecualr Biology, cell biology",Cited by 17,Bilal Houshaymi,,,Oleic acid increases uptake and decreases the P-gp-mediated efflux of the veterinary anthelmintic Ivermectin,,Drug Research,,https://scholar.google.com/citations?view_op=view_citation&hl=en&user=zZbin3AAAAAJ&citation_for_view=zZbin3AAAAAJ:W7OEmFMy1HYC,3.0,© Georg Thieme Verlag KG,"Bilal Houshaymi, Nadine Nasreddine, Mamdouh Kedees, Zeina Soayfane","The bioavailability of ivermectin is modulated by lipid-based formulations and membrane efflux transporters such as Breast Cancer Resistance Protein and P-glycoprotein (BCRP and P-gp). We have investigated the effect of oleic acid on the uptake of ivermectin in vitro using Caco-2 cells and in vivo in the intestines of wild-type mice. Complex micelles (M) with oleic acid induced a significant increase (e. g. for M3 was 7-fold, p≤0.001) in the uptake of the drug in a time-dependent manner with no involvement of cholesterol in the mechanism. In vivo results showed a significant increase in the concentration of plasma and intestinal mucosa ivermectin (p≤0.01) in mice receiving oleic acid-based drug formulation. We also examined the expression of the drug efflux transporter, BCRP and P-gp in Caco-2 cells and found a significant decrease (p≤0.001) in their level in the presence of 5 mM oleic acid. Treatment of …",microbiology,0.4
,,"Antitumor activity of the synthetic retinoid ST1926 on primary effusion lymphoma in vitro and in vivo models
L Karam, B Houshaymi, R Abdel-Samad, M Jaafar… - Oncology Reports, 2018
Cited by 11 Related articles All 12 versions",2018/2/1,39.0,https://www.spandidos-publications.com/or/39/2/721,,,,721-730,"Microbiology, Molecualr Biology, cell biology",Cited by 11,Bilal Houshaymi,,,Antitumor activity of the synthetic retinoid ST1926 on primary effusion lymphoma in vitro and in vivo models,,Oncology Reports,,https://scholar.google.com/citations?view_op=view_citation&hl=en&user=zZbin3AAAAAJ&citation_for_view=zZbin3AAAAAJ:Y0pCki6q_DkC,2.0,Spandidos Publications,"Louna Karam, Bilal Houshaymi, Rana Abdel-Samad, Mariam Jaafar, Iman Halloum, Claudio Pisano, Frank Neipel, Nadine Darwiche, Raghida Abou Merhi","Primary effusion lymphoma (PEL) is a rare B-cell neoplasm, associated with Kaposi sarcoma-associated herpes virus/human herpes virus-8 (KSHV/HHV-8), arising as malignant effusions in body cavities. PEL cells do not harbor conventional genetic cancer mutations; however, their oncogenesis is mainly attributed to HHV-8 latent genes. Treatment strategies are inefficient resulting in poor prognosis of PEL patients, stressing the need for new effective therapy. ST1926 is a synthetic retinoid with favorable antitumor properties and no cross-resistance with the natural retinoid, all-trans retinoic acid. ST1926 has shown potent apoptotic activities on a variety of solid tumors and hematologic malignancies in in vitro and in vivo models. In the present study we elucidated the antitumor activities and underlying molecular mechanism of ST1926 using in vitro, ex vivo, and in vivo PEL preclinical models. ST1926, at sub …",cell biology,0.404
,,"Mycoplasma capricolum subsp. capripneumoniae, the cause of contagious caprine pleuropneumonia, comprises two distinct biochemical groups
Z Soayfane, B Houshaymi, RAJ Nicholas - Open Veterinary Journal, 2018
Cited by 9 Related articles All 11 versions",2018/10/26,8.0,https://www.ajol.info/index.php/ovj/article/download/179759/169116,,,,393-400,"Microbiology, Molecualr Biology, cell biology",Cited by 9,Bilal Houshaymi,,,"Mycoplasma capricolum subsp. capripneumoniae, the cause of contagious caprine pleuropneumonia, comprises two distinct biochemical groups",,Open Veterinary Journal,,https://scholar.google.com/citations?view_op=view_citation&hl=en&user=zZbin3AAAAAJ&citation_for_view=zZbin3AAAAAJ:YsMSGLbcyi4C,4.0,,"Zeina Soayfane, Bilal Houshaymi, Robin AJ Nicholas","Mycoplasma capricolum subsp. capripneumoniae, the cause of the World Organisation of Animal Health-listed contagious caprine pleuropneumonia, is a member of the Mycoplasma mycoides cluster which comprises five pathogenic mycoplasmas of ruminants. These mycoplasmas are closely related immunologically and genetically which can lead to difficulties for differential diagnosis. The patterns of substrate metabolism of strains of M. c. capripneumoniae, gathered from diverse geographic regions, were studied by measurement of oxygen uptake rates. The strains fell into two major biochemical groups: one which only oxidised organic acids and glycerol and the other which could additionally metabolise sugars. Furthermore when DNA-DNA hybridisation tests were carried out these two groups of strains could be separated by their degree of DNA homology, the mean hybridisation value between members of the two groups was 86% well above the value of 70% normally used to indicate separate species. DNA-DNA hybridisation was also carried out between M. c. capripneumoniae strains and other members of the M. mycoides cluster. These experiments used labelled DNA from two representative subsp. capripneumoniae strains; these were 7/1a (organic acid-oxidising) and 4/2 LC (glucose-oxidising). The results showed a particularly close relationship of the glucose-oxidising strain to M. leachii strains.",microbiology,0.4
,,"Biochemical differentiation of European and African Mycoplasma mycoides SC (small colony) isolates
BM Houshaymi, RJ Miles, RAJ Nicholas - Mycoplasmas of ruminants: pathogenicity, diagnostics …, 1998
Cited by 6 Related articles",1998,2.0,,,,,128-132,"Microbiology, Molecualr Biology, cell biology",Cited by 6,Bilal Houshaymi,,,Biochemical differentiation of European and African Mycoplasma mycoides SC (small colony) isolates,,"Mycoplasmas of ruminants: pathogenicity, diagnostics, epidemiology and molecular genetics",,https://scholar.google.com/citations?view_op=view_citation&hl=en&user=zZbin3AAAAAJ&citation_for_view=zZbin3AAAAAJ:zYLM7Y9cAGgC,,European Commission EUR,"BM Houshaymi, RJ Miles, RAJ Nicholas",,Unclassified,0.0
,,"Oxidation of glycerol differentiates African from European isolates of
BM Houshaymi, RJ Miles, RA Nicholas - Mycoplasma mycoides
Cited by 2 Related articles",,,,,,,182-183,"Microbiology, Molecualr Biology, cell biology",Cited by 2,Bilal Houshaymi,,,Oxidation of glycerol differentiates African from European isolates of,,Mycoplasma mycoides,,https://scholar.google.com/citations?view_op=view_citation&hl=en&user=zZbin3AAAAAJ&citation_for_view=zZbin3AAAAAJ:2osOgNQ5qMEC,,,"BM Houshaymi, RJ Miles, RA Nicholas",,Unclassified,0.0
,,"Primary effusion lymphoma: therapeutic strategies targeting viral and cellular mechanisms
S Abou Staiteieh, N Faddoul, B Hayar, B Houshaymi… - Expert Review of Anticancer Therapy, 2025
Related articles All 2 versions",2025/4/3,25.0,,,,Expert Review of Anticancer Therapy,363-381,"Microbiology, Molecualr Biology, cell biology",,Bilal Houshaymi,,,Primary effusion lymphoma: therapeutic strategies targeting viral and cellular mechanisms,,,,https://scholar.google.com/citations?view_op=view_citation&hl=en&user=zZbin3AAAAAJ&citation_for_view=zZbin3AAAAAJ:_FxGoFyzp5QC,4.0,Taylor & Francis,"Soumaiah Abou Staiteieh, Nouria Faddoul, Berthe Hayar, Bilal Houshaymi, Nadine Darwiche, Raghida Abou Merhi","Introduction
Primary effusion lymphoma (PEL) is a rare subtype of B-cell lymphoma primarily affecting immunocompromised and elderly individuals. Given the dismal survival rates associated with traditional treatments, studying novel therapeutic approaches to improve patient outcomes is critical.
Areas covered
This review focuses on developing therapeutic options for PEL that target particular viral and cellular mechanisms involved in PEL pathogenesis. Since the CHOP regimen was associated with a lower median survival rate, alternative treatments, including stem cell transplantation, have also been explored, but have generally produced unsatisfactory results. Therefore, novel therapeutic agents are under investigation, including antiretroviral drugs targeting viral pathways and treatments targeting particular cellular processes, such as DNA damage, epigenetics, apoptotic, and immune-modulatory pathways …",cell biology,0.404
,,"Cell Proteins Interacting with the Human Immunodeficiency Virus in Immunoblotting can be Detected by R5-or X4-Tropic Human Immunodeficiency Virus Particles
Z Soayfane, B Houshaymi, MH Kedees, L Belec… - International Journal of Applied and Basic Medical …, 2020
Related articles All 7 versions",2020/4/1,10.0,https://journals.lww.com/ijab/fulltext/2020/10020/cell_proteins_interacting_with_the_human.4.aspx,,,,81-85,"Microbiology, Molecualr Biology, cell biology",,Bilal Houshaymi,,,Cell Proteins Interacting with the Human Immunodeficiency Virus in Immunoblotting can be Detected by R5-or X4-Tropic Human Immunodeficiency Virus Particles,,International Journal of Applied and Basic Medical Research,,https://scholar.google.com/citations?view_op=view_citation&hl=en&user=zZbin3AAAAAJ&citation_for_view=zZbin3AAAAAJ:ufrVoPGSRksC,2.0,Medknow,"Zeina Soayfane, Bilal Houshaymi, Mamdouh H Kedees, Laurent Belec, Nadine Nasreddine","Materials and Methods:
The assay was optimized to identify cell proteins interacting with HIV. Whole cell lysates were prepared from peripheral blood lymphocytes (PBLs), dendritic cells (DC), monocyte-derived macrophage (MDM), and Henrietta Lacks (Hela, wild-type or transfected with DC-specific intracellular adhesion molecule-3-Grabbing Non-Integrin, HeLa) and Human endometrial cells (HEC-1A) lines; HIV particles used were the R5-tropic HIV-1 JRCSF and the X4-tropic HIV-1 NDK.
Results:
Experiments with PBL lysates and both viruses demonstrated different bands, including a unique band at 105–117 kDa in addition to nonspecific bands. The 105–117 kDa band migrated at the same level of that observed in controls using total PBL lysate and anti-CD4 mAb for detection and thus likely corresponds to the cluster difference (CD) 4 complex. Blots using lysates of DCs, MDM, HeLa cell line, and HEC-1A cell …",cell biology,0.204
