Book,Conference,Scholar articles,Publication date,Volume,PDF Link,Patent office,Report number,Source,Pages,Research Interests,Total citations,Researcher Name,Inventors,Patent number,Title,Institution,Journal,Application number,Scholar Link,Issue,Publisher,Authors,Description,Classified_Topic,Classification_Confidence
,,"Nonlinear adaptive filtering using kernel‐based algorithms with dictionary adaptation
C Saide, R Lengelle, P Honeine, C Richard, R Achkar - International Journal of Adaptive Control and Signal …, 2015
Cited by 33 Related articles All 5 versions",2015/11,29.0,https://hal.science/hal-01965566/file/15.sp.dictionary_draft.pdf,,,,1391-1410,"Machine learning, optimization, Signal processing",Cited by 33,Chafic SAIDE,,,Nonlinear adaptive filtering using kernel‐based algorithms with dictionary adaptation,,International Journal of Adaptive Control and Signal Processing,,https://scholar.google.com/citations?view_op=view_citation&hl=en&user=96hv1H4AAAAJ&citation_for_view=96hv1H4AAAAJ:9yKSN-GCB0IC,11.0,,"Chafic Saide, Régis Lengelle, Paul Honeine, Cédric Richard, Roger Achkar","Nonlinear adaptive filtering has been extensively studied in the literature, using, for example, Volterra filters or neural networks. Recently, kernel methods have been offering an interesting alternative because they provide a simple extension of linear algorithms to the nonlinear case. The main drawback of online system identification with kernel methods is that the filter complexity increases with time, a limitation resulting from the representer theorem, which states that all past input vectors are required. To overcome this drawback, a particular subset of these input vectors (called dictionary) must be selected to ensure complexity control and good performance. Up to now, all authors considered that, after being introduced into the dictionary, elements stay unchanged even if, because of nonstationarity, they become useless to predict the system output. The objective of this paper is to present an adaptation scheme of …",machine learning,0.4
,,"Online kernel adaptive algorithms with dictionary adaptation for MIMO models
C Saidé, R Lengellé, P Honeine, R Achkar - IEEE Signal Processing Letters, 2013
Cited by 24 Related articles All 4 versions",2013/3/27,20.0,https://hal.science/hal-01965578/document,,,,535-538,"Machine learning, optimization, Signal processing",Cited by 24,Chafic SAIDE,,,Online kernel adaptive algorithms with dictionary adaptation for MIMO models,,IEEE Signal Processing Letters,,https://scholar.google.com/citations?view_op=view_citation&hl=en&user=96hv1H4AAAAJ&citation_for_view=96hv1H4AAAAJ:2osOgNQ5qMEC,5.0,IEEE,"Chafic Saidé, Régis Lengellé, Paul Honeine, Roger Achkar","Nonlinear system identification has always been a challenging problem. The use of kernel methods to solve such problems becomes more prevalent. However, the complexity of these methods increases with time which makes them unsuitable for online identification. This drawback can be solved with the introduction of the coherence criterion. Furthermore, dictionary adaptation using a stochastic gradient method proved its efficiency. Mostly, all approaches are used to identify Single Output models which form a particular case of real problems. In this letter we investigate online kernel adaptive algorithms to identify Multiple Inputs Multiple Outputs model as well as the possibility of dictionary adaptation for such models.",machine learning,0.4
,2012 IEEE Statistical Signal Processing Workshop (SSP),"Dictionary adaptation for online prediction of time series data with kernels
C Saidé, R Lengellé, P Honeine, C Richard, R Achkar - 2012 IEEE Statistical Signal Processing Workshop …, 2012
Cited by 17 Related articles All 8 versions",2012/8/5,,https://hal.science/hal-01966021/file/12.ssp.dictionary.pdf,,,,604-607,"Machine learning, optimization, Signal processing",Cited by 17,Chafic SAIDE,,,Dictionary adaptation for online prediction of time series data with kernels,,,,https://scholar.google.com/citations?view_op=view_citation&hl=en&user=96hv1H4AAAAJ&citation_for_view=96hv1H4AAAAJ:u5HHmVD_uO8C,,IEEE,"Chafic Saidé, Régis Lengellé, Paul Honeine, Cédric Richard, Roger Achkar","During the last few years, kernel methods have been very useful to solve nonlinear identification problems. The main drawback of these methods resides in the fact that the number of elements of the kernel development, i.e., the size of the dictionary, increases with the number of input data, making the solution not suitable for online problems especially time series applications. Recently, Richard, Bermudez and Honeine investigated a method where the size of the dictionary is controlled by a coherence criterion. In this paper, we extend this method by adjusting the dictionary elements in order to reduce the residual error and/or the average size of the dictionary. The proposed method is implemented for time series prediction using the kernel-based affine projection algorithm.",machine learning,0.4
,Actes du 24-eme Colloque GRETSI sur le Traitement du Signal et des Images,"Adaptation en ligne d'un dictionnaire pour les méthodes à noyau
C Saidé, P Honeine, R Lengellé, C Richard, R Achkar - Actes du 24-eme Colloque GRETSI sur le Traitement …, 2013
Cited by 2 Related articles All 7 versions",2013,,https://hal.science/hal-01966007/document,,,,,"Machine learning, optimization, Signal processing",Cited by 2,Chafic SAIDE,,,Adaptation en ligne d'un dictionnaire pour les méthodes à noyau,,,,https://scholar.google.com/citations?view_op=view_citation&hl=en&user=96hv1H4AAAAJ&citation_for_view=96hv1H4AAAAJ:u-x6o8ySG0sC,,,"Chafic Saidé, Paul Honeine, Régis Lengellé, Cédric Richard, Roger Achkar","Cet article traite du problème de l'identification en-ligne des systèmes non linéaires et non stationnaires par les méthodes à noyau. L'ordre des modèles est contrôlé par le critère de cohérence utilisé comme critère de parcimonie, qui mène à sélectionner les fonctions noyau les plus pertinentes au sens de ce critère, formant ainsi un dictionnaire. On exploite l'adaptation du dictionnaire en proposant une méthode de descente de gradient stochastique qui s'applique conjointement à l'estimation en ligne des coefficients du modèle à noyau. un algorithme d'identification en ligne à noyau. Pour ce dernier, sans limitation, il peut s'agir de l'algorithme de moindres carrés récursif à noyau ou de projection affine à noyau. La méthode proposée permet une diminution de l'erreur quadratique instantanée et une réduction de la complexité du modèle.",machine learning,0.4
,,"Filtrage adaptatif à l’aide de méthodes à noyau: application au contrôle d’un palier magnétique actif
C Saide - 2013
Cited by 1 Related articles All 7 versions",2013/9/19,,https://theses.hal.science/tel-02965836/file/Chafic_Saide_2013TROY0018.pdf,,,,,"Machine learning, optimization, Signal processing",Cited by 1,Chafic SAIDE,,,Filtrage adaptatif à l’aide de méthodes à noyau: application au contrôle d’un palier magnétique actif,Université de Technologie de Troyes,,,https://scholar.google.com/citations?view_op=view_citation&hl=en&user=96hv1H4AAAAJ&citation_for_view=96hv1H4AAAAJ:qjMakFHDy7sC,,,Chafic Saide,"L’estimation fonctionnelle basée sur les espaces de Hilbert à noyau reproduisant demeure un sujet de recherche actif pour l’identification des systèmes non linéaires. L'ordre du modèle croit avec le nombre de couples entrée-sortie, ce qui rend cette méthode inadéquate pour une identification en ligne. Le critère de cohérence est une méthode de parcimonie pour contrôler l’ordre du modèle. Le modèle est donc défini à partir d'un dictionnaire de faible taille qui est formé par les fonctions noyau les plus pertinentes.Une fonction noyau introduite dans le dictionnaire y demeure même si la non-stationnarité du système rend sa contribution faible dans l'estimation de la sortie courante. Il apparaît alors opportun d'adapter les éléments du dictionnaire pour réduire l'erreur quadratique instantanée et/ou mieux contrôler l'ordre du modèle.La première partie traite le sujet des algorithmes adaptatifs utilisant le critère de cohérence. L'adaptation des éléments du dictionnaire en utilisant une méthode de gradient stochastique est abordée pour deux familles de fonctions noyau. Cette partie a un autre objectif qui est la dérivation des algorithmes adaptatifs utilisant le critère de cohérence pour identifier des modèles à sorties multiples.La deuxième partie introduit d'une manière abrégée le palier magnétique actif (PMA). La proposition de contrôler un PMA par un algorithme adaptatif à noyau est présentée pour remplacer une méthode utilisant les réseaux de neurones à couches multiples",machine learning,0.4
,,"Adaptive filtering using kernel methods: application to the control of an active magnetic bearing
C Saide - 2013
Related articles",2013/9/19,,,,,,,"Machine learning, optimization, Signal processing",,Chafic SAIDE,,,Adaptive filtering using kernel methods: application to the control of an active magnetic bearing,,,,https://scholar.google.com/citations?view_op=view_citation&hl=en&user=96hv1H4AAAAJ&citation_for_view=96hv1H4AAAAJ:d1gkVwhDpl0C,,< bound method Organization. get_name_with_acronym of< Organization: TEL-Thèses en ligne>>,Chafic Saide,"Function approximation methods based on reproducing kernel Hilbert spaces are of great importance in kernel-based regression. However, the order of the model is equal to the number of observations, which makes this method inappropriate for online identification. To overcome this drawback, many sparsification methods have been proposed to control the order of the model. The coherence criterion is one of these sparsification methods. It has been shown possible to select a subset of the most relevant passed input vectors to form a dictionary to identify the model.A kernel function, once introduced into the dictionary, remains unchanged even if the non-stationarity of the system makes it less influent in estimating the output of the model. This observation leads to the idea of adapting the elements of the dictionary to obtain an improved one with an objective to minimize the resulting instantaneous mean square error …",machine learning,0.4
