Book,Conference,Scholar articles,Publication date,Volume,PDF Link,Patent office,Report number,Source,Pages,Research Interests,Total citations,Researcher Name,Inventors,Patent number,Title,Institution,Journal,Application number,Scholar Link,Issue,Publisher,Authors,Description,Classified_Topic,Classification_Confidence
,,"Cytomegalovirus infection in kidney transplant patients: Prevalence, risk factors, and impact on outcome–A local multicentre experience
M Abou-Jaoude, S El Hage, D Akiki, M Fadlallah… - Transplant Immunology, 2021
Cited by 15 Related articles All 3 versions",2021/12/1,69,,,,,101473,Faculty of Medicine,Cited by 15,Dany Akiki,,,"Cytomegalovirus infection in kidney transplant patients: Prevalence, risk factors, and impact on outcome–A local multicentre experience",,Transplant Immunology,,https://scholar.google.com/citations?view_op=view_citation&hl=en&user=26IrmfsAAAAJ&citation_for_view=26IrmfsAAAAJ:d1gkVwhDpl0C,,Elsevier,"Maroun Abou-Jaoude, Said El Hage, Dany Akiki, Mahdi Fadlallah, Abdul-Karim Ghaith, Abbas Dib","Background
CMV infection prevalence in kidney transplant recipients (KTR) is reported to be high in the literature, reaching rates of over 80%.
Objectives
The primary endpoints were the evaluation of the prevalence, the risks factors, and the effects of CMV infection on graft function and survival, as well as patient survival at three years after kidney transplantation.
Material and methods
We retrospectively reviewed the medical records of 288 kidney transplant patients operated in three Lebanese transplant centers between 1998 and 2017 with three years of follow-up. The patients were divided into two groups: those free of any CMV infection (271 patients (94%); Group I) and those who suffered from CMV infection (17 patients (6%); Group II).
Results
Baseline demographics of the two groups were similar, including recipient and donor gender and age, cause of renal disease, recipient body mass index, pre-transplant …",faculty of medicine,0.271
,,"Atrial fibrillation in the Arab world: a bibliometric analysis of research activity from 2004 to 2019
D Akiki, S El Hage, E Wakim, S Safi, E Assouad… - Journal of Cardiac Arrhythmias, 2021
Cited by 10 Related articles All 7 versions",2021/2/22,34,https://jca.emnuvens.com.br/jca/article/download/3430/3467,,,,12-22,Faculty of Medicine,Cited by 10,Dany Akiki,,,Atrial fibrillation in the Arab world: a bibliometric analysis of research activity from 2004 to 2019,,Journal of Cardiac Arrhythmias,,https://scholar.google.com/citations?view_op=view_citation&hl=en&user=26IrmfsAAAAJ&citation_for_view=26IrmfsAAAAJ:u5HHmVD_uO8C,1.0,,"Dany Akiki, Said El Hage, Elias Wakim, Steven Safi, Elise Assouad, Pascale Salameh","Background
Atrial fibrillation (AF) is in an increasing pattern worldwide, especially in the Arab world.
Objective
The aim of this article is to assess AF research activity in the Arab countries over the past 16 years, taking into consideration the population size, gross domestic product (GDP) and disability-adjusted life years (DALY).
Methods
Atrial fibrillation related research articles published from Arab countries between 2004 and 2019 were collected from the MEDLINE database and are cited online on PubMed. Medical Subject Heading (MeSH) terms related to the subject, the origin and the date of publication were used to search for the published articles.
Results
The number of AF related publications in the Arab world over the past 16 years was only 283 (0.73%) out of a total of 38,983 publications worldwide. Saudi Arabia ranked first in terms of number of AF related publications, followed by Egypt. Lebanon is the country with the highest number of publications per USD billion GDP, while Egypt and Saudi Arabia have the highest number of publications per 1% DALYs. According to the population size, Qatar and Bahrain produced the highest number of publications per million persons (PPMP). A strong and positive correlation was found between the number of publications and the GDP. The population size and the percentage of DALY showed positive yet weak correlation.
Conclusion
A slight increase in AF related publications is observed. Nonetheless, AF research activity in the Arab world is still insufficient.",faculty of medicine,0.27
,,"Assessment of gender gap in surgical specialties among Lebanese medical personnel: the need for involvement of women in surgery.
S El Hage, E Wakim, G Sayde, D Akiki, P Salameh - Eastern Mediterranean Health Journal, 2022
Cited by 6 Related articles All 6 versions",2022/10/1,28,,,,,,Faculty of Medicine,Cited by 6,Dany Akiki,,,Assessment of gender gap in surgical specialties among Lebanese medical personnel: the need for involvement of women in surgery.,,Eastern Mediterranean Health Journal,,https://scholar.google.com/citations?view_op=view_citation&hl=en&user=26IrmfsAAAAJ&citation_for_view=26IrmfsAAAAJ:zYLM7Y9cAGgC,10.0,,"Said El Hage, Elias Wakim, Georgio Sayde, Dany Akiki, Pascale Salameh","Background: Little is known about gender disparity in the surgery specialty in Lebanon. Aims: To assess the status of female surgeons and possible gender gaps in surgery specialty in Lebanon. Methods: The study was conducted in May 2021. Data were retrieved from the Lebanese Order of Physicians website, indicating the number of physicians in the different specialties, their gender, hospitals, and locations. The c2 test of homogeneity was used to establish whether the gender distribution was equal. Results: Women only accounted for 21.84%(3,370) of physicians in Lebanon, with surgery having the lowest number of female physicians in (n= 65; 2.30%). Women accounted for 1.63% of all surgeons in Lebanese hospitals, there were more female plastic and reconstructive surgeons (n= 12; 7.14%), while neurosurgery, oncological surgery and vascular surgery had no females. There was no significant difference …",faculty of medicine,0.138
,,"Myopia prevalence and risk factors among medical trainees in Lebanon
K Sleiman, A Damaj, HM Ali, D Akiki, J Bleik - Saudi Journal of Ophthalmology, 2023
Cited by 5 Related articles All 8 versions",2023/7/1,37,https://journals.lww.com/sjop/fulltext/2023/37030/myopia_prevalence_and_risk_factors_among_medical.14.aspx,,,,241-246,Faculty of Medicine,Cited by 5,Dany Akiki,,,Myopia prevalence and risk factors among medical trainees in Lebanon,,Saudi Journal of Ophthalmology,,https://scholar.google.com/citations?view_op=view_citation&hl=en&user=26IrmfsAAAAJ&citation_for_view=26IrmfsAAAAJ:ufrVoPGSRksC,3.0,Medknow,"Karim Sleiman, Amjad Damaj, Hasan M Ali, Dany Akiki, Jamal Bleik","PURPOSE:
Myopia is known to be one of the most common causes of impaired vision. It is on the rise, especially among high-risk groups such as medical students. Our study aims to estimate the prevalence of myopia and characterize the associated risk factors among medical trainees in Lebanon.
METHODS:
This descriptive cross-sectional study targeted all medical students and residents enrolled at the Lebanese University in April 2020. Ocular history data, including refractive errors and daily activities, were collected using an online survey. The primary measure was the prevalence of myopia. The secondary measures were myopia risk factors. Associations of demographic and behavioral factors were explored, and risk factors were analyzed using multivariate logistic regression.
RESULTS:
Among 365 participants (mean age 22.8 years), 51.6%(185) were female. Myopia was found to be prevalent in 52.8%(193) of …",faculty of medicine,0.137
,,"Epidemiology of ocular malignancies among the Lebanese population: a 12-year review
D Akiki, S El Hage, J El Masri, W Chanbour - Cureus, 2022
Cited by 4 Related articles All 8 versions",2022/1/25,14,https://www.cureus.com/articles/75679-epidemiology-of-ocular-malignancies-among-the-lebanese-population-a-12-year-review.pdf,,,Cureus,,Faculty of Medicine,Cited by 4,Dany Akiki,,,Epidemiology of ocular malignancies among the Lebanese population: a 12-year review,,,,https://scholar.google.com/citations?view_op=view_citation&hl=en&user=26IrmfsAAAAJ&citation_for_view=26IrmfsAAAAJ:qjMakFHDy7sC,1.0,Cureus,"Dany Akiki, Said El Hage, Jad El Masri, Wassef Chanbour","Purpose
Our article aims to assess the epidemiology of eye cancer in Lebanon and compare it with other regions worldwide and to study its future trends among Lebanese males and females.",faculty of medicine,0.277
,,"Intraocular lens power calculation after excimer laser corneal refractive surgery: A retrospective study to compare the predictability and the efficacy of commonly used and modified formulas
RB Said, R Ghorayeb, D Akiki, E Wakim, G Sukkarieh… - Saudi Journal of Ophthalmology, 2022
Cited by 3 Related articles All 7 versions",2022/4/1,36,https://journals.lww.com/sjop/fulltext/2022/36020/intraocular_lens_power_calculation_after_excimer.10.aspx,,,,177-182,Faculty of Medicine,Cited by 3,Dany Akiki,,,Intraocular lens power calculation after excimer laser corneal refractive surgery: A retrospective study to compare the predictability and the efficacy of commonly used and …,,Saudi Journal of Ophthalmology,,https://scholar.google.com/citations?view_op=view_citation&hl=en&user=26IrmfsAAAAJ&citation_for_view=26IrmfsAAAAJ:UeHWp8X0CEIC,2.0,Medknow,"Reeda B Said, Ralph Ghorayeb, Dany Akiki, Elias Wakim, Georges Sukkarieh, Joseph Sfeir, George Cherfan, Elias Jarade","PURPOSE:
Our article aims to assess the accuracy of modified and commonly used formulas of intraocular lens (IOL) power calculation after excimer laser corneal refractive surgery.
METHODS:
This is a retrospective study, with data retrieved for 50 eyes of 32 patients who underwent uncomplicated cataract surgery after excimer laser corneal refractive surgery. The expected spherical equivalent was calculated using the American Society of Cataract and Refractive Surgeons (ASCRS) IOL power calculator for Shammas and Barrett True-K, using three-fourth generation formulas (Haigis-L, Barrett True-K no history, and Holladay 2), and using three-third generation formulas (SRKT, Holladay 1, and Hoffer Q) with single k, as a reference, and adjusting these formulas by calculating the keratometry readings by two methods (Jarade's index and formula). The mean refractive error and mean absolute refractive error (MARE …",faculty of medicine,0.138
,,"Renal transplantation for infantile and juvenile cystinosis: two case report and review of the literature
K El Ghoul, D Akiki, N Nawfal, M Abou Jaoude - Transplant Immunology, 2024
Cited by 2 Related articles All 4 versions",2024/4/1,83,,,,Transplant Immunology,101993,Faculty of Medicine,Cited by 2,Dany Akiki,,,Renal transplantation for infantile and juvenile cystinosis: two case report and review of the literature,,,,https://scholar.google.com/citations?view_op=view_citation&hl=en&user=26IrmfsAAAAJ&citation_for_view=26IrmfsAAAAJ:_FxGoFyzp5QC,,Elsevier,"Karen El Ghoul, Dany Akiki, Nagi Nawfal, Maroun Abou Jaoude","Cystinosis is a rare autosomal recessive lysosomal storage disorder characterized by cystine buildup in various tissues, including the kidneys. Renal involvement is the primary manifestation, leading to end-stage renal disease (ESRD) if left untreated. Kidney transplantation (KT) in patients with cystinosis has significantly improved their prognosis for the disease outcome. Detailed reports on preoperative and Long-term postoperative management in these patients remain sparse. This report discusses the outcomes of two young adult patients of Middle Eastern descent with cystinosis who underwent KT. The first patient, diagnosed with infantile nephropathic cystinosis treated by cystine-depleting therapy, was operated by KT at the age of 18. The second patient, diagnosed with juvenile cystinosis, underwent transplantation at the age of 35 after being treated with hemodialysis. Our report describes detailed pre- and …",faculty of medicine,0.271
,,"Effect of donor-to-recipient HLA matching in low-immunological risk kidney transplant recipients without induction therapy on acute rejection, graft survival, infections, and surgical complications at 3 years: The road towards new recommendations
M Abou-Jaoudé, S El Hage, D Akiki, R Araman - Transplant Immunology, 2021
Cited by 2 Related articles All 3 versions",2021/12/1,69,,,,,101490,Faculty of Medicine,Cited by 2,Dany Akiki,,,"Effect of donor-to-recipient HLA matching in low-immunological risk kidney transplant recipients without induction therapy on acute rejection, graft survival, infections, and …",,Transplant Immunology,,https://scholar.google.com/citations?view_op=view_citation&hl=en&user=26IrmfsAAAAJ&citation_for_view=26IrmfsAAAAJ:9yKSN-GCB0IC,,Elsevier,"Maroun Abou-Jaoudé, Said El Hage, Dany Akiki, Rita Araman","Background
Donor-to-recipient human leukocyte antigen mismatching is considered one of the strongest determinants for graft and patient survival in kidney transplant recipients (KTR).
Objective
This retrospective study discusses the impact of HLA matching as low immunological risk KTR without induction therapy.
Material and methods
Records of 80 adult kidney transplant patients were reviewed with three years of the follow-up. All patients had panel reactive antibodies (PRA) < 20%, absence of donor-specific antibodies (DSA) and did not receive the induction therapy. These patients were divided into two groups according to their HLA matching between donor and recipient: 55 patients with ≥ 3 HLA matches (Group I; low immunogenicity) were compared to 25 patients with <3 HLA matches (Group II; high immunogenicity). The primary endpoints included the rate and severity of acute rejection (AR) episodes, graft …",faculty of medicine,0.137
,,"Rapid clinical recovery of posterior reversible encephalopathy syndrome in two cases of IgA nephropathy disease and nephrotic syndrome type 9 post-renal transplant
S El Hage, D Akiki, L Khalife, E Assaf, M Abou Jaoude - Transplant Immunology, 2021
Cited by 2 Related articles All 3 versions",2021/10/1,68,,,,,101450,Faculty of Medicine,Cited by 2,Dany Akiki,,,Rapid clinical recovery of posterior reversible encephalopathy syndrome in two cases of IgA nephropathy disease and nephrotic syndrome type 9 post-renal transplant,,Transplant Immunology,,https://scholar.google.com/citations?view_op=view_citation&hl=en&user=26IrmfsAAAAJ&citation_for_view=26IrmfsAAAAJ:u-x6o8ySG0sC,,Elsevier,"Said El Hage, Dany Akiki, Lourdes Khalife, Elie Assaf, Maroun Abou Jaoude","Posterior reversible encephalopathy syndrome (PRES) is a clinical-radiological syndrome often associated with immunosuppressant drug use, renal disease, and eclampsia and characterized by parieto-occipital vasogenic edema that usually resolves within days. Globally and in the settings of renal transplant, literature concerning PRES is very scattered. In this report, we provide two cases, one diagnosed with IgA nephropathy and another with nephrotic syndrome type 9 that developed episodes of tonic-clonic seizure immediately after renal transplant in case 1 and four days post-transplant in case 2. The two patients had a history of hypertension, renal disease, corticosteroid and immunosuppressant drug use. Neuro-imaging showed typical vasogenic edema involving the parieto-occipital areas. Therefore, the clinical-radiological presentation confirmed the diagnosis of PRES in both cases. Also, rapid neurologic …",faculty of medicine,0.271
,,"Neurofibromatosis type-2-related schwannomatosis presenting as peripapillary hamartoma: report on a novel NF2 mutation
K Sleiman, S Allam, D Akiki, A Megarbane, J Bleik - Ophthalmic Genetics, 2025
Related articles All 2 versions",2025/1/2,46,,,,,65-68,Faculty of Medicine,,Dany Akiki,,,Neurofibromatosis type-2-related schwannomatosis presenting as peripapillary hamartoma: report on a novel NF2 mutation,,Ophthalmic Genetics,,https://scholar.google.com/citations?view_op=view_citation&hl=en&user=26IrmfsAAAAJ&citation_for_view=26IrmfsAAAAJ:LkGwnXOMwfcC,1.0,Taylor & Francis,"Karim Sleiman, Souha Allam, Dany Akiki, Andre Megarbane, Jamal Bleik","Background
Neurofibromatosis type-2-related schwannomatosis (NF2-SWN, formerly neurofibromatosis type 2) is a rare genetic disorder marked by the development of multiple nervous system tumors.
Case Presentation
We report a 21-month-old female patient who presented for left eye deviation. Upon examination, intermittent exotropia and a fundus mass were detected. Wide field fundus examination revealed the presence of a combined hamartoma involving the optic nerve and retina. This finding was supported by MRI highlighting the lesion’s characteristics. The patient’s father and other relatives on the paternal side displayed symptoms of NF2-SWN, evident through the presence of acoustic neuroma, although they did not exhibit any ocular symptoms. DNA analysis revealed a novel loss-of-function mutation in exon 15 of the NF2 gene (NM_000268.3: c.1627_1628del, p.Lys543Aspfs *21) in both the patient …",faculty of medicine,0.27
,,"The diagnostic challenge of coexisting systemic lupus erythematosus and multiple sclerosis in a young male: Rare but real
T Charbel, D Akiki, S El Hage, G Moukarzel, E Assaf - Clinical Case Reports, 2024
Related articles All 7 versions",2024/10/27,12,https://pmc.ncbi.nlm.nih.gov/articles/PMC11513376/,,,,e9521,Faculty of Medicine,,Dany Akiki,,,The diagnostic challenge of coexisting systemic lupus erythematosus and multiple sclerosis in a young male: Rare but real,,Clinical Case Reports,,https://scholar.google.com/citations?view_op=view_citation&hl=en&user=26IrmfsAAAAJ&citation_for_view=26IrmfsAAAAJ:roLk4NBRz8UC,11.0,,"Tatiana Charbel, Dany Akiki, Said El Hage, Gaby Moukarzel, Elie Assaf","Key Clinical Message The coexistence of multiple sclerosis (MS) and systemic lupus erythematosus (SLE) is exceptionally rare, especially in males. This case highlights the importance of early diagnosis and treatment with immunomodulatory therapies like rituximab, which can lead to sustained remission in patients with overlapping autoimmune disorders.",faculty of medicine,0.274
,,"The impact of induction therapy in low-immunological risk kidney transplant recipients regardless of HLA matching
M Abou-Jaoudé, D Akiki, A Moussawi, W Abou-Jaoudé - Transplant Immunology, 2023
Related articles All 3 versions",2023/2/1,76,,,,,101773,Faculty of Medicine,,Dany Akiki,,,The impact of induction therapy in low-immunological risk kidney transplant recipients regardless of HLA matching,,Transplant Immunology,,https://scholar.google.com/citations?view_op=view_citation&hl=en&user=26IrmfsAAAAJ&citation_for_view=26IrmfsAAAAJ:Tyk-4Ss8FVUC,,Elsevier,"Maroun Abou-Jaoudé, Dany Akiki, Ali Moussawi, Walid Abou-Jaoudé","Background
Induction agents have proved to reduce the rate of acute rejection (AR) in kidney transplant recipients (KTRs) without improving long-term graft and patient survival (PS).
Objective
This study evaluates the utility of induction therapy in low immunological risk KTRs regardless of donor-to-recipient HLA matching.
Methods
We retrospectively reviewed the records of 218 patients undergoing kidney transplantation (KT). These patients were divided into two groups according to the usage of induction therapy: 82 did not receive any induction therapy (Group I), and 136 patients received either Anti-IL2 receptor antibodies or anti-thymocyte globulin (Group II). All patients had panel reactive antibody (PRA) < 20% and absence of donor-specific antibodies (DSA). The difference in outcomes were assessed at different intervals following KT.
Results
The rate of bacterial infections at one year (p-value = 0.032) and the …",faculty of medicine,0.137
,,"COVID-19-induced myocarditis in patient with anomalous origin of the left circumflex artery from the right coronary artery: a case report
M Khalil, B Danash, D Akiki, N Khoury - Jornal Vascular Brasileiro, 2022
Related articles All 17 versions",2022/12/16,21,https://www.scielo.br/j/jvb/a/DfPd8ZFPNVQzMckGdgvh3NQ/,,,,e20210213,Faculty of Medicine,,Dany Akiki,,,COVID-19-induced myocarditis in patient with anomalous origin of the left circumflex artery from the right coronary artery: a case report,,Jornal Vascular Brasileiro,,https://scholar.google.com/citations?view_op=view_citation&hl=en&user=26IrmfsAAAAJ&citation_for_view=26IrmfsAAAAJ:YsMSGLbcyi4C,,Sociedade Brasileira de Angiologia e de Cirurgia Vascular (SBACV),"Majed Khalil, Batoul Danash, Dany Akiki, Nabil Khoury","The prevalence of coronary artery anomalies has been increasing due to the increasing usage of coronary angiography. There is a paucity of literature concerning management of viral-induced myocarditis in patients with anomalous coronary artery. We present a very unusual case of a 44-year-old man with anomalous origin of the left circumflex artery from the proximal ostium of the right coronary artery who was admitted for COVID-19-induced myocarditis. He presented with signs of heart failure and coronary angiography revealed the left circumflex artery with a separate ostium originating from the proximal right coronary artery. He was treated medically with Bisoprolol, Perindopril Arginine, Rivaroxaban, and Furosemide. His condition improved rapidly and he resumed regular life within 1 month. Coexistence of cardiac disease such as viral-induced myocarditis with an underlying anomalous origin of the coronary artery is challenging to spot and can lead to worse outcomes in case of misdiagnosis and inaccurate management.",faculty of medicine,0.271
,,"Miocardite induzida por COVID-19 em paciente com origem anômala da artéria circunflexa esquerda da artéria coronária direita: relato de caso
M Khalil, B Danash, D Akiki, N Khoury - Jornal Vascular Brasileiro, 2022
Related articles All 2 versions",2022/12/16,21,,,,,e20210213,Faculty of Medicine,,Dany Akiki,,,Miocardite induzida por COVID-19 em paciente com origem anômala da artéria circunflexa esquerda da artéria coronária direita: relato de caso,,Jornal Vascular Brasileiro,,https://scholar.google.com/citations?view_op=view_citation&hl=en&user=26IrmfsAAAAJ&citation_for_view=26IrmfsAAAAJ:Y0pCki6q_DkC,,Sociedade Brasileira de Angiologia e de Cirurgia Vascular (SBACV),"Majed Khalil, Batoul Danash, Dany Akiki, Nabil Khoury","The prevalence of coronary artery anomalies has been increasing due to the increasing usage of coronary angiography. There is a paucity of literature concerning management of viral-induced myocarditis in patients with anomalous coronary artery. We present a very unusual case of a 44-year-old man with anomalous origin of the left circumflex artery from the proximal ostium of the right coronary artery who was admitted for COVID-19-induced myocarditis. He presented with signs of heart failure and coronary angiography revealed the left circumflex artery with a separate ostium originating from the proximal right coronary artery. He was treated medically with Bisoprolol, Perindopril Arginine, Rivaroxaban, and Furosemide. His condition improved rapidly and he resumed regular life within 1 month. Coexistence of cardiac disease such as viral-induced myocarditis with an underlying anomalous origin of the coronary artery is challenging to spot and can lead to worse outcomes in case of misdiagnosis and inaccurate management.",faculty of medicine,0.27
,,"Complete recovery of complicated methotrexate-induced liver cirrhosis in a patient with psoriasis: A case report
S El Hage, D Akiki, J El Masri, M Roustom - Transplant Immunology, 2022
Related articles All 3 versions",2022/2/1,70,,,,,101492,Faculty of Medicine,,Dany Akiki,,,Complete recovery of complicated methotrexate-induced liver cirrhosis in a patient with psoriasis: A case report,,Transplant Immunology,,https://scholar.google.com/citations?view_op=view_citation&hl=en&user=26IrmfsAAAAJ&citation_for_view=26IrmfsAAAAJ:2osOgNQ5qMEC,,Elsevier,"Said El Hage, Dany Akiki, Jad El Masri, Majd Roustom","Cirrhosis is the most common indication for liver transplant. Literature addressing methotrexate (MTX)-induced liver cirrhosis in patients with psoriasis is sparse. We present a case of a nonalcoholic patient diagnosed with psoriasis that was treated with a weekly 5 mg dose of methotrexate, a chemotherapeutic and immunological modulator, for five years. The patient presented after five years with abdominal distension and lower limb edema along with ascites and esophageal varices and was diagnosed with liver cirrhosis. Upon the discontinuation of MTX, the patient showed clear regression of ascites and esophageal varices, and recovery of liver cirrhosis by de-escalating from Child-Pugh B to A. After five years of follow-up, Echography and Transient Elastography (Fibroscan) of the liver confirmed the full recovery of liver cirrhosis by the absence of steatosis and fibrosis. This study emphasizes the reversibility of …",faculty of medicine,0.271
