Book,Conference,Scholar articles,Publication date,Volume,PDF Link,Patent office,Report number,Source,Pages,Research Interests,Total citations,Researcher Name,Inventors,Patent number,Title,Institution,Journal,Application number,Scholar Link,Issue,Publisher,Authors,Description,Classified_Topic,Classification_Confidence
,,"The adaptive governance of natural disaster systems: Insights from the 2010 mount Merapi eruption in Indonesia
D Bakkour, G Enjolras, JC Thouret, R Kast, ETW Mei… - International journal of disaster risk reduction, 2015
Cited by 81 Related articles All 10 versions",2015/9/1,13.0,https://hal.science/hal-01172324/file/bakkour2015.pdf,,,,167-188,"Risaster risk management, Risks theories, Adaptation, Governance theory, Public-Private Partnership",Cited by 81,Darine BAKKOUR,,,The adaptive governance of natural disaster systems: Insights from the 2010 mount Merapi eruption in Indonesia,,International journal of disaster risk reduction,,https://scholar.google.com/citations?view_op=view_citation&hl=en&user=1D-P0YYAAAAJ&citation_for_view=1D-P0YYAAAAJ:d1gkVwhDpl0C,,Elsevier,"Darine Bakkour, Geoffroy Enjolras, Jean-Claude Thouret, Robert Kast, Estuning Tyas Wulan Mei, Budi Prihatminingtyas","An adaptive governance system strives to enhance the capacity of institutions to better coordinate relief operations, public awareness and risk reduction policy in case of natural or man-made disasters, by promoting learning from experience. The contribution of this article is twofold: (1) to establish an assessment framework for the adaptive capacity of a system in the field of disasters, and (2) to explore the governance system of Mt. Merapi volcano, Indonesia. We chose the Merapi volcano in the wake of the large 2010 eruption, the largest event over the past 140 years. We develop and apply an assessment framework for the adaptive capacity of a system with the following six key parameters: (1) system description, (2) technology, (3) infrastructure, (4) institutions, (5) information and skills, and (6) economic and financial resources. The methodology consists of a qualitative analysis, using a text analysis. The data …",governance theory,0.404
,,"Un essai de définition du concept de gouvernance
D Bakkour - Laboratoire montpelliérain d'Economie Théorique et …, 2013
Cited by 53 Related articles All 5 versions",2013/12,,https://www.researchgate.net/profile/Darine-Bakkour/publication/357381180_Un_essai_de_definition_du_concept_de_gouvernance/links/61cb9065da5d105e5504d149/Un-essai-de-definition-du-concept-de-gouvernance.pdf,,,,,"Risaster risk management, Risks theories, Adaptation, Governance theory, Public-Private Partnership",Cited by 53,Darine BAKKOUR,,,Un essai de définition du concept de gouvernance,,Laboratoire montpelliérain d’Economie Théorique et Appliquée,,https://scholar.google.com/citations?view_op=view_citation&hl=en&user=1D-P0YYAAAAJ&citation_for_view=1D-P0YYAAAAJ:IjCSPb-OGe4C,2013-05,,Darine Bakkour,"Ce papier a pour objet de préciser la terminologie du concept de gouvernance. Nous allons examiner les modes de gouvernance les plus connus, à savoir la gouvernance d’entreprise, la gouvernance publique, et la gouvernance territoriale. C’est ainsi, que nous évoquerons le concept de la Responsabilité Sociale de l’Entreprise (RSE), le courant du New Public Management (NPM) et le concept de gouvernementalité de Michel Foucault (1978). Nous considérons que la gouvernance s’ applique à un «système» et nous proposons une définition du concept de gouvernance d’un système, comme suit:«La gouvernance d’un système désigne les mécanismes au moyen desquels les mandataire (s) et les mandants articulent leurs intérêts et aplanissent leurs différences afin de réaliser leurs objectifs. La gouvernance désigne, par ailleurs, les institutions, qui influent sur l’exercice des pouvoirs dans les entités concernés. Enfin, la gouvernance d’un système est décrite par l’interaction participative entre les acteurs concernés à tous les niveaux». La gouvernance est un concept holistique qui s’ applique à plusieurs niveaux, et pour plusieurs objectifs, dans un environnement marqué par des conflits d’intérêts, des situations d’incertitudes et d’asymétrie d’information.",risaster risk management,0.404
,,"L’approche contractuelle du concept de gouvernance
D Bakkour - LAMETA, Université Montpellier, 2013
Cited by 7 Related articles All 3 versions",2013/12,1.0,https://www.researchgate.net/profile/Darine-Bakkour/publication/357367993_L'approche_contractuelle_du_concept_de_gouvernance/links/61cb8f4eda5d105e5504d135/Lapproche-contractuelle-du-concept-de-gouvernance.pdf,,,,13-04,"Risaster risk management, Risks theories, Adaptation, Governance theory, Public-Private Partnership",Cited by 7,Darine BAKKOUR,,,L’approche contractuelle du concept de gouvernance,,"LAMETA, Université Montpellier",,https://scholar.google.com/citations?view_op=view_citation&hl=en&user=1D-P0YYAAAAJ&citation_for_view=1D-P0YYAAAAJ:u-x6o8ySG0sC,,,Darine Bakkour,"Le présent papier vise à expliciter les fondements théoriques du concept de gouvernance. Nous soulignons, tout d’abord, la théorie de l’agence de Jensen et Meckling (1976) qui concerne toute relation entre mandataire et mandant. Ainsi, au niveau d’un État, il s’ agit de la relation entre le peuple (mandant) et l’élu du peuple (mandataire). Ensuite, nous distinguons trois cadres conceptuels dans le champ de l’économie des contrats, ie la théorie des incitations (TI), la théorie des contrats incomplets (TCI) et la théorie des coûts de transactions (TCT), qui fournissent des éclaircissements sur le concept de gouvernance d’un système.",risaster risk management,0.4
,,"The adaptive governance of natural disasters: Insights from the 2010 Mount Merapi Eruption in Indonesia
D Bakkour, G Enjolras, R Kast, JC Thouret - Avenue Raymond Dugrand CS, 2013
Cited by 4 Related articles All 7 versions",2013/10,79606.0,https://citeseerx.ist.psu.edu/document?repid=rep1&type=pdf&doi=b3d36f6bc947d5a2f0f363ee45b61603a8523728,,,,,"Risaster risk management, Risks theories, Adaptation, Governance theory, Public-Private Partnership",Cited by 4,Darine BAKKOUR,,,The adaptive governance of natural disasters: Insights from the 2010 Mount Merapi Eruption in Indonesia,,Avenue Raymond Dugrand CS,,https://scholar.google.com/citations?view_op=view_citation&hl=en&user=1D-P0YYAAAAJ&citation_for_view=1D-P0YYAAAAJ:YsMSGLbcyi4C,,,"Darine Bakkour, Geoffroy Enjolras, Robert Kast, Jean-Claude Thouret","An adaptive governance system strives to enhance the capacity of institutions to better coordinate between them. As such, the main objective of an adaptive governance system would be to put learning by experience processes in place, and thus to improve the adaptive capacity of the concerned system. The contribution of this paper is twofold:(1) to establish an assessment framework of the adaptive capacity of a system in the field of natural disasters and (2) to explore the governance system of Mt. Merapi, Indonesia.",governance theory,0.407
,,"Etudes et synteses. Un essai de définition du concept de gouvernance
D Bakkour - Mémoire master spécialité Économie Théorique et …, 2013
Cited by 2 Related articles",2013/12,,,,,,,"Risaster risk management, Risks theories, Adaptation, Governance theory, Public-Private Partnership",Cited by 2,Darine BAKKOUR,,,Etudes et synteses. Un essai de définition du concept de gouvernance,,Mémoire master spécialité Économie Théorique et Appliquée,,https://scholar.google.com/citations?view_op=view_citation&hl=en&user=1D-P0YYAAAAJ&citation_for_view=1D-P0YYAAAAJ:eQOLeE2rZwMC,,,DARINE Bakkour,,adaptation,0.4
,,"Une analyse économique des Partenariats Public-Privé dans le port de Tripoli au Liban
D Bakkour, R Reslane - Revue d'Économie Régionale & Urbaine, 2022
Related articles All 6 versions",2022,,,,,,467-490,"Risaster risk management, Risks theories, Adaptation, Governance theory, Public-Private Partnership",,Darine BAKKOUR,,,Une analyse économique des Partenariats Public-Privé dans le port de Tripoli au Liban,,Revue d’Économie Régionale & Urbaine,,https://scholar.google.com/citations?view_op=view_citation&hl=en&user=1D-P0YYAAAAJ&citation_for_view=1D-P0YYAAAAJ:qjMakFHDy7sC,3,Armand Colin,"Darine Bakkour, Rafif Reslane","Le PPP permet l’accès à des compétences techniques spécifiques et des sources de financement qui ne seraient pas accessibles dans le cadre d’une réalisation du projet par l’intermédiaire de contrats publics traditionnels. Il offre également un meilleur rapport qualité-prix en termes de frais généraux grâce à un prix optimal sur la durée du contrat. Le prix total de l’offre par le partenaire doit être inférieur au coût pour le gouvernement s’ il a fourni le même niveau de service, y compris les coûts supplémentaires des risques auxquels le gouvernement pourrait faire face.",risaster risk management,0.4
,,"L’effet de l’investissement dans la technologie dans une entreprise familiale libanaise
D BAKKOUR, J ACCARY - International Review of Economics, Management and …, 2019
Related articles All 3 versions",2019,1.0,https://revues.imist.ma/index.php/IREMLR/article/download/18554/10855/,,,,,"Risaster risk management, Risks theories, Adaptation, Governance theory, Public-Private Partnership",,Darine BAKKOUR,,,L’effet de l’investissement dans la technologie dans une entreprise familiale libanaise,,"International Review of Economics, Management and Law Research",,https://scholar.google.com/citations?view_op=view_citation&hl=en&user=1D-P0YYAAAAJ&citation_for_view=1D-P0YYAAAAJ:9yKSN-GCB0IC,1,,"Darine BAKKOUR, Jhonny ACCARY","L’investissement dans la technologie s’ avère crucial pour qu’une entreprise soit capable d’améliorer ses processus, d’offrir de nouveaux biens et services sur le marché, d’augmenter son efficacité et d’améliorer son rendement. L’objet de cet article est de présenter et d’analyser l’effet de l’investissement dans la technologie d’une entreprise. Les nouvelles théories de la croissance mettent l’accent sur la croissance du potentiel technologique dans le processus de production. Notre étude de cas concerne une petite entreprise familiale libanaise «Rohban Diairies», spécialisée dans la production et la commercialisation des produits laitiers. L’entreprise a investi dans la technologie, par l’achat de deux machines en 2014 et 2016. L’analyse micro-économique et le calcul de plusieurs indicateurs d’activité et de rentabilité confirment que les investissements de «Rohban Diairies» sont rentables.",risaster risk management,0.4
,,"The Adaptive Govermence Of Natural Disaster System Insights From The Mount Merapi Eruption In Indonesia-Similarity
D Bakkour, E Geofroy, J Thouret, R Kast, ET Wulan Mei… - 2015
Related articles",2015,,,,,,,"Risaster risk management, Risks theories, Adaptation, Governance theory, Public-Private Partnership",,Darine BAKKOUR,,,The Adaptive Govermence Of Natural Disaster System Insights From The Mount Merapi Eruption In Indonesia-Similarity,,,,https://scholar.google.com/citations?view_op=view_citation&hl=en&user=1D-P0YYAAAAJ&citation_for_view=1D-P0YYAAAAJ:zYLM7Y9cAGgC,,Elsevier Ltd,"Darine Bakkour, Enjolras Geofroy, Jean-claude Thouret, Robert Kast, Estuning Tyas Wulan Mei, Budi Prihatminingtyas","An adaptive governance system strives to enhance the capacity of institutions to better coordinate relief operations, public awareness and risk reduction policy in case of natural or man-made disasters, by promoting learning from experience. The contribution of this article is twofold:(1) to establish an assessment framework for the adaptive capacity of a system in the field of disasters, and (2) to explore the governance system of Mt. Merapi volcano, Indonesia. We chose the Merapi volcano in the wake of the large 2010 eruption, the largest event over the past 140 years. We develop and apply an assessment framework for the adaptive capacity of a system with the following six key parameters:(1) system description,(2) technology,(3) infrastructure,(4) institutions,(5) information and skills, and (6) economic and financial resources. The methodology consists of a qualitative analysis, using a text analysis. The data have …",governance theory,0.404
,,,2015,,,,,,,"Risaster risk management, Risks theories, Adaptation, Governance theory, Public-Private Partnership",,Darine BAKKOUR,,,The adaptive governance of natural disaster systems: Insights from the 2010 mount Merapi eruption in Indonesia-Artikel,,International Journal of Economic Commerce & Management,,https://scholar.google.com/citations?view_op=view_citation&hl=en&user=1D-P0YYAAAAJ&citation_for_view=1D-P0YYAAAAJ:UeHWp8X0CEIC,,Elsevier Ltd,"Darine Bakkour, Geoffroy Enjorlas, Jean-Claude Thouret, Robert Kast, Estuning Tyas Wulan Mei, Budi Prihatminingtyas",,governance theory,0.422
,8th International Interpretive Policy Analysis Conference (IPA),"Long-term household waste management: Insights from the policymaking process
D Bakkour, KGE Berthome, R Kast, M Mormont… - 8th International Interpretive Policy Analysis …, 2013
Related articles All 3 versions",2013/7/3,,,,,,,"Risaster risk management, Risks theories, Adaptation, Governance theory, Public-Private Partnership",,Darine BAKKOUR,,,Long-term household waste management: Insights from the policymaking process,,,,https://scholar.google.com/citations?view_op=view_citation&hl=en&user=1D-P0YYAAAAJ&citation_for_view=1D-P0YYAAAAJ:Tyk-4Ss8FVUC,,,"Darine Bakkour, Karim GE Berthome, R Kast, M Mormont, S Roussel","Long-term household waste management: Insights from the policymaking process - AgroParisTech Recherche Accéder directement au contenu Pied de page Logo Logo Documentation FR Français (FR) Anglais (EN) Se connecter Portail HAL AgroParisTech Recherche Loading... Recherche avancée Information de documents Titres Titres Sous-titre Titre de l'ouvrage Titre du volume (Série) Champ de recherche par défaut (multicritères) + texte intégral des PDF Résumé Texte intégral indexé des documents PDF Mots-clés Type de document Sous-type de document Tous les identifiants du document Identifiant HAL du dépôt Langue du document (texte) Pays (Texte) Ville À paraître (true ou false) Ajouter Auteur Auteur (multicritères) Auteur (multicritères) Auteur : Nom complet Auteur : Nom de famille Auteur : Prénom Auteur : Complément de nom, deuxième prénom Auteur : Organisme payeur Auteur : IdHal (chaîne de …",risaster risk management,0.404
,AFSE Meeting 2013,"The adaptive governance of natural hazards: Evidence from the 2010 Mount Merapi Eruption in Indonesia
D BAKKOUR, G ENJOLRAS, K Robert - AFSE Meeting 2013, 2013
Related articles",2013/4/5,,,,,,,"Risaster risk management, Risks theories, Adaptation, Governance theory, Public-Private Partnership",,Darine BAKKOUR,,,The adaptive governance of natural hazards: Evidence from the 2010 Mount Merapi Eruption in Indonesia,,,,https://scholar.google.com/citations?view_op=view_citation&hl=en&user=1D-P0YYAAAAJ&citation_for_view=1D-P0YYAAAAJ:W7OEmFMy1HYC,,,"Darine BAKKOUR, Geoffroy ENJOLRAS, KAST Robert","An adaptive governance of natural hazards takes the challenge of enhancing the capacity to create suitable cross-scale and cross-level links between institutions. As such, the main objective of an adaptive governance model facing natural disasters would be to put in place learning by experience processes. However, we notice a strong gap between the theoretical foundations of adaptive governance and its application. Using a field survey which was conducted after the 2010 volcanic eruption in Mount Merapi, we show that the local governance model is away to be considered an adaptive governance system. Seven key determinants of the adaptive capacity of a system have been suggested and applied to the Merapi case study: context description, institutions, infrastructure, economic and financial resources, technology, information and skills and equity. The contribution of this paper is twofold: to exploit the …",governance theory,0.404
,,"La gouvernance d'un système: vers une gestion dynamique des risques
D Bakkour - 2013
Related articles",2013/2/12,,,,,,,"Risaster risk management, Risks theories, Adaptation, Governance theory, Public-Private Partnership",,Darine BAKKOUR,,,La gouvernance d'un système: vers une gestion dynamique des risques,Montpellier 1,,,https://scholar.google.com/citations?view_op=view_citation&hl=en&user=1D-P0YYAAAAJ&citation_for_view=1D-P0YYAAAAJ:2osOgNQ5qMEC,,,Darine Bakkour,"L'augmentation du nombre des sinistres à grande échelle d'origine climatique, technologique, sanitaire, et bien d'autres, nous interpelle sur le mode de gouvernance des systèmes concernés, sur les choix de couverture de ces risques et sur les mesures de prévention mises en place. La question qui a animé notre recherche est : dans quelle mesure la gouvernance d'un système favorise-t-elle la gestion des risques ? Notre analyse empirique s'appuie sur deux cas d'étude, qui se concentrent, sur la gouvernance d'un système face à des risques catastrophiques pour l'un, et des risques communs pour l'autre. D'une part, les risques majeurs sont connus comme étant très peu probables mais avec de possibles lourdes conséquences. La dynamique de la gouvernance adaptative, pour la gestion des risques majeurs d'un système, souligne la nécessité d'adopter une approche flexible (dynamique). Nous proposons ainsi un cadre d'évaluation de la capacité d'adaptation d'un système dans le domaine des risques majeurs. D'autre part, les risques communs affectent l'ensemble de la population. Face aux risques communs dont les conséquences s'étalent dans le futur, nous considérons que la gouvernance adaptative dans une démocratie délibérative se réfère au paradigme selon lequel la gouvernance permet aux décideurs de se projeter vers le long terme. Le dilemme consiste à prendre (à présent) des décisions (c.-à-d. des risques, au sens général du terme) dont les effets (ou les conséquences) ne se font sentir que dans le futur. La gouvernance d'un système doit favoriser la gestion des risques. Notre travail de recherche est structuré autour de …",adaptation,0.603
,,"Décisions de gestion concertées et long terme (DELTA): rapport finale
D Bakkour, R Kast, S Roussel, M Mormont - 2013
Related articles",2013,,,,,,,"Risaster risk management, Risks theories, Adaptation, Governance theory, Public-Private Partnership",,Darine BAKKOUR,,,Décisions de gestion concertées et long terme (DELTA): rapport finale,,,,https://scholar.google.com/citations?view_op=view_citation&hl=en&user=1D-P0YYAAAAJ&citation_for_view=1D-P0YYAAAAJ:Y0pCki6q_DkC,,,"Darine Bakkour, Robert Kast, Sébastien Roussel, Marc Mormont","La question du Long Terme (LT), et plus précisément des effets à LT des dispositifs et des infrastructures de gestion des Déchets Ménagers et Assimilés (DMA), continuent d’occuper une place relativement mineure dans les politiques publiques locales. Ce projet propose d’étudier l’intégration des préoccupations de LT dans les prises de décision de gestion des DMA, et adopte pour cela une approche originale partant des instruments mobilisés par les acteurs gestionnaires et leur dynamique. Dans le cadre de ce rapport nous présentons successivement : l’instrumentation mobilisée par les acteurs gestionnaires pour effectuer leurs décisions, les sources de cette instrumentation, et, au regard de ces instruments, la manière dont ils se sentent capables d’appréhender des conséquences à LT associées à la gestion des DMA, ainsi que leur perception des risques communs et du LT au regard des DMA.",risaster risk management,0.4
,,"Dealing with risks and governance
D Bakkour, R Kast - 2013
Related articles All 7 versions",2013,,https://hal.science/hal-01485480/document,,,,21 p.,"Risaster risk management, Risks theories, Adaptation, Governance theory, Public-Private Partnership",,Darine BAKKOUR,,,Dealing with risks and governance,auto-saisine,,,https://scholar.google.com/citations?view_op=view_citation&hl=en&user=1D-P0YYAAAAJ&citation_for_view=1D-P0YYAAAAJ:u5HHmVD_uO8C,,,"Darine Bakkour, Robert Kast","The scope of this note is to delimitate what we are talking about when we refer to governance, a word that relates to different concepts in political sciences, social sciences and other human sciences. Within such a large meaning, governance encompasses many situations where there are risks to be managed, or risks to be taken, which leads us to question its economic foundations. However, the foundations need not be the same if we consider “corporate governance”, “national governance”, “territorial governance” and many compound ways of management through Public Private Partnerships (PPP).",risks theories,0.406
,International conference on Corporate excellence in challenging global scenario September 27 & 28 2012,"Governance and Global Scenario
D Bakkour, R Kast - International conference on Corporate excellence in …, 2012
Related articles",2012/9/27,,,,,,,"Risaster risk management, Risks theories, Adaptation, Governance theory, Public-Private Partnership",,Darine BAKKOUR,,,Governance and Global Scenario,,,,https://scholar.google.com/citations?view_op=view_citation&hl=en&user=1D-P0YYAAAAJ&citation_for_view=1D-P0YYAAAAJ:ufrVoPGSRksC,,,"D Bakkour, R Kast","Governance and Global Scenario - Archive ouverte HAL Accéder directement au contenu Documentation FR Français (FR) Anglais (EN) Se connecter HAL science ouverte Recherche Loading... Recherche avancée Information de documents Titres Titres Sous-titre Titre de l'ouvrage Titre du volume (Série) Champ de recherche par défaut (multicritères) + texte intégral des PDF Résumé Texte intégral indexé des documents PDF Mots-clés Type de document Sous-type de document Tous les identifiants du document Identifiant HAL du dépôt Langue du document (texte) Pays (Texte) Ville À paraître (true ou false) Ajouter Auteur Auteur (multicritères) Auteur (multicritères) Auteur : Nom complet Auteur : Nom de famille Auteur : Prénom Auteur : Complément de nom, deuxième prénom Auteur : Organisme payeur Auteur : IdHal (chaîne de caractères) Auteur : Fonction Auteur : personID (entier) Auteur : Identifiant de l'…",governance theory,0.404
,"Innovation Sociétale et Entrepreneuriale, Gouvernance Territoriale autour de la Méditerranée","Innovation sociétale et gouvernance territoriale autour de la Méditerranée
R Kast, D Bakkour - … , Gouvernance Territoriale autour de la Méditerranée, 2011
Related articles",2011/4/12,,,,,,,"Risaster risk management, Risks theories, Adaptation, Governance theory, Public-Private Partnership",,Darine BAKKOUR,,,Innovation sociétale et gouvernance territoriale autour de la Méditerranée,,,,https://scholar.google.com/citations?view_op=view_citation&hl=en&user=1D-P0YYAAAAJ&citation_for_view=1D-P0YYAAAAJ:WF5omc3nYNoC,,,"Robert Kast, D Bakkour","Innovation sociétale et gouvernance territoriale autour de la Méditerranée - Archive ouverte HAL Accéder directement au contenu Documentation FR Français (FR) Anglais (EN) Se connecter HAL science ouverte Recherche Loading... Recherche avancée Information de documents Titres Titres Sous-titre Titre de l'ouvrage Titre du volume (Série) Champ de recherche par défaut (multicritères) + texte intégral des PDF Résumé Texte intégral indexé des documents PDF Mots-clés Type de document Sous-type de document Tous les identifiants du document Identifiant HAL du dépôt Langue du document (texte) Pays (Texte) Ville À paraître (true ou false) Ajouter Auteur Auteur (multicritères) Auteur (multicritères) Auteur : Nom complet Auteur : Nom de famille Auteur : Prénom Auteur : Complément de nom, deuxième prénom Auteur : Organisme payeur Auteur : IdHal (chaîne de caractères) Auteur : Fonction Auteur : personID …",risaster risk management,0.4
,,"THE ADAPTIVE GVERNACE OF NATURAL DISASTER SYSTEMS: INSIGHTS FRM THE 2010 MOUNT MERAPI ERUPTION IN INDONESIA-Similarity
D Bakkour, G Enjolras, JC Thouret, R Kast…
Related articles",,,,,,,,"Risaster risk management, Risks theories, Adaptation, Governance theory, Public-Private Partnership",,Darine BAKKOUR,,,THE ADAPTIVE GVERNACE OF NATURAL DISASTER SYSTEMS: INSIGHTS FRM THE 2010 MOUNT MERAPI ERUPTION IN INDONESIA-Similarity,,,,https://scholar.google.com/citations?view_op=view_citation&hl=en&user=1D-P0YYAAAAJ&citation_for_view=1D-P0YYAAAAJ:_FxGoFyzp5QC,,Elsevor Ltd,"Darine Bakkour, Geoffroy Enjolras, Jean-Claude Thouret, Robert Kast, Estuningtyas Wulan Mei, Budi Priatminingtas",,governance theory,0.4
