Book,Conference,Scholar articles,Publication date,Volume,PDF Link,Patent office,Report number,Source,Pages,Research Interests,Total citations,Researcher Name,Inventors,Patent number,Title,Institution,Journal,Application number,Scholar Link,Issue,Publisher,Authors,Description,Classified_Topic,Classification_Confidence
,,"A multiscale method with patch for the solution of stochastic partial differential equations with localized uncertainties
M Chevreuil, A Nouy, E Safatly - Computer Methods in Applied Mechanics and …, 2013
Cited by 64 Related articles All 9 versions",2013/3/1,255.0,https://hal.science/hal-00733739/file/chevreuil_nouy_safatly_2012.pdf,,,,255-274,Game Theory- uncertainty quantification - model reduction,Cited by 64,Elias Safatly,,,A multiscale method with patch for the solution of stochastic partial differential equations with localized uncertainties,,Computer Methods in Applied Mechanics and Engineering,,https://scholar.google.com/citations?view_op=view_citation&hl=en&user=96yNskIAAAAJ&citation_for_view=96yNskIAAAAJ:d1gkVwhDpl0C,,North-Holland,"Mathilde Chevreuil, Anthony Nouy, Elias Safatly","We here propose a multiscale numerical method for the solution of stochastic parametric partial differential equations with localized uncertainties described with a finite number of random variables. It is based on a multiscale domain decomposition method that exploits the localized side of uncertainties and incidentally improves the conditioning of the problem by operating a separation of scales. An efficient iterative algorithm is proposed that requires the solution of a sequence of simple global problems at a macro scale, involving a deterministic operator, and local problems at a micro scale for which we have the possibility to use fine approximation spaces. Global and local problems are solved using tensor approximation methods allowing the representation of high dimensional stochastic parametric solutions. Convergence properties of these tensor based methods, which are closely related to spectral …",game theory- uncertainty quantification - model reduction,0.286
,,"Fictitious domain method and separated representations for the solution of boundary value problems on uncertain parameterized domains
A Nouy, M Chevreuil, E Safatly - Computer Methods in Applied Mechanics and …, 2011
Cited by 42 Related articles All 11 versions",2011/10/15,200.0,https://hal.science/hal-00662564/document,,,,3066-3082,Game Theory- uncertainty quantification - model reduction,Cited by 42,Elias Safatly,,,Fictitious domain method and separated representations for the solution of boundary value problems on uncertain parameterized domains,,Computer Methods in Applied Mechanics and Engineering,,https://scholar.google.com/citations?view_op=view_citation&hl=en&user=96yNskIAAAAJ&citation_for_view=96yNskIAAAAJ:u5HHmVD_uO8C,45-46,North-Holland,"Anthony Nouy, Mathilde Chevreuil, Elias Safatly","A tensor-based method is proposed for the solution of partial differential equations defined on uncertain parameterized domains. It provides an accurate solution which is explicit with respect to parameters defining the shape of the domain, thus allowing efficient a posteriori probabilistic or parametric analyses. In the proposed method, a fictitious domain approach is first adopted for the reformulation of the parametric problem on a fixed domain, yielding a weak formulation in a tensor product space (product of space functions and parametric functions). The paper is limited to the case of Neumann conditions on uncertain parts of the boundary. The Proper Generalized Decomposition method is then introduced for the construction of a tensor product approximation (separated representation) of the solution. It can be seen as an a priori model reduction technique which automatically captures reduced bases of space …",game theory- uncertainty quantification - model reduction,0.352
,,"Méthode multiéchelle et réduction de modèle pour la propagation d'incertitudes localisées dans les modèles stochastiques
E Safatly - 2012
Cited by 6 Related articles All 6 versions",2012/10/2,,https://theses.hal.science/tel-00798526/file/redaction.pdf,,,,,Game Theory- uncertainty quantification - model reduction,Cited by 6,Elias Safatly,,,Méthode multiéchelle et réduction de modèle pour la propagation d'incertitudes localisées dans les modèles stochastiques,Université de Nantes; Ecole Centrale de Nantes (ECN),,,https://scholar.google.com/citations?view_op=view_citation&hl=en&user=96yNskIAAAAJ&citation_for_view=96yNskIAAAAJ:9yKSN-GCB0IC,,,Elias Safatly,"Dans de nombreux problèmes physiques, un modèle incertain peut être traduit par un ensemble d'équations aux dérivées partielles stochastiques. Nous nous intéressons ici à des problèmes présentant de nombreuses sources d'incertitudes localisées en espace. Dans le cadre des approches fonctionnelles pour la propagation d'incertitudes, ces problèmes présentent deux difficultés majeures. La première est que leurs solutions possèdent un caractère multi-échelle, ce qui nécessite des méthodes de réduction de modèle et des stratégies de calcul adaptées. La deuxième difficulté est associée à la représentation de fonctions de nombreux paramètres pour la prise en compte de nombreuses variabilités. Pour résoudre ces difficultés, nous proposons tout d'abord une méthode de décomposition de domaine multi-échelle qui exploite le caractère localisé des aléas. Un algorithme itératif est proposé, qui requiert une résolution alternée de problèmes globaux et de problèmes locaux, ces derniers étant définis sur des patchs contenant les variabilités localisées. Des méthodes d'approximation de tenseurs sont ensuite utilisées pour la gestion de la grande dimension paramétrique. La séparation multi-échelle améliore le conditionnement des problèmes à résoudre et la convergence des méthodes d'approximation de tenseurs qui est liée aux propriétés spectrales des fonctions à décomposer. Enfin, pour la prise en compte de variabilités géométriques localisées, des méthodes spécifiques basées sur les approches de domaines fictifs sont introduites.",game theory- uncertainty quantification - model reduction,0.343
,,"A new tensor approach of computing pure and mixed unilateral support equilibria
E Safatly, JE Abdou - RAIRO-Operations Research, 2021
Cited by 4 Related articles All 2 versions",2021/3/1,55.0,https://www.rairo-ro.org/articles/ro/pdf/2021/03/ro200050.pdf,,,,395-413,Game Theory- uncertainty quantification - model reduction,Cited by 4,Elias Safatly,,,A new tensor approach of computing pure and mixed unilateral support equilibria,,RAIRO-Operations Research,,https://scholar.google.com/citations?view_op=view_citation&hl=en&user=96yNskIAAAAJ&citation_for_view=96yNskIAAAAJ:LkGwnXOMwfcC,2,EDP Sciences,"Elias Safatly, Joanna E Abdou","In this paper, pure unilateral support equilibrium (USE) is located among pure Nash and pure Berge equilibrium using tensors. The differences between these equilibria are shown using tensor form of a game and are illustrated with numerical examples. Tensors will help specify the location of each equilibrium using a system of coordinates that brings a solid mathematical foundation of all equilibria and provides the possibility to solve high dimensional problems. A numerical example with a 15-player game is studied to demonstrate the efficiency. Besides, we extend the notion of pure USE to mixed USE when the sets of strategies of all players are finite. We prove a lemma dedicated to inaugurate a method of computing mixed USE profiles. We write corresponding formulas using tensors and their operations, and then we illustrate the new method and lemma method by a numerical example of a 7-player game.",game theory- uncertainty quantification - model reduction,0.233
,,"High-dimensional nash equilibria problems and tensors applications
JE Abdou, E Safatly, B Nakhle, A El Khoury - International Game Theory Review, 2017
Cited by 4 Related articles All 4 versions",2017/9/23,19.0,,,,,1750015,Game Theory- uncertainty quantification - model reduction,Cited by 4,Elias Safatly,,,High-dimensional nash equilibria problems and tensors applications,,International Game Theory Review,,https://scholar.google.com/citations?view_op=view_citation&hl=en&user=96yNskIAAAAJ&citation_for_view=96yNskIAAAAJ:ufrVoPGSRksC,03,World Scientific Publishing Company,"Joanna E Abdou, Elias Safatly, Bassam Nakhle, Antoine El Khoury","We propose, in this work, an overview on tensors application in game theory, and basically on Nash equilibria problems. In this paper, we extend the classic normal form of a game to a new form called Tensor form. We present some tensors concepts and operations with detailed examples and then we propose an efficient methodology to solve pure and mixed high-dimensional Nash equilibria problems using tensors operations. The efficiency of this methodology is shown in numerical examples for pure and mixed strategy. An algorithm based on tensors is also implemented to describe and solve these problems.",game theory- uncertainty quantification - model reduction,0.292
,10e colloque national en calcul des structures (CSMA),"Proper Generalized Decomposition pour les problèmes aux limites définis sur des domaines incertains
E Safatly, M Chevreuil, A Nouy - 10e colloque national en calcul des structures, 2011
Cited by 1 Related articles",2011,,https://hal.science/hal-00592678v1/file/ar_27MR8PN3.pdf,,,,,Game Theory- uncertainty quantification - model reduction,Cited by 1,Elias Safatly,,,Proper Generalized Decomposition pour les problèmes aux limites définis sur des domaines incertains,,,,https://scholar.google.com/citations?view_op=view_citation&hl=en&user=96yNskIAAAAJ&citation_for_view=96yNskIAAAAJ:u-x6o8ySG0sC,,,"Elias Safatly, Mathilde Chevreuil, Anthony Nouy","Nous nous intéressons à la prise en compte d’incertitudes géométriques et présentons une méthode efficace pour la résolution numérique d’équations aux dérivées partielles (EDP) définies sur un domaine incertain. La méthode proposée ici combine une méthode de domaine fictif, permettant une reformulation du problème sur un espace produit tensoriel, et une méthode Proper Generalized Decomposition (PGD) pour la construction a priori d’une représentation séparée de la solution.",game theory- uncertainty quantification - model reduction,0.343
,11ème Colloque National en Calcul des Structures (CSMA 2013),"Ω\Λ Λ*
F PLED, M CHEVREUIL, A NOUY, E SAFATLY - 2013
Related articles All 4 versions
Méthode multi-échelle avec patchs pour la propagation d'incertitudes localisées dans les modèles stochastiques
F Pled, M Chevreuil, A Nouy, E Safatly - 11ème Colloque National en Calcul des Structures …, 2013
Related articles All 4 versions",2013/5/13,,https://hal.science/hal-01056919/document,,,,1-3,Game Theory- uncertainty quantification - model reduction,,Elias Safatly,,,Méthode multi-échelle avec patchs pour la propagation d'incertitudes localisées dans les modèles stochastiques,,,,https://scholar.google.com/citations?view_op=view_citation&hl=en&user=96yNskIAAAAJ&citation_for_view=96yNskIAAAAJ:W7OEmFMy1HYC,,,"Florent Pled, Mathilde Chevreuil, Anthony Nouy, Elias Safatly",Nous présentons une stratégie basée sur une méthode multiéchelle avec patch afin de traiter des problèmes stochastiques où les sources d'incertitudes sont nombreuses et dont les modèles associés sont des modèles multiéchelles complexes de grande dimension stochastique. La méthode exploite l'aspect localisé des incertitudes en séparant les échelles ce qui permet d'améliorer à la fois le conditionnement du problème et la convergence des méthodes d'approximation de tenseur utilisées pour résoudre les problèmes stochastiques de grande dimension aux niveaux local et global.,game theory- uncertainty quantification - model reduction,0.343
,ASME 2012 11th Biennal Conference on Engineering Systems design and Analysis (ESDA 2012),"Multiscale Model Reduction for the Solution of Stochastic Partial Differential Equations With Localized Sources of Uncertainties
E Safatly, M Chevreuil, A Nouy - Engineering Systems Design and Analysis, 2012
Related articles All 2 versions",2012/7,,https://hal.science/hal-01008514/file/safatly2012.pdf,,,,,Game Theory- uncertainty quantification - model reduction,,Elias Safatly,,,Multiscale model reduction for the solution of stochastic partial differential equations with localized sources of uncertainties,,,,https://scholar.google.com/citations?view_op=view_citation&hl=en&user=96yNskIAAAAJ&citation_for_view=96yNskIAAAAJ:IjCSPb-OGe4C,,ASME,"Elias Safatly, Mathilde Chevreuil, Anthony Nouy",The presence of numerous localized sources of uncertainties in stochastic models leads to high dimensional and multiscale problems. A numerical strategy is here proposed to propagate the uncertainties through such models. It is based on a multiscale domain decomposition method that exploits the localized side of uncertainties. The separation of scales has the double benefit of improving the conditioning of the problem as well as the convergence of tensor based methods (namely Proper Generalized Decomposition methods) used within the strategy for the separated representation of high dimensional stochastic parametric solutions.,game theory- uncertainty quantification - model reduction,0.354
,,"Multiscale method and model reduction for the propagation of localized uncertainties in the stochastic models.
E Safatly - HAL, 2012
Related articles All 2 versions",2012,2012.0,,,,,,Game Theory- uncertainty quantification - model reduction,,Elias Safatly,,,Multiscale method and model reduction for the propagation of localized uncertainties in the stochastic models.,,HAL,,https://scholar.google.com/citations?view_op=view_citation&hl=en&user=96yNskIAAAAJ&citation_for_view=96yNskIAAAAJ:roLk4NBRz8UC,,,Elias Safatly,"Dans de nombreux problèmes physiques, un modèle incertain peut être traduit par un ensemble d'équations aux dérivées partielles stochastiques. Nous nous intéressons ici à des problèmes présentant de nombreuses sources d'incertitudes localisées en espace. Dans le cadre des approches fonctionnelles pour la propagation d'incertitudes, ces problèmes présentent deux difficultés majeures. La première est que leurs solutions possèdent un caractère multi-échelle, ce qui nécessite des méthodes de réduction de modèle et des stratégies de calcul adaptées. La deuxième difficulté est associée à la représentation de fonctions de nombreux paramètres pour la prise en compte de nombreuses variabilités. Pour résoudre ces difficultés, nous proposons tout d'abord une méthode de décomposition de domaine multi-échelle qui exploite le caractère localisé des aléas. Un algorithme itératif est proposé, qui requiert une résolution alternée de problèmes globaux et de problèmes locaux, ces derniers étant définis sur des patchs contenant les variabilités localisées. Des méthodes d'approximation de tenseurs sont ensuite utilisées pour la gestion de la grande dimension paramétrique. La séparation multi-échelle améliore le conditionnement des problèmes à résoudre et la convergence des méthodes d'approximation de tenseurs qui est liée aux propriétés spectrales des fonctions à décomposer. Enfin, pour la prise en compte de variabilités géométriques localisées, des méthodes spécifiques basées sur les approches de domaines fictifs sont introduites.",game theory- uncertainty quantification - model reduction,0.348
,SIAM Conference on Uncertainty Quantification,"A multiscale domain decomposition method for the solution of stochastic partial differential equations with localized uncertainties
M Chevreuil, E Safatly, A Nouy - SIAM Conference on Uncertainty Quantification, 2012
Related articles",2012,,,,,,,Game Theory- uncertainty quantification - model reduction,,Elias Safatly,,,A multiscale domain decomposition method for the solution of stochastic partial differential equations with localized uncertainties,,,,https://scholar.google.com/citations?view_op=view_citation&hl=en&user=96yNskIAAAAJ&citation_for_view=96yNskIAAAAJ:UeHWp8X0CEIC,,SIAM,"Mathilde Chevreuil, Elias Safatly, Anthony Nouy","A multiscale domain decomposition method for the solution of stochastic partial differential equations with localized uncertainties - Archive ouverte HAL Accéder directement au contenu Documentation FR Français (FR) Anglais (EN) Se connecter HAL science ouverte Recherche Loading... Recherche avancée Information de documents Titres Titres Sous-titre Titre de l'ouvrage Titre du volume (Série) Champ de recherche par défaut (multicritères) + texte intégral des PDF Résumé Texte intégral indexé des documents PDF Mots-clés Type de document Sous-type de document Tous les identifiants du document Identifiant HAL du dépôt Langue du document (texte) Pays (Texte) Ville À paraître (true ou false) Ajouter Auteur Auteur (multicritères) Auteur (multicritères) Auteur : Nom complet Auteur : Nom de famille Auteur : Prénom Auteur : Complément de nom, deuxième prénom Auteur : Organisme payeur Auteur : IdHal (…",game theory- uncertainty quantification - model reduction,0.343
,Workshop ANR TYCHE,"Réduction de modèle pour la résolution de problèmes aux limites avec incertitudes localisées
M Chevreuil, E Safatly, A Nouy - Workshop ANR TYCHE, 2011
Related articles",2011/11,,,,,,,Game Theory- uncertainty quantification - model reduction,,Elias Safatly,,,Réduction de modèle pour la résolution de problèmes aux limites avec incertitudes localisées,,,,https://scholar.google.com/citations?view_op=view_citation&hl=en&user=96yNskIAAAAJ&citation_for_view=96yNskIAAAAJ:zYLM7Y9cAGgC,,ANR TYCHE,"Mathilde Chevreuil, Elias Safatly, Anthony Nouy","Réduction de modèle pour la résolution de problèmes aux limites avec incertitudes localisées - Archive ouverte HAL Accéder directement au contenu Documentation FR Français (FR) Anglais (EN) Se connecter HAL science ouverte Recherche Loading... Recherche avancée Information de documents Titres Titres Sous-titre Titre de l'ouvrage Titre du volume (Série) Champ de recherche par défaut (multicritères) + texte intégral des PDF Résumé Texte intégral indexé des documents PDF Mots-clés Type de document Sous-type de document Tous les identifiants du document Identifiant HAL du dépôt Langue du document (texte) Pays (Texte) Ville À paraître (true ou false) Ajouter Auteur Auteur (multicritères) Auteur (multicritères) Auteur : Nom complet Auteur : Nom de famille Auteur : Prénom Auteur : Complément de nom, deuxième prénom Auteur : Organisme payeur Auteur : IdHal (chaîne de caractères) Auteur : …",game theory- uncertainty quantification - model reduction,0.343
,USNCCM 2011,"Proper Generalized Decomposition for problems deﬁned on uncertain domains
M Chevreuil, E Safatly, A Nouy - USNCCM 2011, 2011
Related articles",2011,,,,,,,Game Theory- uncertainty quantification - model reduction,,Elias Safatly,,,Proper Generalized Decomposition for problems deﬁned on uncertain domains,,,,https://scholar.google.com/citations?view_op=view_citation&hl=en&user=96yNskIAAAAJ&citation_for_view=96yNskIAAAAJ:eQOLeE2rZwMC,,,"Mathilde Chevreuil, Elias Safatly, Anthony Nouy","Proper Generalized Decomposition for problems deﬁned on uncertain domains - Archive ouverte HAL Accéder directement au contenu Documentation FR Français (FR) Anglais (EN) Se connecter HAL science ouverte Recherche Loading... Recherche avancée Information de documents Titres Titres Sous-titre Titre de l'ouvrage Titre du volume (Série) Champ de recherche par défaut (multicritères) + texte intégral des PDF Résumé Texte intégral indexé des documents PDF Mots-clés Type de document Sous-type de document Tous les identifiants du document Identifiant HAL du dépôt Langue du document (texte) Pays (Texte) Ville À paraître (true ou false) Ajouter Auteur Auteur (multicritères) Auteur (multicritères) Auteur : Nom complet Auteur : Nom de famille Auteur : Prénom Auteur : Complément de nom, deuxième prénom Auteur : Organisme payeur Auteur : IdHal (chaîne de caractères) Auteur : Fonction Auteur : …",game theory- uncertainty quantification - model reduction,0.343
,,"ESDA2012-82389
E Safatly, M Chevreuil, A Nouy
Related articles",,,https://scholar.archive.org/work/gqupdngcdfbzzdtdihos5vploe/access/wayback/https://hal.archives-ouvertes.fr/hal-01008514/file/safatly2012.pdf,,,,,Game Theory- uncertainty quantification - model reduction,,Elias Safatly,,,ESDA2012-82389,,,,https://scholar.google.com/citations?view_op=view_citation&hl=en&user=96yNskIAAAAJ&citation_for_view=96yNskIAAAAJ:Se3iqnhoufwC,,,"Elias Safatly, Mathilde Chevreuil, Anthony Nouy",The presence of numerous localized sources of uncertainties in stochastic models leads to high dimensional and multiscale problems. A numerical strategy is here proposed to propagate the uncertainties through such models. It is based on a multiscale domain decomposition method that exploits the localized side of uncertainties. The separation of scales has the double benefit of improving the conditioning of the problem as well as the convergence of tensor based methods (namely Proper Generalized Decomposition methods) used within the strategy for the separated representation of high dimensional stochastic parametric solutions.,game theory- uncertainty quantification - model reduction,0.343
