Book,Conference,Scholar articles,Publication date,Volume,PDF Link,Patent office,Report number,Source,Pages,Research Interests,Total citations,Researcher Name,Inventors,Patent number,Title,Institution,Journal,Application number,Scholar Link,Issue,Publisher,Authors,Description,Classified_Topic,Classification_Confidence
,,"Beyrouth: du traumatisme à la restauration/re-construction
B Maha, SM Farkh, F CALARGÉ - InteraXXIons, 2022
Cited by 1 Related articles",2022/7/29,,,,,,59-84,"Education, didactics",Cited by 1,Fady Calarge,,,Beyrouth: du traumatisme à la restauration/re-construction,,InteraXXIons,,https://scholar.google.com/citations?view_op=view_citation&hl=en&user=52sEhM8AAAAJ&citation_for_view=52sEhM8AAAAJ:9yKSN-GCB0IC,2.0,,"BADR Maha, Sonia Messai Farkh, Fady CALARGÉ","Le 4 août 2020, la double explosion du port de Beyrouth ravage la capitale. Les pertes sont colossales et ne se limitent pas qu’au matériel. Face à une catastrophe d’une telle envergure, les initiatives ne tardent pas à venir en aide aux victimes et un projet de restauration/re-construction du patrimoine de la capitale libanaise se met en place. Dans notre communication, nous nous intéressons aux initiatives artistiques non libanaises tant sur le plan national qu’international pour soutenir les Libanais sinistrés, pour focaliser sur le rôle de l’Art dans l’éducation comme médium thérapeutique. En suivant la dynamique de la résilience allant du fait de «bondir», à un acte de «résistance», puis de «l’intégration du choc» à la «création/action», notre objectif est de proposer un enseignement universitaire par le biais d’œuvres d’arts post-traumatiques pour engager l’étudiant dans le projet de restauration/re-construction de la …",education,0.4
,,"Changer les paradigmes d’enseignement/apprentissage pour reconstruire Beyrouth
F Calargé, M Badr, S Messai-Farkh - Verbum et Lingua: Didáctica, lengua y cultura, 2021
Cited by 1 Related articles",2021,,https://verbumetlingua.cucsh.udg.mx/index.php/VerLin/article/download/161/561,,,,72-92,"Education, didactics",Cited by 1,Fady Calarge,,,Changer les paradigmes d’enseignement/apprentissage pour reconstruire Beyrouth,,"Verbum et Lingua: Didáctica, lengua y cultura",,https://scholar.google.com/citations?view_op=view_citation&hl=en&user=52sEhM8AAAAJ&citation_for_view=52sEhM8AAAAJ:d1gkVwhDpl0C,18.0,,"Fady Calargé, Maha Badr, Sonia Messai-Farkh","Le 4 août 2020, tout bascule au Liban; une série de catastrophes nationales touche le pays et les enseignants sont invités à assurer une continuité pédagogique dans un environnement hostile à l’enseignement en général et à l’apprentissage des langues étrangères, en particulier. Dans ce contexte, les enseignants de français se trouvent amenés à acquérir de nouvelles compétences didactiques et professionnelles. Le but de cet article est de cerner et de comprendre les obstacles rencontrés par les enseignants et ceci en se basant sur l’expression de leurs difficultés, de leurs acquis et de leur succès lors de la période des crises en question. Notre recherche se veut interventionniste et impulse une dynamique d’expérimentation sur le terrain. En effet, elle a pour but de changer les paradigmes de l’enseignement/apprentissage et d’inviter les enseignants à former un étudiant-citoyen impliqué dans le projet de reconstruction de Beyrouth.",education,0.4
,,"Fresques murales durant la révolution libanaise de 2019: des graffs, mémorial d’une nation réunie
F Calargé, M Badr - Interfaces. Image Texte Language, 2023
Related articles",2023/6/30,,https://journals.openedition.org/interfaces/6791,,,,,"Education, didactics",,Fady Calarge,,,"Fresques murales durant la révolution libanaise de 2019: des graffs, mémorial d’une nation réunie",,Interfaces. Image Texte Language,,https://scholar.google.com/citations?view_op=view_citation&hl=en&user=52sEhM8AAAAJ&citation_for_view=52sEhM8AAAAJ:qjMakFHDy7sC,49.0,"Université de Paris, Université de Bourgogne, College of the Holy Cross","Fady Calargé, Maha Badr","Depuis le soulèvement de 2019, les fresques murales se sont multipliées au Liban et s’engagent dans la vie des citoyens pour exprimer leurs soucis, leur colère et leurs revendications. Il semble que, de par ses formes artistiques notamment murales, le « street art » constitue un élément incontournable pour refléter les valeurs de la « révolution ». Dans cet article, nous proposons de revenir, trois ans plus tard, sur le contexte libanais pour voir ce qui reste de ces créations artistiques et pour examiner leur impact sur la mémoire sociale du peuple. Notre hypothèse est que ces fresques et graffs ont pu transcender l’espace (les frontières régionales et géographies du Liban et dans les pays de la diaspora) et le temps (perçu comme moment phare dans lequel se contextualise le soulèvement populaire au Liban en 2019) pour établir une certaine ré-union de la communauté libanaise. Dans cette perspective, il nous incombe d’assumer deux responsabilités : la première c’est d’inventorier et de préserver ces créations artistiques ; la deuxième serait de les intégrer dans les programmes universitaires pour enseigner l’histoire récente du Liban.",education,0.4
,,"Développements et transformations digitales de l’enseignement supérieur au Liban: défis et perspectives
S Messai-Farkh, M Badr, F Calargé - 2022
Related articles All 2 versions",2022,,https://www.academia.edu/download/109150076/15142.pdf,,,,,"Education, didactics",,Fady Calarge,,,Développements et transformations digitales de l’enseignement supérieur au Liban: défis et perspectives,,,,https://scholar.google.com/citations?view_op=view_citation&hl=en&user=52sEhM8AAAAJ&citation_for_view=52sEhM8AAAAJ:IjCSPb-OGe4C,,,"Sonia Messai-Farkh, Maha Badr, Fady Calargé","L’objectif de notre recherche se veut une réflexion critique sur le rôle des enseignants de français pour publics spécifiques dans un contexte universitaire libanais post COVID-19. Elle s’ inscrit donc dans le prolongement et l’approfondissement des réflexions sur l’enseignement/apprentissage en distanciel suite au confinement imposé depuis mars 2020. Pour mener cette étude, nous avons choisi de nous référer à un outil de modélisation appelé «Arbre de décision de réponse» issu de la théorie des «gestions de crise». Nous l’avons appliqué au contexte de l’enseignement à distance dispensé au Liban suite à la crise sanitaire afin d’apporter des propositions opérationnelles et immédiates aux enseignants. De plus, nous avons mené conjointement des enquêtes par questionnaires, des entretiens semi-directifs et collecté des témoignages auprès des formateurs du supérieur au Liban. L’analyse jumelée de nos investigations a permis d’établir un état des lieux précis de l’intégration des TIC dans le système universitaire et de faire émerger des besoins prioritaires de formations. En effet, le corps professionnel exige une professionnalisation du métier d’enseignant pour faire face aux nouveaux défis liés à l’usage des TIC. Forts de ce constat, nous proposons un travail novateur et inédit: une proposition d’exploitation pédagogique en lien avec les arts visuels afin d’accompagner les enseignants dans l’enseignement en ligne.",education,0.4
,,"Maha Badr
F Calargé, S Messai-Farkh - 2021
Related articles",2021/7,,https://www.academia.edu/download/81445630/Verbum_18_72_92_FC_MB_SMF.pdf,,,,,"Education, didactics",,Fady Calarge,,,Maha Badr,,,,https://scholar.google.com/citations?view_op=view_citation&hl=en&user=52sEhM8AAAAJ&citation_for_view=52sEhM8AAAAJ:UeHWp8X0CEIC,,,"Fady Calargé, Sonia Messai-Farkh","On August 4, 2020, due to a massive blast, the general situation in Lebanon deteriorated further and finally the country’s sociopolitical structure collapsed. A series of national disasters hit the country and teachers are urged to ensure educational continuity in a hostile environment to teaching in general and to learning foreign languages in particular. In this context, French teachers find themselves forced to acquire new didactic and professional skills. This article aims to understand and identify the obstacles encountered by French language teachers. Basis is the explanation of difficulties the teachers faced, showing their achievements and their success during this period of crisis. The research is to show a dynamic of experimentation on the ground, in an effort to change the teaching/learning paradigms. In addition, inviting teachers to build a student-citizen involvement, to aid in the Beirut reconstruction project.",education,0.6
,,"Enquête sur le français dans le domaine dentaire au Liban. Intersections entre le français à visée dentaire et le plurilinguisme
F CALARGE - 2013
Related articles",2013/10/1,,,,,,,"Education, didactics",,Fady Calarge,,,Enquête sur le français dans le domaine dentaire au Liban. Intersections entre le français à visée dentaire et le plurilinguisme,,,,https://scholar.google.com/citations?view_op=view_citation&hl=en&user=52sEhM8AAAAJ&citation_for_view=52sEhM8AAAAJ:u5HHmVD_uO8C,,,Fady CALARGE,"Le français à visée dentaire, voilà le domaine dans lequel investit la faculté de Médecine Dentaire de l’Université Libanaise. Cette pratique enseignante, qui prend pour cible de futurs dentistes, se veut une méthodologie d’enseignement professionnalisant qui s’insère parfaitement dans la politique linguistique contextualisée, se tourne vers les besoins des étudiants et cible à la fois le français sur objectif spécifiquement dentaire et le plurilinguisme. Partant d’une analyse détaillée du terrain linguistique, la faculté en question met en place un moyen de développement des compétences linguistiques des apprenants en partant de leur propre vécu (arabophone ou anglophone) afin de leur enseigner un français utile et adapté à leur profession. Comment alors entend-elle accomplir cette tâche ?",education,0.4
,,"Université Libanaise: Projet FSP/2004: aboutissements et enjeux
F CALARGE - 2013
Related articles",2013/9/1,,,,,,,"Education, didactics",,Fady Calarge,,,Université Libanaise: Projet FSP/2004: aboutissements et enjeux,,,,https://scholar.google.com/citations?view_op=view_citation&hl=en&user=52sEhM8AAAAJ&citation_for_view=52sEhM8AAAAJ:u-x6o8ySG0sC,,,Fady CALARGE,"2005-2010 est une période décisive pour l’Université Libanaise. Le projet « FSP / 2004 : Appui à la rénovation de l’enseignement du français et en français à l’Université Libanaise » bat son plein. Des formations sur place ou en France sont organisées en vue d’un transfert des compétences et d’une professionnalisation des profils des enseignants à l’U.L. Parallèlement, un travail colossal de didactisation est entamé pour remplir en moyenne 172 heures d’enseignement au sein des 17 facultés et instituts de l’université. Une mise au point est donc nécessaire. Pour ce faire, notre article propose une analyse d’une enquête évaluative du projet FSP/2004 qui en présente les aboutissements mais surtout met en relief les enjeux et le travail encore à accomplir par le Bureau des Langues.",education,0.4
,,"Les compétences comportementales de (sur) vie: une formation désormais indispensable pour les enseignants de français du supérieur
F CALARGÉ - Colloque international
Related articles",,13.0,https://dial.uclouvain.be/pr/boreal/object/boreal%3A279624/datastream/PDF_02/view#page=12,,,,11,"Education, didactics",,Fady Calarge,,,Les compétences comportementales de (sur) vie: une formation désormais indispensable pour les enseignants de français du supérieur,,Colloque international,,https://scholar.google.com/citations?view_op=view_citation&hl=en&user=52sEhM8AAAAJ&citation_for_view=52sEhM8AAAAJ:zYLM7Y9cAGgC,,,Fady CALARGÉ,"Cela dit, face aux catastrophes en lien direct avec le patrimoine culturel du pays, tel que le soulèvement populaire de 2019, la crise sanitaire de la COVID-19, la double explosion du port de Beyrouth ou encore la récession économique, l’enseignant de la langue se voit invité à adopter une pratique enseignante «engagée» capable de mettre en valeur l’importance des compétences transversales pour accomplir la tâche d’enseignement qu’on lui incombe. Ce contexte socio-économique inouï, auquel le Liban n’est pas préparé, accentue la situation gravissime des enseignants de français et rend pénible toute rénovation pédagogique du curriculum universitaire. Dans notre communication, nous proposons donc d’examiner les «compétences de vie»(de l’anglais life skills) qui ont permis aux enseignants libanais du supérieur de tenir bon durant les différentes crises et de les pousser à implémenter l’enseignement du patrimoine national dans le curriculum.",education,0.4
