Book,Conference,Scholar articles,Publication date,Volume,PDF Link,Patent office,Report number,Source,Pages,Research Interests,Total citations,Researcher Name,Inventors,Patent number,Title,Institution,Journal,Application number,Scholar Link,Issue,Publisher,Authors,Description,Classified_Topic,Classification_Confidence
,الملتقى الافتراضي الثاني لجمعية المكتبات المتخصصة فرع الخليج العربي: مشاركة المعرفة بين المؤسسات ذات المصالح المشتركة: الفرص والتحديات والممارسات,,2022/5/31,,,,,,57-84,"Smart Libraries, AI Information Literacy, Media Literacy, LAM Sector",,Farah Sbeity,,,التعاون والتكامل بين المكتبات الجامعية اللبنانية لخدمة المستفيدين خلال انتشار جائحة كورونا: دراسة حالة تكتل المكتبات الأكاديمية اللبنانية,,,,https://scholar.google.com/citations?view_op=view_citation&hl=en&user=5DBE6hsAAAAJ&citation_for_view=5DBE6hsAAAAJ:UebtZRa9Y70C,,http://www.slaagc.org/pdf/isla_2022.pdf,سبيتي، فرح,,Unclassified,0.0
,,,2021/12/21,,,,,,,"Smart Libraries, AI Information Literacy, Media Literacy, LAM Sector",,Farah Sbeity,,,تعليم مقرر تصنيف المعلومات في زمن التعليم عن بعد، تجربة الجامعة اللبنانية,,المجلة العربية للأرشيف والتوثيق والمعلومات,,https://scholar.google.com/citations?view_op=view_citation&hl=en&user=5DBE6hsAAAAJ&citation_for_view=5DBE6hsAAAAJ:IjCSPb-OGe4C,,https://ajadi.weebly.com/,سبيتي، فرح؛ عواد، محمود,,Unclassified,0.0
,المؤتمر السنوي الثاني والثلاثون للاتحاد العربي للمكتبات والمعلومات مستقبل مؤسسات المعلومات العربية في ظل التقنيات الذكية (رؤية استراتيجية 2050),,2021/12/16,,,,,,471-502,"Smart Libraries, AI Information Literacy, Media Literacy, LAM Sector",,Farah Sbeity,,,تجارب عربية واجنبية لمكتبات ذكية في مدن ذكية,,,,https://scholar.google.com/citations?view_op=view_citation&hl=en&user=5DBE6hsAAAAJ&citation_for_view=5DBE6hsAAAAJ:Se3iqnhoufwC,,http://arab-afli.org/conference/pdf/Conference_32.pdf?fbclid=IwAR2lVvk05cCItiFI3kPHrOd3yeQOWjTO92nXBJyLZzF1l5Mp5NhujOpvVBA,سبيتي، فرح,,Unclassified,0.0
,,"استراتيجيات الوعي في عالم الشبكات الاجتماعية، المُنظمة من قبل مديرية قوى الأمن الداخلي اللبناني
أمل, قشور, فرح, سبيتي - مجلة أوراق بحثية, 2021
Related articles",2021/9/21,1.0,,,,,https://drive.google.com/file/d/1757c6gj,"Smart Libraries, AI Information Literacy, Media Literacy, LAM Sector",,Farah Sbeity,,,استراتيجيات الوعي في عالم الشبكات الاجتماعية، المُنظمة من قبل مديرية قوى الأمن الداخلي,,مجلة أوراق بحثية,,https://scholar.google.com/citations?view_op=view_citation&hl=en&user=5DBE6hsAAAAJ&citation_for_view=5DBE6hsAAAAJ:roLk4NBRz8UC,1.0,,سبيتي، فرح؛ قشور، أمل,"استراتيجيات الوعي في عالم الشبكات الاجتماعية، المُنظمة من قبل مديرية قوى الأمن الداخلي اللبناني | ASJP Brand Accueil Revues Intégration d'une revue papier d'une revue éléctronique Connexion Français English عربي Les revues concernées par ce tye d'integration sont les revues scientifiques publiées uniquement sous forme électronique appartenant à des institutions nationales et ne disposant pas d'un ISSN et d'un EISSN. Le EISSN leurs sera attribué après que leurs demandes soient accèptées. Annuler Continuer Seules les revues recensées, par la DGRSDT, et dont les responsables ont suivi une formation sur ASJP, peuvent être intégrées. Pour les autres, vous devez vous rapprocher de la DGRSDT pour avoir plus d'informations. Annuler Continuer Chercher 239 634 articles dans 871 revues Recherche Avancée مجلة أوراق بحثية Volume 1, Numéro 1, Pages 171-193 2021-12-31 استراتيجيات الوعي في عالم …",smart libraries,0.4
,"Université de Montréal, McGill University School of Information Studies",,2021/4/27,,,,,,,"Smart Libraries, AI Information Literacy, Media Literacy, LAM Sector",,Farah Sbeity,,,Assistive technology in the library services of Lebanese universities for students with visual needs,,,,https://scholar.google.com/citations?view_op=view_citation&hl=en&user=5DBE6hsAAAAJ&citation_for_view=5DBE6hsAAAAJ:_FxGoFyzp5QC,,,Farah Sbeiti,,ai information literacy,0.133
,الملتقى العلمي الافتراضي السابع الموسوم بـ : الكتاب في عصر الرقمنة وتداعيات انتشار شبكات التواصل الاجتماعي,,2021/4/3,,,,,,,"Smart Libraries, AI Information Literacy, Media Literacy, LAM Sector",,Farah Sbeity,,,الوصول الحر وحركة النشر في العالم العربي,,,,https://scholar.google.com/citations?view_op=view_citation&hl=en&user=5DBE6hsAAAAJ&citation_for_view=5DBE6hsAAAAJ:qjMakFHDy7sC,,,سبيتي، فرح,,Unclassified,0.0
,أعمال المؤتمر الحادي والثلاثون: تطبيقات واستراتيجيات إدارة المعلومات والمعرفة في حفظ الذاكرة الوطنية والمؤسسية,,2020/12/5,,,,,,663-694,"Smart Libraries, AI Information Literacy, Media Literacy, LAM Sector",,Farah Sbeity,,,الأرشيف الإذاعي اللبناني: دراسة حالة إذاعة لبنان,,,,https://scholar.google.com/citations?view_op=view_citation&hl=en&user=5DBE6hsAAAAJ&citation_for_view=5DBE6hsAAAAJ:UeHWp8X0CEIC,,,سبيتي، فرح,,Unclassified,0.0
,"المؤتمر السنوي الثلاثون للاتحاد العربي للمكتبات والمعلومات "" مؤسسات المعلومات والمعرفة العربية: الأدوار والمسؤولية المجتمعية """,,2019/10/28,,,,,,187-214,"Smart Libraries, AI Information Literacy, Media Literacy, LAM Sector",,Farah Sbeity,,,توثيق الروايات الشفوية في التأريخ للحرب الاهلية في لبنان,,,,https://scholar.google.com/citations?view_op=view_citation&hl=en&user=5DBE6hsAAAAJ&citation_for_view=5DBE6hsAAAAJ:zYLM7Y9cAGgC,,,سبيتي، فرح؛ قشور، أمل,,Unclassified,0.0
,مؤتمر الابتكار واتجاهات التجديد في المكتبات,,2019/9/9,,,,,,148-185,"Smart Libraries, AI Information Literacy, Media Literacy, LAM Sector",,Farah Sbeity,,,مدى فاعلية البرامج المبتكرة فى حل المشكلات بالمكتبات المدرسية: مصرف المكتبة دراسة تجريبية,,,,https://scholar.google.com/citations?view_op=view_citation&hl=en&user=5DBE6hsAAAAJ&citation_for_view=5DBE6hsAAAAJ:Tyk-4Ss8FVUC,,,سبيتي، فرح؛ خالد، السعيد عزت جمعه,,Unclassified,0.0
,,,2019/9,,,,,,25-31,"Smart Libraries, AI Information Literacy, Media Literacy, LAM Sector",,Farah Sbeity,,,الأرشيف السحابي,,أرشيفو,,https://scholar.google.com/citations?view_op=view_citation&hl=en&user=5DBE6hsAAAAJ&citation_for_view=5DBE6hsAAAAJ:2osOgNQ5qMEC,12.0,مركز أوال للدراسات والتوثيق,سبيتي، فرح,,Unclassified,0.0
,أوراق عمل المؤتمرالسنوي الخامس والعشرون لجمعية المكتبات المتخصصة فرع الخليج العربي : إنترنت الأشياء : مستقبل مجتمعات الإنترنت المترابطة,,2019/3/5,,,,,,564-594,"Smart Libraries, AI Information Literacy, Media Literacy, LAM Sector",,Farah Sbeity,,,تطبيقات الهواتف الذكية وخدمات المعلومات: تجربة جامعة أبو ظبي نموذجاً,,,,https://scholar.google.com/citations?view_op=view_citation&hl=en&user=5DBE6hsAAAAJ&citation_for_view=5DBE6hsAAAAJ:Y0pCki6q_DkC,,https://doi.org/10.5281/zenodo.5573859,سبيتي، فرح,,Unclassified,0.0
,المؤتمر الدولي التخصصي في المعلومات والمكتبات,,2019/2/27,,,,,,,"Smart Libraries, AI Information Literacy, Media Literacy, LAM Sector",,Farah Sbeity,,,فهرسة المخطوطات العربية: تجارب التحويل من (AACR2) إلى (RDA),,,,https://scholar.google.com/citations?view_op=view_citation&hl=en&user=5DBE6hsAAAAJ&citation_for_view=5DBE6hsAAAAJ:W7OEmFMy1HYC,,,سبيتي، فرح,,Unclassified,0.0
,,,2018/7/17,,,,,,23-31,"Smart Libraries, AI Information Literacy, Media Literacy, LAM Sector",,Farah Sbeity,,,جودة الحفظ الأرشيف : المعايير وتطبيقاتها في إدارة الريجي اللبنانية,,أرشيفو,,https://scholar.google.com/citations?view_op=view_citation&hl=en&user=5DBE6hsAAAAJ&citation_for_view=5DBE6hsAAAAJ:YsMSGLbcyi4C,10.0,مركز أوال للدراسات والتوثيق,سبيتي، فرح,,Unclassified,0.0
,المؤتمر الثامن والعشرون: شبكات التواصل الاجتماعي وتأثيراتها في مؤسسات المعلومات في الوطن العربي,,2017/11/1,,,,,,1-19,"Smart Libraries, AI Information Literacy, Media Literacy, LAM Sector",,Farah Sbeity,,,تأثير شبكات التواصل الإجتماعي وتأثيرها على وظائف وخدمات مؤسسات المكتبات والمعلومات دراسة حالة المكتبات العامة لبلدية بيروت,,,,https://scholar.google.com/citations?view_op=view_citation&hl=en&user=5DBE6hsAAAAJ&citation_for_view=5DBE6hsAAAAJ:eQOLeE2rZwMC,,,سبيتي، فرح,,Unclassified,0.0
,أعمال المؤتمر الدولي الثالث في النشر الإلكتروني لمكتبة الجامعة الأردنية,,2017/7/25,,,,,,301-323,"Smart Libraries, AI Information Literacy, Media Literacy, LAM Sector",,Farah Sbeity,,,تسويق خدمات المعلومات العامة في المكتبات العامة لبلدية بيروت,,,,https://scholar.google.com/citations?view_op=view_citation&hl=en&user=5DBE6hsAAAAJ&citation_for_view=5DBE6hsAAAAJ:WF5omc3nYNoC,,,سبيتي، فرح؛ عواد، محمود,,Unclassified,0.0
,,,2013/9/1,,,,,,,"Smart Libraries, AI Information Literacy, Media Literacy, LAM Sector",,Farah Sbeity,,,Director Rendalah Kodeih: I Prefer Quick Shots and One Camera,,First Frame,,https://scholar.google.com/citations?view_op=view_citation&hl=en&user=5DBE6hsAAAAJ&citation_for_view=5DBE6hsAAAAJ:ufrVoPGSRksC,1.0,,Farah Sbeiti,,media literacy,0.4
,,,2013/3/11,2.0,,,,,,"Smart Libraries, AI Information Literacy, Media Literacy, LAM Sector",,Farah Sbeity,,,اذاعة لبنان: من اشرطة الريل الى افضل الاذاعات تجهيزا في الشرق الاوسط,,First Frame,,https://scholar.google.com/citations?view_op=view_citation&hl=en&user=5DBE6hsAAAAJ&citation_for_view=5DBE6hsAAAAJ:u-x6o8ySG0sC,2013.0,,فرح، سبيتي,,Unclassified,0.0
