Book,Conference,Scholar articles,Publication date,Volume,PDF Link,Patent office,Report number,Source,Pages,Research Interests,Total citations,Researcher Name,Inventors,Patent number,Title,Institution,Journal,Application number,Scholar Link,Issue,Publisher,Authors,Description,Classified_Topic,Classification_Confidence
,NOMS 2008-2008 IEEE Network Operations and Management Symposium,"ALBA: An autonomic load balancing algorithm for IEEE 802.11 wireless networks
G Sawma, I Aib, R Ben-El-Kezadri, G Pujolle - NOMS 2008-2008 IEEE Network Operations and …, 2008
Cited by 19 Related articles All 2 versions",2008/4/7,,,,,,891-894,"Educational Technology, Computer Networks",Cited by 19,Gilbert Sawma,,,ALBA: An autonomic load balancing algorithm for IEEE 802.11 wireless networks,,,,https://scholar.google.com/citations?view_op=view_citation&hl=en&user=Y8Jm-JMAAAAJ&citation_for_view=Y8Jm-JMAAAAJ:u5HHmVD_uO8C,,IEEE,"Gilbert Sawma, Issam Aib, Ryad Ben-El-Kezadri, Guy Pujolle","The widespread success of the WLAN technology raises the need for the efficient management of the different access points and the associated wireless devices, especially when multimedia and other QoS demanding applications are employed. In this paper we propose an autonomic load balancing mechanism for WLAN networks and test its applicability for a Voice over WLAN (VoWLAN) use case. The algorithm takes into account the channel utilization, the spatial distribution of wireless devices and the QoS requirements of user applications. The autonomic aspect of our algorithm is related to the use of a knowledge plane, which is a conceptual authority that entertains detailed runtime knowledge about the network state in terms of the load on each access point, as well as the connection speed and application QoS requirements of each wireless device. We use OPNET to evaluate the effectiveness of our …",educational technology,0.404
,2009 6th IEEE Consumer Communications and Networking Conference,"Autonomic management for capacity improvement in wireless networks
G Sawma, R Ben-El-Kezadri, I Aib, G Pujolle - 2009 6th IEEE Consumer Communications and …, 2009
Cited by 7 Related articles All 3 versions",2009/1/10,,,,,,1-6,"Educational Technology, Computer Networks",Cited by 7,Gilbert Sawma,,,Autonomic management for capacity improvement in wireless networks,,,,https://scholar.google.com/citations?view_op=view_citation&hl=en&user=Y8Jm-JMAAAAJ&citation_for_view=Y8Jm-JMAAAAJ:UeHWp8X0CEIC,,IEEE,"Gilbert Sawma, Ryad Ben-El-Kezadri, Issam Aib, Guy Pujolle",This paper presents an autonomic load balancing algorithm (ALBA) which enhances resource allocation in wireless local area networks (WLAN). ALBA offers autonomic management capabilities to access points that ensure the accommodation of more user traffic and an overall network capacity improvement compared to default signal strength based connectivity. Simulations with VoIP traffic over an agglomeration of WLANs show consistent behaviour among neighbouring access points and substantial performance gain in terms of call blocking rate.,computer networks,0.206
,2009 IEEE 70th Vehicular Technology Conference Fall,"Proactive traffic engineering for IEEE 802.11 mobile wireless networks
G Sawma, R Ben-El-Kezadri, I Aib, G Bezalel, G Pujolle - 2009 IEEE 70th Vehicular Technology Conference Fall, 2009
Cited by 6 Related articles",2009/9/20,,,,,,1-5,"Educational Technology, Computer Networks",Cited by 6,Gilbert Sawma,,,Proactive traffic engineering for IEEE 802.11 mobile wireless networks,,,,https://scholar.google.com/citations?view_op=view_citation&hl=en&user=Y8Jm-JMAAAAJ&citation_for_view=Y8Jm-JMAAAAJ:9yKSN-GCB0IC,,IEEE,"Gilbert Sawma, Ryad Ben-El-Kezadri, Issam Aib, Gavish Bezalel, Guy Pujolle","As a result of its success, Wi-Fi has been promoted as an access technology to provide full internet connectivity in the municipal area. Supporting application QoS by managing resource provisioning is an important challenge for wireless network operators. This paper proposes a traffic engineering model for managing a Voice over Wi-Fi service in a municipal area with stationary and mobile clients. Our proactive algorithm guarantees the connectivity of the mobile clients while maximizing the number of stationary stations. Simulation results show substantial QoS improvements for mobile clients and a near optimal utilization of the capacity of the wireless access network next to the congested hotspots.",educational technology,0.405
,2008 1st IFIP Wireless Days,"A distributed trust and reputation model for capacity enhancement in wireless networks
G Sawma, J Demerjian, I Aibz, G Pujolle - 2008 1st IFIP Wireless Days, 2008
Cited by 2 Related articles All 5 versions",2008/11/24,,,,,,1-5,"Educational Technology, Computer Networks",Cited by 2,Gilbert Sawma,,,A distributed trust and reputation model for capacity enhancement in wireless networks,,,,https://scholar.google.com/citations?view_op=view_citation&hl=en&user=Y8Jm-JMAAAAJ&citation_for_view=Y8Jm-JMAAAAJ:2osOgNQ5qMEC,,IEEE,"Gilbert Sawma, Jacques Demerjian, Issam Aibz, Guy Pujolle","In order to enhance resource allocation in wireless local area networks, it is important to properly distribute the load from the overloaded Access Points (APs) over their neighbors. Nevertheless, malicious APs may strategically alter their behavior for concealing malicious behavior and prompting their reputation. Therefore, it is important to evaluate APs' trustworthiness. In this paper, we propose a trusted model based on an Autonomic Load Management Algorithm (ALMA) that ensure the accommodation of more user traffic and an overall network capacity improvement, by evaluating and detecting the malicious APs. Initially each APs is assigned a trust level. Using these trust levels as a guide, the source AP can then select a neighbor AP that meets the security requirements. Simulations, using VoIP traffic, show that, the performance gain in term of call blocking rate is improved by using the trust-based approach.",computer networks,0.204
,2008 3rd International Conference on Information and Communication Technologies: From Theory to Applications,"A load distribution mechanism for wireless local area networks
G Sawma, K Barbar, G Pujolle - 2008 3rd International Conference on Information and …, 2008
Cited by 2 Related articles All 3 versions",2008/4/7,,,,,,1-5,"Educational Technology, Computer Networks",Cited by 2,Gilbert Sawma,,,A load distribution mechanism for wireless local area networks,,,,https://scholar.google.com/citations?view_op=view_citation&hl=en&user=Y8Jm-JMAAAAJ&citation_for_view=Y8Jm-JMAAAAJ:u-x6o8ySG0sC,,IEEE,"Gilbert Sawma, Kablan Barbar, Guy Pujolle","In an environment with multiple access points, the resource utilisation is not optimal due to the lack of wireless management like admission control techniques that take the load into account. Therefore, wireless network management (WNM) becomes vital especially with the substantial technological progress today. In order to overcome the weaknesses above, this article proposes an admission control with load balancing to improve the number of satisfied users and increase the overall network capacity. We conducted simulations using normal and uniform distribution of spatial stations. The obtained results show positive gains, as the total capacity in the environment is substantially improved, satisfying more clients and increasing the utilisation of network resources.",computer networks,0.205
,,"Pilotage autonomique de la charge dans les réseaux IEEE 802.11
G Sawma, R Ben-El-Kezadri, I Aib, G Pujolle - TSI. Technique et science informatiques, 2012
Related articles All 2 versions",2012,31.0,,,,,215-243,"Educational Technology, Computer Networks",,Gilbert Sawma,,,Pilotage autonomique de la charge dans les réseaux IEEE 802.11,,TSI. Technique et science informatiques,,https://scholar.google.com/citations?view_op=view_citation&hl=en&user=Y8Jm-JMAAAAJ&citation_for_view=Y8Jm-JMAAAAJ:IjCSPb-OGe4C,2.0,,"Gilbert Sawma, Ryad Ben-El-Kezadri, Issam Aib, Guy Pujolle","Pilotage autonomique de la charge dans les réseaux IEEE 802.11 CNRS Inist Pascal-Francis CNRS Pascal and Francis Bibliographic Databases Simple search Advanced search Search by classification Search by vocabulary My Account Home > Search results Help Export Export Selection : Selected items (1) Format : Permanent link CopyPermanent link Copy http://pascal-francis.inist.fr/vibad/index.php?action=getRecordDetail&idt=25665803 Pilotage autonomique de la charge dans les réseaux IEEE 802.11 Other title An autonomic piloting system for load distribution in IEEE 802.11 networks (en) Author SAWMA, Gilbert 1 ; BEN-EL-KEZADRI, Ryad 1 ; AIB, Issam 2 ; PUJOLLE, Guy 1 [1] Laboratoire d'Informatique de Paris 6 4 Place Jussieu, 75005, Paris, France [2] DR Cheriton School of Computer Science, University of Waterloo 200 University Avenue West, Waterloo, Ontario, Canada Source TSI. Technique et …",computer networks,0.408
,,"Un système de pilotage autonomique pour la distribution de charge dans les réseaux sans fil Wi-Fi
G Sawma - 2009
Related articles",2009/1/1,,,,,,,"Educational Technology, Computer Networks",,Gilbert Sawma,,,Un système de pilotage autonomique pour la distribution de charge dans les réseaux sans fil Wi-Fi,Paris 6,,,https://scholar.google.com/citations?view_op=view_citation&hl=en&user=Y8Jm-JMAAAAJ&citation_for_view=Y8Jm-JMAAAAJ:zYLM7Y9cAGgC,,,Gilbert Sawma,"Cette thèse aborde le sujet de gestion des grands réseaux Wi-Fi IEEE 802. 11, dits réseaux municipaux. Son objectif est de maîtriser la répartition de charge auprès de la multitude de points d'accès mis à disposition des utilisateurs fixes ou mobiles. Elle propose un système de pilotage avec sur le volet architectural la conception d'un système autonomique et sur le plan algorithmique le détail de nos protocoles pour la distribution de charge dans les réseaux 802. 11. Elle cible en particulier la gestion du service voix sur IP dans les WLAN (VoWi-Fi). Elle présente dans ce cadre l'architecture ALPA (Autonomic Load Piloting Architecture) et les algorithmes RLCA (Reactive Load Control Algorithm) et PLCA (Proactive Load Control Algorithm). La principale originalité ALPA est d'intégrer les concepts des réseaux autonomiques à l'architecture existante des infrastructures Wi-Fi. L'algorithme réactif RLCA opère sur une vue locale pour résoudre les congestions spontanées et garantir le bon fonctionnement du réseau en respectant les exigences de QoS. L'algorithme proactif PLCA se déclenche par intermittence pour optimiser les critères de performances du réseau et assurer le trafic engineering dans un contexte de mobilité",educational technology,0.4
,2008 IEEE/ACS International Conference on Computer Systems and Applications,"A Recursive Load Balancing technique for VoIP-dedicated WLANs
G Sawma, I Aib, K Barbar, G Pujolle - 2008 IEEE/ACS International Conference on Computer …, 2008
Related articles All 5 versions",2008/3/31,,,,,,830-833,"Educational Technology, Computer Networks",,Gilbert Sawma,,,A Recursive Load Balancing technique for VoIP-dedicated WLANs,,,,https://scholar.google.com/citations?view_op=view_citation&hl=en&user=Y8Jm-JMAAAAJ&citation_for_view=Y8Jm-JMAAAAJ:qjMakFHDy7sC,,IEEE,"Gilbert Sawma, Issam Aib, Kablan Barbar, Guy Pujolle","Intelligent and dynamic management is essential for improving WLAN efficiency, especially when multimedia and other QoS demanding applications are employed. In this paper, we propose a Recursive Autonomic Load Balancing Algorithm (RALBA)for WLANs and test its applicability for a VoIP over WLAN (VoWLAN) use case. A load metric is used to identify how many VoIP flows the WLAN cell can support. RALBA uses a Knowledge Plane to obtain high- level information about network state. The algorithm is presented and illustrated along with implementation plans.",educational technology,0.2
,Colloque Francophone sur l'Ingénierie des Protocoles (CFIP 2008),"Gestion Autonomique de la Répartition de Charge pour le Contrôle de la Congestion dans les Réseaux Sans Fil
G Sawma, R Ben-El-Kezadri, I Aib, G Pujolle - Colloque Francophone sur l'Ingénierie des Protocoles …, 2008
Related articles All 6 versions",2008/3/24,,https://hal.science/hal-00250214v2/file/submission_64.pdf,,,,,"Educational Technology, Computer Networks",,Gilbert Sawma,,,Gestion Autonomique de la Répartition de Charge pour le Contrôle de la Congestion dans les Réseaux Sans Fil,,,,https://scholar.google.com/citations?view_op=view_citation&hl=en&user=Y8Jm-JMAAAAJ&citation_for_view=Y8Jm-JMAAAAJ:d1gkVwhDpl0C,,,"Gilbert Sawma, Ryad Ben-El-Kezadri, Issam Aib, Guy Pujolle","Dans cet article, nous proposons un système de gestion autonomique des réseaux 802.11 à l'aide d'un algorithme de répartition de charge baptisé ALBA. L'idée fondamentale et originale d'ALBA est sa capacité à réorganiser localement le réseau et répartir dynamiquement et au mieux sur une zone les stations sur les points d'accès, afin d'assurer l'efficacité du service et la satisfaction des clients. L'autonomicité intervient dans le système afin d'enrichir la connaissance du réseau et de fournir à chaque point d'accès une vue située de son voisinage et du trafic des clients. L'évaluation de la solution révèle des gains importants de performance en terme de capacité d'accueil en stations du réseau.",educational technology,0.4
