Book,Conference,Scholar articles,Publication date,Volume,PDF Link,Patent office,Report number,Source,Pages,Research Interests,Total citations,Researcher Name,Inventors,Patent number,Title,Institution,Journal,Application number,Scholar Link,Issue,Publisher,Authors,Description,Classified_Topic,Classification_Confidence
,,"Dislocation dynamics: from microscopic models to macroscopic crystal plasticity
A El Hajj, H Ibrahim, R Monneau - Continuum Mechanics and Thermodynamics, 2009
Cited by 37 Related articles All 23 versions",2009/7,21.0,https://arxiv.org/pdf/0903.1438,,,,109-123,"Semilinear elliptic equations, viscosity solutions, Homogenization",Cited by 37,Hassan Ibrahim,,,Dislocation dynamics: from microscopic models to macroscopic crystal plasticity,,Continuum Mechanics and Thermodynamics,,https://scholar.google.com/citations?view_op=view_citation&hl=en&user=hKTHfJoAAAAJ&citation_for_view=hKTHfJoAAAAJ:4TOpqqG69KYC,2,Springer-Verlag,"Ahmad El Hajj, Hassan Ibrahim, Régis Monneau","In this paper we study the connection between four models describing dislocation dynamics: a generalized 2D Frenkel-Kontorova model at the atomic level, the Peierls-Nabarro model, the discrete dislocation dynamics and a macroscopic model with dislocation densities. We show how each model can be deduced from the previous one at a smaller scale.",homogenization,0.4
,,"Analytical solution for a generalized space‐time fractional telegraph equation
AZ Fino, H Ibrahim - Mathematical Methods in the Applied Sciences, 2013
Cited by 31 Related articles All 5 versions",2013/9/30,36.0,https://hal.science/hal-00613862/document,,,,1813-1824,"Semilinear elliptic equations, viscosity solutions, Homogenization",Cited by 31,Hassan Ibrahim,,,Analytical solution for a generalized space‐time fractional telegraph equation,,Mathematical Methods in the Applied Sciences,,https://scholar.google.com/citations?view_op=view_citation&hl=en&user=hKTHfJoAAAAJ&citation_for_view=hKTHfJoAAAAJ:3fE2CSJIrl8C,14,,"Ahmad Z Fino, Hassan Ibrahim","In this paper, we consider a nonhomogeneous space‐time fractional telegraph equation defined in a bounded space domain, which is obtained from the standard telegraph equation by replacing the first‐order or second‐order time derivative by the Caputo fractional derivative , α > 0 and the Laplacian operator by the fractional Laplacian ( − Δ)β ∕ 2, β ∈ (0,2]. We discuss and derive the analytical solutions under nonhomogeneous Dirichlet and Neumann boundary conditions by using the method of separation of variables. The obtained solutions are expressed through multivariate Mittag‐Leffler type functions. Special cases of solutions are also discussed. Copyright © 2013 John Wiley & Sons, Ltd.",viscosity solutions,0.406
,,"The Peierls–Nabarro model as a limit of a Frenkel–Kontorova model
AZ Fino, H Ibrahim, R Monneau - Journal of Differential Equations, 2012
Cited by 24 Related articles All 20 versions",2012/1/1,252.0,https://www.sciencedirect.com/science/article/pii/S0022039611003214/pdf?md5=95e254f9da51161df5de87d87c1d02f8&pid=1-s2.0-S0022039611003214-main.pdf,,,,258-293,"Semilinear elliptic equations, viscosity solutions, Homogenization",Cited by 24,Hassan Ibrahim,,,The Peierls–Nabarro model as a limit of a Frenkel–Kontorova model,,Journal of Differential Equations,,https://scholar.google.com/citations?view_op=view_citation&hl=en&user=hKTHfJoAAAAJ&citation_for_view=hKTHfJoAAAAJ:Y0pCki6q_DkC,1,Academic Press,"Ahmad Z Fino, Hassan Ibrahim, Régis Monneau","We study a generalization of the fully overdamped Frenkel–Kontorova model in dimension n⩾1. This model describes the evolution of the position of each atom in a crystal, and is mathematically given by an infinite system of coupled first order ODEs. We prove that for a suitable rescaling of this model, the solution converges to the solution of a Peierls–Nabarro model, which is a coupled system of two PDEs (typically an elliptic PDE in a domain with an evolution PDE on the boundary of the domain). This passage from the discrete model to a continuous model is done in the framework of viscosity solutions.",viscosity solutions,0.613
,,"A blow-up result for a nonlinear damped wave equation in exterior domain: The critical case
AZ Fino, H Ibrahim, A Wehbe - Computers & Mathematics with Applications, 2017
Cited by 19 Related articles All 4 versions",2017/6/1,73.0,https://www.sciencedirect.com/science/article/pii/S0898122117302043,,,,2415-2420,"Semilinear elliptic equations, viscosity solutions, Homogenization",Cited by 19,Hassan Ibrahim,,,A blow-up result for a nonlinear damped wave equation in exterior domain: The critical case,,Computers & Mathematics with Applications,,https://scholar.google.com/citations?view_op=view_citation&hl=en&user=hKTHfJoAAAAJ&citation_for_view=hKTHfJoAAAAJ:UeHWp8X0CEIC,11,Pergamon,"Ahmad Z Fino, Hassan Ibrahim, Ali Wehbe",We consider the initial boundary value problem of the nonlinear damped wave equation in an exterior domain Ω. We prove a blow-up result which generalizes the result of non-existence of global solutions of Ogawa and Takeda (2009). We also show that the critical exponent belongs to the blow-up case.,homogenization,0.4
,,"Global BV solution for a non-local coupled system modeling the dynamics of dislocation densities
A El Hajj, H Ibrahim, V Rizik - Journal of Differential Equations, 2018
Cited by 13 Related articles All 6 versions",2018/2/5,264.0,https://www.sciencedirect.com/science/article/pii/S002203961730534X,,,,1750-1785,"Semilinear elliptic equations, viscosity solutions, Homogenization",Cited by 13,Hassan Ibrahim,,,Global BV solution for a non-local coupled system modeling the dynamics of dislocation densities,,Journal of Differential Equations,,https://scholar.google.com/citations?view_op=view_citation&hl=en&user=hKTHfJoAAAAJ&citation_for_view=hKTHfJoAAAAJ:zYLM7Y9cAGgC,3,Academic Press,"Ahmad El Hajj, Hassan Ibrahim, Vivian Rizik","In this paper, we study a non-local coupled system arising in the modeling of the dynamics of dislocation densities in crystals. For this system, the global existence and uniqueness are available only for continuous viscosity solutions. In the present paper, we investigate the global time existence of this system by considering BV initial data. Based on a fundamental uniform BV estimate and the finite speed of propagation property of this system, we show, in a particular setting, the global existence of discontinuous viscosity solutions of this problem.",viscosity solutions,0.615
,,"Existence and uniqueness for a nonlinear parabolic/Hamilton-Jacobi coupled system describing the dynamics of dislocation densities
H Ibrahim - Annales de l'IHP Analyse non linéaire, 2009
Cited by 13 Related articles All 21 versions",2009,26.0,http://www.numdam.org/article/AIHPC_2009__26_2_415_0.pdf,,,,415-435,"Semilinear elliptic equations, viscosity solutions, Homogenization",Cited by 13,Hassan Ibrahim,,,Existence and uniqueness for a nonlinear parabolic/Hamilton-Jacobi coupled system describing the dynamics of dislocation densities,,Annales de l'IHP Analyse non linéaire,,https://scholar.google.com/citations?view_op=view_citation&hl=en&user=hKTHfJoAAAAJ&citation_for_view=hKTHfJoAAAAJ:0EnyYjriUFMC,2,,Hassan Ibrahim,"We study a mathematical model describing the dynamics of dislocation densities in crystals. This model is expressed as a 1D system of a parabolic equation and a first order Hamilton–Jacobi equation that are coupled together. We examine an associated Dirichlet boundary value problem. We prove the existence and uniqueness of a viscosity solution among those assuming a lowerbound on their gradient for all time including the initial time. Moreover, we show the existence of a viscosity solution when we have no such restriction on the initial data. We also state a result of existence and uniqueness of entropy solution for the initial value problem of the system obtained by spatial derivation. The uniqueness of this entropy solution holds in the class of boundedfrom-below solutions. In order to prove our results on the bounded domain, we use an “extension and restriction” method, and we exploit a relation between scalar conservation laws and Hamilton–Jacobi equations, mainly to get our gradient estimates.© 2007 Elsevier Masson SAS. All rights reserved.",viscosity solutions,0.408
,,"Dynamics of dislocation densities in a bounded channel. Part I: smooth solutions to a singular coupled parabolic system
H Ibrahim, M Jazar, R Monneau - arXiv preprint arXiv:0903.0964, 2009
Cited by 12 Related articles All 18 versions",2009/3/5,,https://arxiv.org/pdf/0903.0964,,,,,"Semilinear elliptic equations, viscosity solutions, Homogenization",Cited by 12,Hassan Ibrahim,,,Dynamics of dislocation densities in a bounded channel. Part I: smooth solutions to a singular coupled parabolic system,,arXiv preprint arXiv:0903.0964,,https://scholar.google.com/citations?view_op=view_citation&hl=en&user=hKTHfJoAAAAJ&citation_for_view=hKTHfJoAAAAJ:W7OEmFMy1HYC,,,"Hassan Ibrahim, Mustapha Jazar, Régis Monneau","We study a coupled system of two parabolic equations in one space dimension. This system is singular because of the presence of one term with the inverse of the gradient of the solution. Our system describes an approximate model of the dynamics of dislocation densities in a bounded channel submitted to an exterior applied stress. The system of equations is written on a bounded interval with Dirichlet conditions and requires a special attention to the boundary. The proof of existence and uniqueness is done under the use of two main tools: a certain comparison principle on the gradient of the solution, and a parabolic Kozono-Taniuchi inequality",viscosity solutions,0.406
,,"Cycle characterization of the Aubry set for weakly coupled Hamilton–Jacobi systems
H Ibrahim, A Siconolfi, S Zabad - Communications in Contemporary Mathematics, 2018
Cited by 8 Related articles All 7 versions",2018/9/30,20.0,https://arxiv.org/pdf/1604.08012,,,,1750095,"Semilinear elliptic equations, viscosity solutions, Homogenization",Cited by 8,Hassan Ibrahim,,,Cycle characterization of the Aubry set for weakly coupled Hamilton–Jacobi systems,,Communications in Contemporary Mathematics,,https://scholar.google.com/citations?view_op=view_citation&hl=en&user=hKTHfJoAAAAJ&citation_for_view=hKTHfJoAAAAJ:MXK_kJrjxJIC,06,World Scientific Publishing Company,"Hassan Ibrahim, Antonio Siconolfi, Sahar Zabad","We study a class of weakly coupled systems of Hamilton–Jacobi equations using the random frame introduced in [H. Mitake, A. Siconolfi, H. V. Tran and N. Yamada, A Lagrangian approach to weakly coupled Hamilton–Jacobi systems, SIAM J. Math. Anal. 48(2) (2016) 821–846; doi: https://doi.org/10.1137/15M1010841]. We provide a cycle condition characterizing the points of Aubry set. This generalizes a property already known in the scalar case.",viscosity solutions,0.4
,,"On the rate of convergence in periodic homogenization of scalar first-order ordinary differential equations
H Ibrahim, R Monneau - SIAM journal on mathematical analysis, 2010
Cited by 8 Related articles All 20 versions",2010,42.0,https://epubs.siam.org/doi/pdf/10.1137/080738830,,,,2155-2176,"Semilinear elliptic equations, viscosity solutions, Homogenization",Cited by 8,Hassan Ibrahim,,,On the rate of convergence in periodic homogenization of scalar first-order ordinary differential equations,,SIAM journal on mathematical analysis,,https://scholar.google.com/citations?view_op=view_citation&hl=en&user=hKTHfJoAAAAJ&citation_for_view=hKTHfJoAAAAJ:ULOm3_A8WrAC,5,Society for Industrial and Applied Mathematics,"Hassan Ibrahim, Regis Monneau","In this paper, we study the rate of convergence in periodic homogenization of scalar ordinary differential equations (ODEs). We provide a quantitative error estimate between the solutions of a first-order ODE with rapidly oscillating coefficients and the solution of the limiting homogenized equation. As an application of our result, we obtain an error estimate for the solution of some particular linear transport equations.",homogenization,0.609
,,"Global existence of solutions to a singular parabolic/Hamilton–Jacobi coupled system with Dirichlet conditions
H Ibrahim, M Jazar, R Monneau - Comptes Rendus Mathematique, 2008
Cited by 8 Related articles All 9 versions",2008/9/1,346.0,https://www.sciencedirect.com/science/article/pii/S1631073X08002318/pdf?md5=e198c8be8702de3abdcefefe3954d21f&pid=1-s2.0-S1631073X08002318-main.pdf&_valck=1,,,,945-950,"Semilinear elliptic equations, viscosity solutions, Homogenization",Cited by 8,Hassan Ibrahim,,,Global existence of solutions to a singular parabolic/Hamilton–Jacobi coupled system with Dirichlet conditions,,Comptes Rendus Mathematique,,https://scholar.google.com/citations?view_op=view_citation&hl=en&user=hKTHfJoAAAAJ&citation_for_view=hKTHfJoAAAAJ:eQOLeE2rZwMC,17-18,No longer published by Elsevier,"Hassan Ibrahim, Mustapha Jazar, Régis Monneau","We study the existence of (distribution/viscosity) solutions of a singular parabolic/Hamilton–Jacobi coupled system. Our motivation stems from the study of the dynamics of dislocation densities in a crystal of finite size. The method of the proof consists in considering a parabolic regularization of the system, and then passing to the limit after obtaining some uniform bounds using in particular an entropy estimate for the densities. To cite this article: H. Ibrahim et al., C. R. Acad. Sci. Paris, Ser. I ••• (••••).",viscosity solutions,0.612
,,"Existence of semilinear elliptic equations with prescribed limiting behaviour
H Ibrahim, E Nasreddine - Mathematical Methods in the Applied Sciences, 2016
Cited by 7 Related articles All 4 versions",2016/9/30,39.0,https://hsnibrahim.wordpress.com/wp-content/uploads/2017/09/in_mmas.pdf,,,,4129-4138,"Semilinear elliptic equations, viscosity solutions, Homogenization",Cited by 7,Hassan Ibrahim,,,Existence of semilinear elliptic equations with prescribed limiting behaviour,,Mathematical Methods in the Applied Sciences,,https://scholar.google.com/citations?view_op=view_citation&hl=en&user=hKTHfJoAAAAJ&citation_for_view=hKTHfJoAAAAJ:2osOgNQ5qMEC,14,,"Hassan Ibrahim, Elissar Nasreddine","In this paper, we consider semilinear elliptic equations of the form Δu + f(u) = 0 over a quarter space with Dirichlet boundary conditions. Given a suitable positive root z of f, we show how to construct a non‐negative bounded solution u converging to a one‐dimensional limiting profile V with V . This is established using Perron's method by constructing sub‐solutions and super‐solutions and employing a sliding argument. Copyright © 2016 John Wiley & Sons, Ltd.",semilinear elliptic equations,0.618
,,"Dynamics of Dislocation Densities in a Bounded Channel. Part II: Existence of Weak Solutions to a Singular Hamilton–Jacobi/Parabolic Strongly Coupled System
H Ibrahim, M Jazar, R Monneau - Communications in Partial Differential Equations, 2009
Cited by 7 Related articles All 14 versions",2009/7/27,34.0,https://arxiv.org/pdf/0903.1435,,,,889-917,"Semilinear elliptic equations, viscosity solutions, Homogenization",Cited by 7,Hassan Ibrahim,,,Dynamics of Dislocation Densities in a Bounded Channel. Part II: Existence of Weak Solutions to a Singular Hamilton–Jacobi/Parabolic Strongly Coupled System,,Communications in Partial Differential Equations,,https://scholar.google.com/citations?view_op=view_citation&hl=en&user=hKTHfJoAAAAJ&citation_for_view=hKTHfJoAAAAJ:UebtZRa9Y70C,8,Taylor & Francis Group,"Hassan Ibrahim, Mustapha Jazar, Rщgis Monneau","We study a strongly coupled system consisting of a parabolic equation and a singular Hamilton–Jacobi equation in one space dimension. This system describes the dynamics of dislocation densities in a material submitted to an exterior applied stress. Our system is a natural extension of that studied in where the applied stress was set to be zero. The equations are written on a bounded interval with Dirichlet boundary conditions and require special attention to the boundary. We prove a result of global existence of a solution. The method of the proof consists in considering first a parabolic regularization of the full system, and then passing to the limit. For this regularized system, a result of global existence and uniqueness of a solution has been given in . We show some uniform bounds on this solution which uses in particular an entropy estimate for the densities.",viscosity solutions,0.404
,,"Homogenization of dislocation dynamics
A El Hajj, H Ibrahim, R Monneau - IOP Conference Series: Materials Science and …, 2009
Cited by 6 Related articles All 20 versions",2009/7/1,3.0,https://iopscience.iop.org/article/10.1088/1757-899X/3/1/012023/pdf,,,,012023,"Semilinear elliptic equations, viscosity solutions, Homogenization",Cited by 6,Hassan Ibrahim,,,Homogenization of dislocation dynamics,,IOP Conference Series: Materials Science and Engineering,,https://scholar.google.com/citations?view_op=view_citation&hl=en&user=hKTHfJoAAAAJ&citation_for_view=hKTHfJoAAAAJ:5nxA0vEk-isC,1,IOP Publishing,"Ahmad El Hajj, Hassan Ibrahim, Régis Monneau","In this paper we consider the dynamics of dislocations with the same Burgers vector, contained in the same glide plane, and moving in a material with periodic obstacles. We study two cases: i) the particular case of parallel straight dislocations and ii) the general case of curved dislocations. In each case, we perform rigorously the homogenization of the dynamics and predict the corresponding effective macroscopic elasto-visco-plastic flow rule.",homogenization,0.609
,,"BV solution for a non-linear hamilton-jacobi system
A El Hajj, H Ibrahim, V Rizik - Discret. Contin. Dyn. Syst. Series A, 2021
Cited by 5 Related articles All 6 versions",2021/7/1,41.0,https://www.utc.fr/~elhajjah/H-J%20System-revised.pdf,,,,3273-3293,"Semilinear elliptic equations, viscosity solutions, Homogenization",Cited by 5,Hassan Ibrahim,,,BV solution for a non-linear hamilton-jacobi system,,Discret. Contin. Dyn. Syst. Series A,,https://scholar.google.com/citations?view_op=view_citation&hl=en&user=hKTHfJoAAAAJ&citation_for_view=hKTHfJoAAAAJ:KlAtU1dfN6UC,,,"Ahmad El Hajj, Hassan Ibrahim, Vivian Rizik","In this work, we are dealing with a non-linear eikonal system in one dimensional space that describes the evolution of interfaces moving with non-signed strongly coupled velocities. For such kind of systems, previous results on the existence and uniqueness are available for quasi-monotone systems and other special systems in Lipschitz continuous space. It is worth mentioning that our system includes, in particular, the case of non-decreasing solution where some existence and uniqueness results arose for strictly hyperbolic systems with a small total variation. In the present paper, we consider initial data with unnecessarily small BV seminorm, and we use some BV bounds to prove a global-in-time existence result of this system in the framework of discontinuous viscosity solution.",viscosity solutions,0.405
,,"Radial solutions of semilinear elliptic equations with prescribed asymptotic behavior
H Ibrahim - Mathematische Nachrichten, 2020
Cited by 4 Related articles All 6 versions",2020/8,293.0,https://hsnibrahim.wordpress.com/wp-content/uploads/2020/07/mana-radial.pdf,,,,1481-1489,"Semilinear elliptic equations, viscosity solutions, Homogenization",Cited by 4,Hassan Ibrahim,,,Radial solutions of semilinear elliptic equations with prescribed asymptotic behavior,,Mathematische Nachrichten,,https://scholar.google.com/citations?view_op=view_citation&hl=en&user=hKTHfJoAAAAJ&citation_for_view=hKTHfJoAAAAJ:Se3iqnhoufwC,8,,Hassan Ibrahim,"We consider semilinear elliptic equations of the form on . Given a suitable positive root z of g, we discuss the existence of positive radial solutions u with .",semilinear elliptic equations,0.648
,,"On the existence of nonautonomous ODE with application to semilinear elliptic equations
H Ibrahim, E Nasreddine - Mediterranean Journal of Mathematics, 2018
Cited by 4 Related articles All 2 versions",2018/4,15.0,https://hsnibrahim.wordpress.com/wp-content/uploads/2018/10/ibrahim-nasreddine2018_article_ontheexistenceofnonautonomouso.pdf,,,,1-17,"Semilinear elliptic equations, viscosity solutions, Homogenization",Cited by 4,Hassan Ibrahim,,,On the existence of nonautonomous ODE with application to semilinear elliptic equations,,Mediterranean Journal of Mathematics,,https://scholar.google.com/citations?view_op=view_citation&hl=en&user=hKTHfJoAAAAJ&citation_for_view=hKTHfJoAAAAJ:9yKSN-GCB0IC,,Springer International Publishing,"Hassan Ibrahim, Elissar Nasreddine",We prove an existence result for a second-order nonautonomous nonlinear ordinary differential equation with a particular asymptotic behavior. This solution is then proved to be a limiting profile for a semilinear elliptic equation on the quarter plane. Our results are mainly based upon the maximum principle; the method of sub- and super-solutions and the sliding method.,semilinear elliptic equations,0.624
,,"A generalization of a logarithmic Sobolev inequality to the Hölder class
H Ibrahim - Journal of Function Spaces, 2012
Cited by 4 Related articles All 9 versions",2012,2012.0,https://onlinelibrary.wiley.com/doi/pdf/10.1155/2012/148706,,,,148706,"Semilinear elliptic equations, viscosity solutions, Homogenization",Cited by 4,Hassan Ibrahim,,,A generalization of a logarithmic Sobolev inequality to the Hölder class,,Journal of Function Spaces,,https://scholar.google.com/citations?view_op=view_citation&hl=en&user=hKTHfJoAAAAJ&citation_for_view=hKTHfJoAAAAJ:WF5omc3nYNoC,1,Hindawi Publishing Corporation,H Ibrahim,"In a recent work of the author, a parabolic extension of the elliptic Ogawa type inequality has been established. This inequality is originated from the Brézis‐Gallouët‐Wainger logarithmic type inequalities revealing Sobolev embeddings in the critical case. In this paper, we improve the parabolic version of Ogawa inequality by allowing it to cover not only the class of functions from Sobolev spaces, but also the wider class of Hölder continuous functions.",semilinear elliptic equations,0.407
,,"On a parabolic logarithmic Sobolev inequality
H Ibrahim, R Monneau - Journal of Functional Analysis, 2009
Cited by 4 Related articles All 14 versions",2009/8/1,257.0,https://www.sciencedirect.com/science/article/pii/S0022123609000214/pdf?md5=5b79d19242966e5383e5fee729f588db&pid=1-s2.0-S0022123609000214-main.pdf&_valck=1,,,,903-930,"Semilinear elliptic equations, viscosity solutions, Homogenization",Cited by 4,Hassan Ibrahim,,,On a parabolic logarithmic Sobolev inequality,,Journal of Functional Analysis,,https://scholar.google.com/citations?view_op=view_citation&hl=en&user=hKTHfJoAAAAJ&citation_for_view=hKTHfJoAAAAJ:IjCSPb-OGe4C,3,Academic Press,"Hassan Ibrahim, Régis Monneau","In order to extend the blow-up criterion of solutions to the Euler equations, Kozono and Taniuchi [H. Kozono, Y. Taniuchi, Limiting case of the Sobolev inequality in BMO, with application to the Euler equations, Comm. Math. Phys. 214 (2000) 191–200] have proved a logarithmic Sobolev inequality by means of isotropic (elliptic) BMO norm. In this paper, we show a parabolic version of the Kozono–Taniuchi inequality by means of anisotropic (parabolic) BMO norm. More precisely we give an upper bound for the L∞ norm of a function in terms of its parabolic BMO norm, up to a logarithmic correction involving its norm in some Sobolev space. As an application, we also explain how to apply this inequality in order to establish a long-time existence result for a class of nonlinear parabolic problems.",semilinear elliptic equations,0.41
,,"Traveling waves for a model of individual clustering with logistic growth rate
H Ibrahim, E Nasreddine - Journal of Mathematical Physics, 2017
Cited by 3 Related articles All 4 versions",2017/8/1,58.0,https://hsnibrahim.wordpress.com/wp-content/uploads/2017/09/12e4997556.pdf,,,,,"Semilinear elliptic equations, viscosity solutions, Homogenization",Cited by 3,Hassan Ibrahim,,,Traveling waves for a model of individual clustering with logistic growth rate,,Journal of Mathematical Physics,,https://scholar.google.com/citations?view_op=view_citation&hl=en&user=hKTHfJoAAAAJ&citation_for_view=hKTHfJoAAAAJ:kNdYIx-mwKoC,8,AIP Publishing,"H Ibrahim, E Nasreddine","We consider a traveling wave problem for a one-dimensional model of individual clustering or aggregation. This model, originally formulated by Grindrod [J. Math. Biol. 26 (6), 651–660 (1988)], describes the mechanism of individual dispersion when individuals are able to utilize information about their local environment. Specifically, it assumes that each individual disperses randomly with probability δ and disperses deterministically so as to improve his reproductive rate with probability 1− δ⁠. In this paper, we prove the existence of a traveling wave solution when the probability of random dispersion exceeds a critical value δ* uniquely determined by the biased individual velocity.",viscosity solutions,0.4
,,"Derivation and study of dynamical models of dislocation densities
A El Hajj, H Ibrahim, R Monneau - ESAIM: Proceedings, 2009
Cited by 3 Related articles All 13 versions",2009,27.0,https://www.esaim-proc.org/articles/proc/pdf/2009/02/proc092713.pdf,,,,311-321,"Semilinear elliptic equations, viscosity solutions, Homogenization",Cited by 3,Hassan Ibrahim,,,Derivation and study of dynamical models of dislocation densities,,ESAIM: Proceedings,,https://scholar.google.com/citations?view_op=view_citation&hl=en&user=hKTHfJoAAAAJ&citation_for_view=hKTHfJoAAAAJ:_kc_bZDykSQC,,EDP Sciences,"Ahmad El Hajj, H Ibrahim, Régis Monneau","In this paper, starting from the microscopic dynamics of isolated dislocations, we explain how to derive formally mean field models for the dynamics of dislocation densities. Essentially these models are tranport equations, coupled with the equations of elasticity. Rigorous results of existence of solutions are presented for some of these models and the main ideas of the proofs are given.",semilinear elliptic equations,0.275
,,"Existence and uniqueness for a dislocation model with short-range interactions and varying stress field
H Ibrahim - Electronic Journal of Differential Equations, 2015
Cited by 2 Related articles All 9 versions",2015/2/12,2015.0,http://www.kurims.kyoto-u.ac.jp/EMIS/journals/EJDE/Volumes/2015/39/ibrahim.pdf,,,,1-14,"Semilinear elliptic equations, viscosity solutions, Homogenization",Cited by 2,Hassan Ibrahim,,,Existence and uniqueness for a dislocation model with short-range interactions and varying stress field,,Electronic Journal of Differential Equations,,https://scholar.google.com/citations?view_op=view_citation&hl=en&user=hKTHfJoAAAAJ&cstart=20&pagesize=80&citation_for_view=hKTHfJoAAAAJ:8k81kl-MbHgC,39,,Hassan Ibrahim,"In this article, we consider a coupled singular parabolic system, describing the dynamics of dislocation densities in a bounded domain. The model takes into consideration the short-range interactions between dislocations, which causes the singularity that appears under the form of dividing by a gradient term. We prove a long time existence and uniqueness under the assumption that the applied stresses on the domain is bounded in space and time. The proof relies on a comparison principle to avoid singularity, and on exponential gradient estimates for the long time existence.",viscosity solutions,0.4
,,"Decay of mass for fractional evolution equation with memory term
A Fino, H Ibrahim, B Barakeh - Quarterly of Applied Mathematics, 2013
Cited by 2 Related articles All 9 versions",2013/6,71.0,https://hsnibrahim.wordpress.com/wp-content/uploads/2017/09/qam1286-3.pdf,,,,215-228,"Semilinear elliptic equations, viscosity solutions, Homogenization",Cited by 2,Hassan Ibrahim,,,Decay of mass for fractional evolution equation with memory term,,Quarterly of Applied Mathematics,,https://scholar.google.com/citations?view_op=view_citation&hl=en&user=hKTHfJoAAAAJ&cstart=20&pagesize=80&citation_for_view=hKTHfJoAAAAJ:ufrVoPGSRksC,2,,"Ahmad Fino, Hassan Ibrahim, Bilal Barakeh","We investigate the decay properties of the mass of the solutions of a fractional diffusion equation with nonlinear memory term. We show, using a suitable class of initial data and a restriction on the diffusion and nonlinear term, that the memory term determines the large time asymptotics; that is, tends to zero as",viscosity solutions,0.411
,,"A critical parabolic Sobolev embedding via Littlewood-Paley decomposition
H Ibrahim - arXiv preprint arXiv:0908.1866, 2009
Cited by 2 Related articles All 7 versions",2009/8/13,,https://arxiv.org/pdf/0908.1866,,,,,"Semilinear elliptic equations, viscosity solutions, Homogenization",Cited by 2,Hassan Ibrahim,,,A critical parabolic Sobolev embedding via Littlewood-Paley decomposition,,arXiv preprint arXiv:0908.1866,,https://scholar.google.com/citations?view_op=view_citation&hl=en&user=hKTHfJoAAAAJ&cstart=20&pagesize=80&citation_for_view=hKTHfJoAAAAJ:roLk4NBRz8UC,,,Hassan Ibrahim,"In this paper, we show a parabolic version of the Ogawa type inequality in Sobolev spaces. Our inequality provides an estimate of the $L^{\infty}$ norm of a function in terms of its parabolic $BMO$ norm, with the aid of the square root of the logarithmic dependency of a higher order Sobolev norm. The proof is mainly based on the Littlewood-Paley decomposition and a characterization of parabolic $BMO$ spaces.",semilinear elliptic equations,0.4
,,"Analysis of parabolic/Hamilton-Jacobi systems modelizing the dynamics of dislocation densities inabounded domain
H Ibrahim - 2008
Cited by 2 Related articles All 4 versions",2008/6/30,,https://pastel.hal.science/pastel-00004186/document,,,,,"Semilinear elliptic equations, viscosity solutions, Homogenization",Cited by 2,Hassan Ibrahim,,,Analysis of parabolic/Hamilton-Jacobi systems modelizing the dynamics of dislocation densities inabounded domain,Ecole des Ponts ParisTech,,,https://scholar.google.com/citations?view_op=view_citation&hl=en&user=hKTHfJoAAAAJ&cstart=20&pagesize=80&citation_for_view=hKTHfJoAAAAJ:d1gkVwhDpl0C,,,Hassan Ibrahim,"This thesis is concerned with the theoretical study of a mathematical model arising from the study of the dynamics of dislocation densities in crystals of small size. This dynamics is modelized by parabolic/Hamilton-Jacobi nonlinear coupled system. Dislocations are linear defects which move in crystals when those are subjected to exterior stresses. Independently, at the end of the thesis, we present, in a short chapter, a numerical method for the transport of fronts. In this thesis, three types of equations are considered : non-linear first order Hamilton-Jacobi equations, scalar conservations laws, and singular parabolic equations. We treat a singular parabolic/Hamilton-Jacobi system where the singularity appears from the presence of the inverse of the gradient. Our system takes into consideration the short range dislocation-dislocation interactions, as well as the formation of boundary layers. We study the existence, uniqueness and the regularity of the solutions of this system. This study relies essentially on the theory of viscosity solutions; the theory of entropy and classical solutions. Two main cases are considered : the case of zero exterior stresses, and the case of constant exterior stresses (not necessarily zero).",viscosity solutions,0.607
,,"Radial and asymptotically constant solutions for nonautonomous elliptic equations
H Ibrahim, H ALJebawy, E Nasreddine - Applicable Analysis, 2021
Cited by 1 Related articles All 3 versions",2021/11/18,100.0,https://hsnibrahim.wordpress.com/wp-content/uploads/2020/07/aa-radial-nonautonomous-1.pdf,,,,3132-3144,"Semilinear elliptic equations, viscosity solutions, Homogenization",Cited by 1,Hassan Ibrahim,,,Radial and asymptotically constant solutions for nonautonomous elliptic equations,,Applicable Analysis,,https://scholar.google.com/citations?view_op=view_citation&hl=en&user=hKTHfJoAAAAJ&cstart=20&pagesize=80&citation_for_view=hKTHfJoAAAAJ:qjMakFHDy7sC,15,Taylor & Francis,"H Ibrahim, H ALJebawy, E Nasreddine","We consider semilinear elliptic equations of the form on . Given a suitable positive z satisfying , we discuss the existence of positive radial solutions u with .",semilinear elliptic equations,0.646
,,"The Dirichlet problem for semilinear elliptic equations in an infinite sector
A El Hajj, H Ibrahim - Annali di Matematica Pura ed Applicata (1923-), 2019
Cited by 1 Related articles All 5 versions",2019/10,198.0,https://link.springer.com/article/10.1007/s10231-019-00830-3,,,,1551-1561,"Semilinear elliptic equations, viscosity solutions, Homogenization",Cited by 1,Hassan Ibrahim,,,The Dirichlet problem for semilinear elliptic equations in an infinite sector,,Annali di Matematica Pura ed Applicata (1923-),,https://scholar.google.com/citations?view_op=view_citation&hl=en&user=hKTHfJoAAAAJ&cstart=20&pagesize=80&citation_for_view=hKTHfJoAAAAJ:u5HHmVD_uO8C,5,Springer Berlin Heidelberg,"A El Hajj, H Ibrahim","We consider the Dirichlet problem for a semilinear elliptic equation in an unbounded sectorial domain of the two-dimensional space. The problem is supplemented with a limiting behavior related to a prescribed root z of the nonlinearity of the equation. The one-dimensional setting of the problem has a unique solution , and the goal of the present paper is to construct a two-dimensional positive and bounded solution u approaching when . This is established using sub- and supersolutions method and employing a sliding argument.",semilinear elliptic equations,0.621
,,"Existence of viscosity solution for a singular Hamilton–Jacobi equation
H Ibrahim, S Zabad - Arab Journal of Mathematical Sciences, 2015
Cited by 1 Related articles All 8 versions",2015/1/1,21.0,https://www.sciencedirect.com/science/article/pii/S1319516614000048,,,,98-108,"Semilinear elliptic equations, viscosity solutions, Homogenization",Cited by 1,Hassan Ibrahim,,,Existence of viscosity solution for a singular Hamilton–Jacobi equation,,Arab Journal of Mathematical Sciences,,https://scholar.google.com/citations?view_op=view_citation&hl=en&user=hKTHfJoAAAAJ&cstart=20&pagesize=80&citation_for_view=hKTHfJoAAAAJ:_FxGoFyzp5QC,1,No longer published by Elsevier,"H Ibrahim, Sahar Zabad",In this paper we study the existence of a singular Hamilton–Jacobi equation under the framework of viscosity solutions. The analysis is inspired by the arguments of [8] where a study of a model on dislocation dynamics was considered.,viscosity solutions,0.625
,,"Analyse de systèmes parabolique/Hamilton-Jacobi modélisant la dynamique de densités de dislocations en domaine borné
H Ibrahim - 2008
Cited by 1 Related articles",2008/1/1,,,,,,,"Semilinear elliptic equations, viscosity solutions, Homogenization",Cited by 1,Hassan Ibrahim,,,Analyse de systèmes parabolique/Hamilton-Jacobi modélisant la dynamique de densités de dislocations en domaine borné,Paris Est,,,https://scholar.google.com/citations?view_op=view_citation&hl=en&user=hKTHfJoAAAAJ&cstart=20&pagesize=80&citation_for_view=hKTHfJoAAAAJ:LkGwnXOMwfcC,,,Hassan Ibrahim,"Cette thèse porte sur l'étude théorique d'un modèle mathématique provenant de l'étude de la dynamique de densités, de dislocations dans les cristaux de petite taille. Cette dynamique est modélisée par un système non linéaire couplé parabolique/Hamilton-Jacobi. Les dislocations sont des lignes de défauts qui se déplacent dans les cristaux lorsque ceux-ci sont soumis à des contraintes extérieures. De façon indépendante, tout à la fin de la thèse, nous présentons une méthode numérique pour le transport de fronts. Dans le coeur de la thèse, trois types d'équations sont considérées : équations de Hamilton-Jacobi non linéaires, lois de conservation scalaires, et équations paraboliques singulières. Nous traitons un système parabolique/Hamilton-Jacobi singulier où la singularité apparaît par la présence de l'inverse du gradian. Notre système prend en considération l'effet à courte distance entre dislocations ainsi que la formation des couches limites. Nous étudions l'existence, l'unicité et la régularité des solutions du système. Cette étude repose en grande partie sur la théorie des solutions de viscosité ; des solutions entropiques et des solutions classiques. Deux cas principaux sont considérés : le cas où les contraintes extérieures sont nulles, et le cas où elles sont constantes (non nécessairement nulles).",viscosity solutions,0.403
,,"Global discontinuous solution for $1 D $ isentropic gas dynamics system
A El Hajj, H Ibrahim, V Rizik - Communications in Mathematical Sciences, 2021
Related articles All 5 versions",2021/11/11,19.0,http://www.utc.fr/~elhajjah/Gaz-dyna1.pdf,,,,1451-1459,"Semilinear elliptic equations, viscosity solutions, Homogenization",,Hassan Ibrahim,,,Global discontinuous solution for isentropic gas dynamics system,,Communications in Mathematical Sciences,,https://scholar.google.com/citations?view_op=view_citation&hl=en&user=hKTHfJoAAAAJ&cstart=20&pagesize=80&citation_for_view=hKTHfJoAAAAJ:Tyk-4Ss8FVUC,5,International Press of Boston,"Ahmad El Hajj, Hassan Ibrahim, Vivian Rizik","In this work, we study the global existence of one-dimensional isentropic gas dynamics system. We prove a global in time existence result of this system in the framework of discontinuous non-decreasing solutions considering bounded initial data. We remark that this result allows us to give a global meaning to the gas dynamics system in distributional sense, considering discontinuous solutions with vacuum.",homogenization,0.4
,,"Formal derivation and existence result of an approximate model on dislocation densities
H Ibrahim, V Rizik, Z Salloum - ZAMM‐Journal of Applied Mathematics and Mechanics …, 2018
Related articles All 5 versions",2018/6,98.0,https://www.academia.edu/download/88438376/ibrahim_et_al_zamm.pdf,,,,1015-1032,"Semilinear elliptic equations, viscosity solutions, Homogenization",,Hassan Ibrahim,,,Formal derivation and existence result of an approximate model on dislocation densities,,ZAMM‐Journal of Applied Mathematics and Mechanics/Zeitschrift für Angewandte Mathematik und Mechanik,,https://scholar.google.com/citations?view_op=view_citation&hl=en&user=hKTHfJoAAAAJ&cstart=20&pagesize=80&citation_for_view=hKTHfJoAAAAJ:Zph67rFs4hoC,6,,"Hassan Ibrahim, Vivian Rizik, Zaynab Salloum","In this work, we are interested in a mathematical problem arising from the dynamics of dislocation densities in crystals. The model, originally developed by Groma, Czikor, and Zaiser in [], is a coupled singular parabolic system that describes the motion of dislocations in a bounded crystal, taking into account the short‐range interactions and the effect of exterior stresses. We show the derivation and the short time existence and uniqueness of a regular solution in a Hölder space using a fixed point argument and a particular comparison principle.",viscosity solutions,0.4
,,"Formal derivation and existence result of a model on dislocation densities
H Ibrahim, V Rizik, Z Salloum - 2017
Related articles",2017/6/10,,,,,,,"Semilinear elliptic equations, viscosity solutions, Homogenization",,Hassan Ibrahim,,,Formal derivation and existence result of a model on dislocation densities,,,,https://scholar.google.com/citations?view_op=view_citation&hl=en&user=hKTHfJoAAAAJ&cstart=20&pagesize=80&citation_for_view=hKTHfJoAAAAJ:hqOjcs7Dif8C,,,"Hassan Ibrahim, Vivian Rizik, Zaynab Salloum","In this work, we are interested in a mathematical problem arising from the dynamics of dislocation densities in crystals. The model, originally developed by Groma, Czikor and Zaiser in [8], is a coupled singular parabolic system that describes the motion of dislocations in a bounded crystal, taking into account the short-range interactions and the effect of exterior stresses. We show the derivation and the short time existence and uniqueness of a regular solution in a Hölder space using a fixed point argument and a particular comparison principle.",viscosity solutions,0.4
,,"Reduced ODE dynamics as formal relativistic asymptotics of a Peierls–Nabarro model
H Ibrahim, R Monneau - European Journal of Applied Mathematics, 2014
Related articles All 15 versions",2014/8,25.0,https://hal.science/hal-00789494v1/file/PN-assymptotics180213.pdf,,,,511-529,"Semilinear elliptic equations, viscosity solutions, Homogenization",,Hassan Ibrahim,,,Reduced ODE dynamics as formal relativistic asymptotics of a Peierls–Nabarro model,,European Journal of Applied Mathematics,,https://scholar.google.com/citations?view_op=view_citation&hl=en&user=hKTHfJoAAAAJ&cstart=20&pagesize=80&citation_for_view=hKTHfJoAAAAJ:u-x6o8ySG0sC,4,Cambridge University Press,"Hassan Ibrahim, Régis Monneau","In this paper, we consider a scalar Peierls--Nabarro model describing the motion of dislocations in the plane (x1,x2) along the line x2=0. Each dislocation can be seen as a phase transition and creates a scalar displacement field in the plane. This displacement field solves a simplified elasto-dynamics equation, which is simply a linear wave equation. The total displacement field creates a stress which makes move the dislocation itself. By symmetry, we can reduce the system to a wave equation in the half plane x2>0 coupled with an equation for the dynamics of dislocations on the boundary of the half plane, i.e. on x2=0. Our goal is to understand the dynamics of well-separated dislocations in the limit when the distance between dislocations is very large, of order 1/ɛ. After rescaling, this corresponds to introduce a small parameter ɛ in the system. For the limit ɛ → 0, we are formally able to identify a reduced ordinary …",semilinear elliptic equations,0.4
,,"Decay of mass for fractional evolution equation with a memory term
B Barakeh, A Fino, H Ibrahim - 2010
Related articles All 3 versions",2010/10/1,,https://hal.science/hal-00566716/file/Fino-Hassan-BarakehQAM.pdf,,,,,"Semilinear elliptic equations, viscosity solutions, Homogenization",,Hassan Ibrahim,,,Decay of mass for fractional evolution equation with a memory term,,,,https://scholar.google.com/citations?view_op=view_citation&hl=en&user=hKTHfJoAAAAJ&cstart=20&pagesize=80&citation_for_view=hKTHfJoAAAAJ:YOwf2qJgpHMC,,,"Bilal Barakeh, Ahmad Fino, Hassan Ibrahim","We investigate the decay properties of the mass of the solutions of a fractional diffusion equation with nonlinear memory term. We show, using a suitable class of initial data and a restriction on the diffusion and nonlinear term, that the memory term determines the large time asymptotics, that is tends to zero as",viscosity solutions,0.411
,,"A remark on a generalization of a logarithmic Sobolev inequality to the Holder class
H Ibrahim - arXiv preprint arXiv:0908.3245, 2009
Related articles All 4 versions",2009/8/22,,https://arxiv.org/pdf/0908.3245,,,,,"Semilinear elliptic equations, viscosity solutions, Homogenization",,Hassan Ibrahim,,,A remark on a generalization of a logarithmic Sobolev inequality to the Holder class,,arXiv preprint arXiv:0908.3245,,https://scholar.google.com/citations?view_op=view_citation&hl=en&user=hKTHfJoAAAAJ&cstart=20&pagesize=80&citation_for_view=hKTHfJoAAAAJ:YsMSGLbcyi4C,,,Hassan Ibrahim,"In a recent work of the author, a parabolic extension of the elliptic Ogawa type inequality has been established. This inequality is originated from the Brezis-Gallouet-Wainger logarithmic type inequalities revealing Sobolev embeddings in the critical case. In this paper, we improve the parabolic version of Ogawa inequality by allowing it to cover not only the class of functions from Sobolev spaces, but the wider class of Holder continuous functions.",semilinear elliptic equations,0.408
