Book,Conference,Scholar articles,Publication date,Volume,PDF Link,Patent office,Report number,Source,Pages,Research Interests,Total citations,Researcher Name,Inventors,Patent number,Title,Institution,Journal,Application number,Scholar Link,Issue,Publisher,Authors,Description,Classified_Topic,Classification_Confidence
,,"Fredholm and properness properties of quasilinear elliptic systems of second order
HG Gebran, CA Stuart - Proceedings of the Edinburgh Mathematical Society, 2005
Cited by 35 Related articles All 9 versions",2005/2,48.0,https://www.cambridge.org/core/services/aop-cambridge-core/content/view/F6A91126CE865D0F2840FD49F33E9A22/S0013091504000550a.pdf/div-class-title-fredholm-and-properness-properties-of-quasilinear-elliptic-systems-of-second-order-div.pdf,,,,91-124,"Functional Analysis, Differential equations, Topology",Cited by 35,Hicham Gebran,,,Fredholm and properness properties of quasilinear elliptic systems of second order,,Proceedings of the Edinburgh Mathematical Society,,https://scholar.google.com/citations?view_op=view_citation&hl=en&user=Aa0VNfIAAAAJ&citation_for_view=Aa0VNfIAAAAJ:u5HHmVD_uO8C,1.0,Cambridge University Press,"Hicham G Gebran, Charles A Stuart",For a large class of subsets was carried out by Rabier and Stuart.AMS 2000 Mathematics subject classification: Primary 35J45; 35J60. Secondary 47A53; 47F05,functional analysis,0.4
,,"Exponential decay and Fredholm properties in second-order quasilinear elliptic systems
HG Gebran, CA Stuart - Journal of Differential Equations, 2010
Cited by 25 Related articles All 6 versions",2010/7/1,249.0,https://www.sciencedirect.com/science/article/pii/S0022039610000860/pdf?md5=e82f44880ac9bc217fd5088f4cfab304&pid=1-s2.0-S0022039610000860-main.pdf&_valck=1,,,,94-117,"Functional Analysis, Differential equations, Topology",Cited by 25,Hicham Gebran,,,Exponential decay and Fredholm properties in second-order quasilinear elliptic systems,,Journal of Differential Equations,,https://scholar.google.com/citations?view_op=view_citation&hl=en&user=Aa0VNfIAAAAJ&citation_for_view=Aa0VNfIAAAAJ:9yKSN-GCB0IC,1.0,Academic Press,"Hicham G Gebran, Charles A Stuart",We consider second-order quasilinear elliptic systems on unbounded domains in the setting of Sobolev spaces. We complete our earlier work on the Fredholm and properness properties of the associated differential operators by giving verifiable conditions for the linearization to be Fredholm of index zero. This opens the way to using the degree for C1-Fredholm maps of index zero as a tool in the study of such quasilinear systems. Our work also enables us to check the Fredholm assumption which plays an important role in Rabier's approach to proving exponential decay to zero at infinity of solutions.,differential equations,0.406
,,"Global Continuation for Quasilinear Elliptic Systems on ℝN and the Equations of Elastostatics
HG Gebran, CA Stuart - Advanced Nonlinear Studies, 2009
Cited by 4 Related articles All 5 versions",2009/11/1,9.0,https://www.degruyter.com/document/doi/10.1515/ans-2009-0408/pdf,,,,727-762,"Functional Analysis, Differential equations, Topology",Cited by 4,Hicham Gebran,,,Global Continuation for Quasilinear Elliptic Systems on ℝN and the Equations of Elastostatics,,Advanced Nonlinear Studies,,https://scholar.google.com/citations?view_op=view_citation&hl=en&user=Aa0VNfIAAAAJ&citation_for_view=Aa0VNfIAAAAJ:d1gkVwhDpl0C,4.0,"Advanced Nonlinear Studies, Inc.","Hicham G Gebran, Charles A Stuart","We consider quasilinear systems of second order elliptic equations on ℝN. Using a continuation theorem based on the topological degree for C1 - Fredholm maps, we derive global properties of a maximal connected set of solutions which decay exponentially to zero at in¯nity. These results are used to treat a problem concerning the equilibrium of an elastic body occupying the whole space and subjected to a one parameter family of localized external forces.",differential equations,0.406
,,"Quasilinear second order elliptic systems and topological degree
HG Gebran - 2005
Cited by 2 Related articles All 6 versions",2005,,https://infoscience.epfl.ch/bitstreams/3b310f7d-17a6-4326-bfad-1653ceda4070/download,,,,,"Functional Analysis, Differential equations, Topology",Cited by 2,Hicham Gebran,,,Quasilinear second order elliptic systems and topological degree,EPFL,,,https://scholar.google.com/citations?view_op=view_citation&hl=en&user=Aa0VNfIAAAAJ&citation_for_view=Aa0VNfIAAAAJ:u-x6o8ySG0sC,,,Hicham Georges Gebran,We consider a large class of quasilinear second order elliptic systems of the form,functional analysis,0.4
