Book,Conference,Scholar articles,Publication date,Volume,PDF Link,Patent office,Report number,Source,Pages,Research Interests,Total citations,Researcher Name,Inventors,Patent number,Title,Institution,Journal,Application number,Scholar Link,Issue,Publisher,Authors,Description,Classified_Topic,Classification_Confidence
International workshop on computer algebra in scientific computing,,"Resultant-based methods for plane curves intersection problems
L Busé, H Khalil, B Mourrain - International workshop on computer algebra in …, 2005
Cited by 56 Related articles All 20 versions",2005/9/12,,https://inria.hal.science/inria-00100288/document,,,,75-92,Mathématiques,Cited by 56,houssam khalil,,,Resultant-based methods for plane curves intersection problems,,,,https://scholar.google.com/citations?view_op=view_citation&hl=en&user=yrnt3uUAAAAJ&citation_for_view=yrnt3uUAAAAJ:u5HHmVD_uO8C,,Springer Berlin Heidelberg,"Laurent Busé, Houssam Khalil, Bernard Mourrain","We present an algorithm for solving polynomial equations, which uses generalized eigenvalues and eigenvectors of resultant matrices. We give special attention to the case of two bivariate polynomials and the Sylvester or Bezout resultant constructions. We propose a new method to treat multiple roots, detail its numerical aspects and describe experiments on tangential problems, which show the efficiency of the approach. An industrial application of the method is presented at the end of the paper. It consists in recovering cylinders from a large cloud of points and requires intensive resolution of polynomial equations.",mathématiques,0.4
,,"Structured low rank decomposition of multivariate Hankel matrices
J Harmouch, H Khalil, B Mourrain - Linear Algebra and its Applications, 2018
Cited by 24 Related articles All 10 versions",2018/4/1,542.0,https://www.sciencedirect.com/science/article/pii/S0024379517302409,,,,162-185,Mathématiques,Cited by 24,houssam khalil,,,Structured low rank decomposition of multivariate Hankel matrices,,Linear Algebra and its Applications,,https://scholar.google.com/citations?view_op=view_citation&hl=en&user=yrnt3uUAAAAJ&citation_for_view=yrnt3uUAAAAJ:YsMSGLbcyi4C,,North-Holland,"Jouhayna Harmouch, Houssam Khalil, Bernard Mourrain","We present a new algorithm for the decomposition of a multivariate Hankel matrix H σ as a sum of Hankel matrices of small rank. This decomposition corresponds to the decomposition of its symbol σ as a sum of polynomial-exponential series. By exploiting the properties of the associated Artinian Gorenstein quotient algebra A σ, we obtain new ways to compute the frequencies and the weights of the decomposition from generalized eigenvectors of sub-matrices of H σ. The new method is a multivariate generalization of the so-called Pencil method for solving Prony-type problems. We analyse its numerical behaviour in the presence of noisy input moments. We describe rescaling techniques and Newton iterations, which improve the numerical quality of the reconstruction and show their impact for correcting errors on input moments.",mathématiques,0.4
,,"Matrices structurées et matrices de Toeplitz par blocs de Toeplitz en calcul numérique et formel
H Khalil - 2008
Cited by 8 Related articles All 9 versions",2008/7/25,,https://univ-cotedazur.hal.science/tel-00306987/,,,,,Mathématiques,Cited by 8,houssam khalil,,,Matrices structurées et matrices de Toeplitz par blocs de Toeplitz en calcul numérique et formel,Université Claude Bernard-Lyon I,,,https://scholar.google.com/citations?view_op=view_citation&hl=en&user=yrnt3uUAAAAJ&citation_for_view=yrnt3uUAAAAJ:2osOgNQ5qMEC,,,Houssam Khalil,"Plusieurs problèmes en mathématiques appliquées requièrent la résolution de systèmes linéaires de très grandes tailles, et parfois ces systèmes doivent être résolus de multiples fois. Dans de tels cas, les algorithmes standards basés sur l'élimination de Gauss demandent O(n^3) opérations arithmétiques pour résoudre un système de taille n, et ce sera un handicap pour le calcul. C'est pour cela qu'on cherche à utiliser la structure pour réduire le temps de calcul.

La structure de Toeplitz, de Hankel, de Cauchy, de Vandermonde et d'autre structure plus générales sont bien exploitées pour réduire la complexité de résolution d'un système linéaire à O(n log^2 n) opérations arithmétiques.

Les matrices structurées en deux niveaux et surtout les matrices de Toeplitz par blocs de Toeplitz (TBT) apparaissent dans beaucoup des applications. Le but de ce travail est de trouver des algorithmes de résolution rapide pour des systèmes TBT de grande taille.

Dans cette thèse, on décrit les difficultés de ce problème. On donne trois algorithmes rapide, en O(n^3/2) opérations, de résolution pour les systèmes de Toeplitz bande par blocs Toeplitz bande. On donne aussi une nouvelle méthode de résolution des systèmes de Toeplitz scalaires en donnant une relation entre la solution d'un système de Toeplitz scalaires et les syzygies des polynômes en une seule variable. On généralise cette méthode pour les matrices TBT et on donne une relation entre la solution d'un tel système linéaire et les syzygies des polynômes en deux variables.",mathématiques,0.4
,,"B. Mourrain Resultant-based methods for plane curves intersection problems Lecture Notes in Comput. Sci., 3718
L Bus, H Khalil - 2005
Cited by 6 Related articles",2005,,,,,,,Mathématiques,Cited by 6,houssam khalil,,,"B. Mourrain Resultant-based methods for plane curves intersection problems Lecture Notes in Comput. Sci., 3718",,,,https://scholar.google.com/citations?view_op=view_citation&hl=en&user=yrnt3uUAAAAJ&citation_for_view=yrnt3uUAAAAJ:0EnyYjriUFMC,,"Springer, Berlin","L Bus, H Khalil",,Unclassified,0.0
,,"Superfast solution of Toeplitz systems based on syzygy reduction
H Khalil, B Mourrain, M Schatzman - Linear Algebra and its Applications, 2013
Cited by 5 Related articles All 13 versions",2013/5/1,438.0,https://www.sciencedirect.com/science/article/pii/S0024379513000773/pdf?md5=3907b9ece88bea61a58e365e72f7a475&pid=1-s2.0-S0024379513000773-main.pdf,,,,3563-3575,Mathématiques,Cited by 5,houssam khalil,,,Superfast solution of Toeplitz systems based on syzygy reduction,,Linear Algebra and its Applications,,https://scholar.google.com/citations?view_op=view_citation&hl=en&user=yrnt3uUAAAAJ&citation_for_view=yrnt3uUAAAAJ:d1gkVwhDpl0C,9.0,North-Holland,"Houssam Khalil, Bernard Mourrain, Michelle Schatzman","We present a new superfast algorithm for solving Toeplitz systems. This algorithm is based on a relation between the solution of such problems and syzygies of polynomials or moving lines. We show an explicit connection between the generators of a Toeplitz matrix and the generators of the corresponding module of syzygies. We show that this module is generated by two elements and the solution of a Toeplitz system Tu=g can be reinterpreted as the remainder of a vector depending on g, by these two generators. We obtain these generators and this remainder with computational complexity Ø(nlog2n) for a Toeplitz matrix of size n×n.",mathématiques,0.4
,,"Resultant-based methods for curves intersection problems
L Busé, B Mourrain, H Khalil - 2005
Cited by 4 Related articles",2005,,,,,,,Mathématiques,Cited by 4,houssam khalil,,,Resultant-based methods for curves intersection problems,,,,https://scholar.google.com/citations?view_op=view_citation&hl=en&user=yrnt3uUAAAAJ&citation_for_view=yrnt3uUAAAAJ:u-x6o8ySG0sC,,Manuscript,"Laurent Busé, B Mourrain, H Khalil","We present an algorithm for solving polynomial equations, which uses generalized eigenvalues and eigenvectors of resultant matrices. We give special attention to the case of two bivariate polynomials and the Sylvester or Bezout resultant constructions. We propose a new method to treat multiple roots, detail its numerical aspects and describe experiments on tangential problems, which show the efficiency of the approach. An industrial application of the method is presented at the end of the paper. It consists in recovering cylinders from a large cloud of points and requires intensive resolution of polynomial equations.",mathématiques,0.4
,,"Riemannian Newton optimization methods for the symmetric tensor approximation problem
R Khouja, H Khalil, B Mourrain - Linear Algebra and its Applications, 2022
Cited by 3 Related articles All 6 versions",2022/3/15,637.0,https://www.sciencedirect.com/science/article/am/pii/S0024379521004377,,,,175-211,Mathématiques,Cited by 3,houssam khalil,,,Riemannian Newton optimization methods for the symmetric tensor approximation problem,,Linear Algebra and its Applications,,https://scholar.google.com/citations?view_op=view_citation&hl=en&user=yrnt3uUAAAAJ&citation_for_view=yrnt3uUAAAAJ:8k81kl-MbHgC,,North-Holland,"Rima Khouja, Houssam Khalil, Bernard Mourrain","The Symmetric Tensor Approximation problem (STA) consists of approximating a symmetric tensor or a homogeneous polynomial by a linear combination of symmetric rank-1 tensors or powers of linear forms of low symmetric rank. We present two new Riemannian Newton-type methods for low rank approximation of symmetric tensor with complex coefficients.
The first method uses the parametrization of the set of tensors of rank at most r by weights and unit vectors. Exploiting the properties of the apolar product on homogeneous polynomials combined with efficient tools from complex optimization, we provide an explicit and tractable formulation of the Riemannian gradient and Hessian, leading to Newton iterations with local quadratic convergence. We prove that under some regularity conditions on non-defective tensors in the neighborhood of the initial point, the Newton iteration (completed with a trust-region …",mathématiques,0.4
International Conference on Mathematical Aspects of Computer and Information Sciences,,"Decomposition of Low Rank Multi-Symmetric Tensor
J Harmouch, B Mourrain, H Khalil - International Conference on Mathematical Aspects of …, 2017
Cited by 3 Related articles All 6 versions",2017/11/15,,https://inria.hal.science/hal-01648747/document,,,,51-66,Mathématiques,Cited by 3,houssam khalil,,,Decomposition of Low Rank Multi-Symmetric Tensor,,,,https://scholar.google.com/citations?view_op=view_citation&hl=en&user=yrnt3uUAAAAJ&citation_for_view=yrnt3uUAAAAJ:eQOLeE2rZwMC,,Springer International Publishing,"Jouhayna Harmouch, Bernard Mourrain, Houssam Khalil",We study the decomposition of a multi-symmetric tensor T as a sum of powers of product of linear forms in correlation with the decomposition of its dual as a weighted sum of evaluations. We use the properties of the associated Artinian Gorenstein Algebra to compute the decomposition of its dual which is defined via a formal power series . We use the low rank decomposition of the Hankel operator associated to the symbol into a sum of indecomposable operators of low rank. A basis of is chosen such that the multiplication by some variables is possible. We compute the sub-coordinates of the evaluation points and their weights using the eigen-structure of multiplication matrices. The new algorithm that we propose works for small rank. We give a theoretical generalized approach of the method in n dimensional space. We show a numerical example of the decomposition of a multi-linear …,mathématiques,0.4
,,"Axisymmetric level set model of leidenfrost effect
R Denis, H Khalil, S Labbé, E Maitre - 2013
Cited by 2 Related articles All 10 versions",2013/12/20,,https://hal.science/hal-00921581/document,,,,,Mathématiques,Cited by 2,houssam khalil,,,Axisymmetric level set model of leidenfrost effect,,,,https://scholar.google.com/citations?view_op=view_citation&hl=en&user=yrnt3uUAAAAJ&citation_for_view=yrnt3uUAAAAJ:qjMakFHDy7sC,,,"Roland Denis, Houssam Khalil, Stéphane Labbé, Emmanuel Maitre","We propose a level-set model of phase change and apply it to the study of the Leidenfrost effect. The new ingredients used in this model are twofold: first we enforce by penalization the droplet temperature to the saturation temperature in order to ensure a correct mass transfer at interface, and second we propose a careful differentiation of the capillary interface with respect to a moving interface with phase change. We perform some numerical tests in the axisymmetric case and show that our numerical method, while not avoiding well known numerical caveats of diffuse interface methods, behave quite well in the limit of numerical interface width going to zero in comparison to an analytical formula.",mathématiques,0.4
"Matrix Methods: Theory, Algorithms and Applications: Dedicated to the Memory of Gene Golub",,"Toeplitz and Toeplitz-block-Toeplitz matrices and their correlation with syzygies of polynomials
H Khalil, B Mourrain, M Schatzman - Matrix Methods: Theory, Algorithms and Applications …, 2010
Cited by 2 Related articles All 15 versions",2010,,https://arxiv.org/pdf/0903.1244,,,,296-312,Mathématiques,Cited by 2,houssam khalil,,,Toeplitz and Toeplitz-block-Toeplitz matrices and their correlation with syzygies of polynomials,,,,https://scholar.google.com/citations?view_op=view_citation&hl=en&user=yrnt3uUAAAAJ&citation_for_view=yrnt3uUAAAAJ:9yKSN-GCB0IC,,,"Houssam Khalil, Bernard Mourrain, Michelle Schatzman","In this paper, we re-investigate the resolution of Toeplitz systems Tu = g, from a new point of view, by correlating the solution of such problems with syzygies of polynomials or moving lines. We show an explicit connection between the generators of a Toeplitz matrix and the generators of the corresponding module of syzygies. We show that this module is generated by two elements of degree n and the solution of Tu = g can be reinterpreted as the remainder of an explicit vector depending on g, by these two generators.
This approach extends naturally to multivariate problems and we describe for Toeplitz-block-Toeplitz matrices, the structure of the corresponding generators.",mathématiques,0.4
,,"Structured and Toeplitz block Toeplitz matrices in numerical and symbolic computation
H Khalil - HAL, 2008
Cited by 2 Related articles All 2 versions",2008,2008.0,,,,,,Mathématiques,Cited by 2,houssam khalil,,,Structured and Toeplitz block Toeplitz matrices in numerical and symbolic computation,,HAL,,https://scholar.google.com/citations?view_op=view_citation&hl=en&user=yrnt3uUAAAAJ&citation_for_view=yrnt3uUAAAAJ:UeHWp8X0CEIC,,,Houssam Khalil,"Plusieurs problèmes en mathématiques appliquées requièrent la résolution de systèmes linéaires de très grandes tailles, et parfois ces systèmes doivent être résolus de multiples fois. Dans de tels cas, les algorithmes standards basés sur l'élimination de Gauss demandent O (n^ 3) opérations arithmétiques pour résoudre un système de taille n, et ce sera un handicap pour le calcul. C'est pour cela qu'on cherche à utiliser la structure pour réduire le temps de calcul.
La structure de Toeplitz, de Hankel, de Cauchy, de Vandermonde et d'autre structure plus générales sont bien exploitées pour réduire la complexité de résolution d'un système linéaire à O (n log^ 2 n) opérations arithmétiques.",mathématiques,0.4
,,"A Riemannian Newton Optimization Framework for the Symmetric Tensor Rank Approximation Problem
R Khouja, H Khalil, B Mourrain - arXiv preprint arXiv:2003.01469, 2020
Cited by 1 Related articles",2020/7/12,,https://www.academia.edu/download/76334880/2003.01469v1.pdf,,,,,Mathématiques,Cited by 1,houssam khalil,,,A Riemannian Newton Optimization Framework for the Symmetric Tensor Rank Approximation Problem,,arXiv preprint arXiv:2003.01469,,https://scholar.google.com/citations?view_op=view_citation&hl=en&user=yrnt3uUAAAAJ&citation_for_view=yrnt3uUAAAAJ:hqOjcs7Dif8C,,,"Rima Khouja, Houssam Khalil, Bernard Mourrain","The symmetric tensor rank approximation problem (STA) consists in computing the best low rank approximation of a symmetric tensor. We describe a Riemannian Newton iteration with trust region scheme for the STA problem. We formulate this problem as a Riemannian optimization problem by parameterizing the constraint set as the Cartesian product of Veronese manifolds. We present an explicit and exact formula for the gradient vector and the Hessian matrix of the method, in terms of the weights and points of the low rank approximation and the symmetric tensor to approximate, by exploiting the properties of the apolar product. We introduce a retraction operator on the Veronese manifold. The Newton Riemannian iterations are performed for best low rank approximation over the real or complex numbers. Numerical experiments are implemented to show the numerical behavior of the new method first against perturbation, to compute the best rank-1 approximation and the spectral norm of a symmetric tensor, and to compare with some existing state-of-the-art methods.",mathématiques,0.4
,,"Numerical Solution of the 2-Hessian Equation by a Newton’s Algorithm
EA Haj, H Khalil, M Hossein - J Appl Computat Math, 2018
Related articles",2018,7.0,,,,,2,Mathématiques,,houssam khalil,,,Numerical Solution of the 2-Hessian Equation by a Newton’s Algorithm,,J Appl Computat Math,,https://scholar.google.com/citations?view_op=view_citation&hl=en&user=yrnt3uUAAAAJ&citation_for_view=yrnt3uUAAAAJ:UebtZRa9Y70C,393.0,,"EA Haj, H Khalil, M Hossein","The elliptic 2-Hessian equation is a fully nonlinear partial differential equation that is related, for example, to intrinsic curvature for three dimensional manifolds. We solve numerically this equation with periodic boundary condition and with Dirichlet boundary condition using a Newton’s algorithm. We verify numerically, by introducing finite difference schemes, the convergence of the algorithm which is obtained in few iterations.",mathématiques,0.4
,,"Entire Solution of Hessian Equations in ℂ n C^n
M Hossein, H Ezzaldine, H Khalil, M Sarrage - Vietnam Journal of Mathematics, 2016
Related articles",2016/12,44.0,,,,,829-837,Mathématiques,,houssam khalil,,,Entire Solution of Hessian Equations in,,Vietnam Journal of Mathematics,,https://scholar.google.com/citations?view_op=view_citation&hl=en&user=yrnt3uUAAAAJ&citation_for_view=yrnt3uUAAAAJ:_FxGoFyzp5QC,,Springer Singapore,"Mouhamad Hossein, Hayssam Ezzaldine, Houssam Khalil, Mouhamad Sarrage",We prove the existence and the uniqueness of entire solutions of elliptic Hessian equations in with rotational invariance in an appropriate weighted Hölder spaces.,mathématiques,0.4
,,"Witt Groups of Smooth Toric Surfaces
M Sarrage, H Ezzaldine, H Khalil, N Ali - International Journal of Algebra, 2015
Related articles All 4 versions",2015,9.0,https://www.academia.edu/download/76334951/bcd75e6ebeec905fe0aa58154e256f0c2cda.pdf,,,,59-66,Mathématiques,,houssam khalil,,,Witt Groups of Smooth Toric Surfaces,,International Journal of Algebra,,https://scholar.google.com/citations?view_op=view_citation&hl=en&user=yrnt3uUAAAAJ&citation_for_view=yrnt3uUAAAAJ:ufrVoPGSRksC,2.0,,"Mohamed Sarrage, Hayssam Ezzaldine, Houssam Khalil, Nidal Ali","In this paper, we calculate the Witt groups of smooth projective toric surfaces over a field of characteristic different from 2. Such a surface is described combinatorially by a fan in the plan. The result is a direct sum of several copies of the Witt group of the basic field, their number depends on the line bundle used in the definition of Witt groups. The technique of the proofs is to filter the derived category of the surface by subcategories with support in unions of orbits closures whose dimension is 1. Then, by excision, we obtain long exact sequences including copies of Witt groups of the basic field.",mathématiques,0.4
,,"Generic Polynomial of Integers and Applications
N Ali, M Sarrage, H Ezzaldine, H Khalil - International Journal of Algebra, 2015
Related articles All 4 versions",2015,9.0,https://m-hikari.com/ija/ija-2015/ija-1-4-2015/aliIJA1-4-2015-2.pdf,,,,67-78,Mathématiques,,houssam khalil,,,Generic Polynomial of Integers and Applications,,International Journal of Algebra,,https://scholar.google.com/citations?view_op=view_citation&hl=en&user=yrnt3uUAAAAJ&citation_for_view=yrnt3uUAAAAJ:WF5omc3nYNoC,2.0,,"Nidal Ali, Mohamed Sarrage, Hayssam Ezzaldine, Houssam Khalil","Consider an algebraic number field K of degree n, AK is its ring of integers and a prime number p inert in K. Let F (u1,..., un, x) be the generic polynomial of integers of K. We will study in advance the stability of this polynomial and then, we will apply it in order to obtain all the monic irreducible polynomials in Fp [x] of degree d dividing n.",mathématiques,0.4
,,"Transformation du problème de résolution de systèmes de Toeplitz biniveaux à un problème polynomial
H Khalil, B Mourrain, M Schatzman - Confluentes Mathematici, 2011
Related articles All 7 versions",2011,3.0,http://www.numdam.org/item/10.1142/S1793744211000357.pdf,,,,253-262,Mathématiques,,houssam khalil,,,Transformation du problème de résolution de systèmes de Toeplitz biniveaux à un problème polynomial,,Confluentes Mathematici,,https://scholar.google.com/citations?view_op=view_citation&hl=en&user=yrnt3uUAAAAJ&citation_for_view=yrnt3uUAAAAJ:IjCSPb-OGe4C,2.0,,"Houssam Khalil, Bernard Mourrain, Michelle Schatzman","A la mémoire de Michelle Schatzman On présente une relation entre la solution d’un systeme de Toeplitz biniveaux, Tu= g, et les syzygies de polynômesa deux variables ou hyperplans mobiles. Cette approche nous donne la possibilité de définir les générateurs pour les matrices de Toeplitz biniveaux en utilisant les générateurs du module de syzygie correspondant. On démontre que ce module est généralisé par 8 éléments et que la solution de Tu= g peut être interprétée comme le reste de la division d’un vecteur, dépendant de g, par ces générateurs. Ce nouveau point de vu de résolution peut être interprété comme une décomposition de Gohberg–Semencul [3, 5] pour les matrices de Toeplitz biniveaux. La difficulté de généraliser la notion de structure de déplacement [2, 4, 3] du cas scalaire (de niveau un) au cas par blocs, et l’absence de notion de générateurs pour les matrices de Toeplitz biniveaux sonta la base de l’absence d’une telle décomposition jusqu’a présent. L’utilisation de cette idée pour résoudre les systemes de Toeplitz scalaires nous permet de donner un algorithme de résolution ultra rapide. L’absence de la notion de µ-base pour les modules de syzygies en plusieurs variables complique la situation pour les systemes de Toeplitz biniveaux, et l’obtention d’un algorithme de résolution ultra rapide utilisant cette approche reste un probleme ouvert.",mathématiques,0.4
,,"Fast solver for band Toeplitz-block-band Toeplitz system
H Khalil - 2008
Related articles All 4 versions",2008/6/1,,https://hal.science/hal-00366297v2/file/TBT_bande.pdf,,,,,Mathématiques,,houssam khalil,,,Fast solver for band Toeplitz-block-band Toeplitz system,,,,https://scholar.google.com/citations?view_op=view_citation&hl=en&user=yrnt3uUAAAAJ&citation_for_view=yrnt3uUAAAAJ:zYLM7Y9cAGgC,,,Houssam Khalil,"Let be a Toeplitz block Toeplitz matrix with coefficients in a field of size . Assume that the blocks are of size and that there are blocks. Assume moreover that the matrix is block banded and that the blocks themselves have a block structure. This means that outside of the central block diagonals, the blocks vanish, and that outside of the central central diagonals, the coefficients in each block vanish. In this article, we give three direct methods of resolution with a count of operations to resolve the problem . We give also a statistical study which prouve that the matrix becomes increasingly ill conditioned when the band widths decrease.",mathématiques,0.4
,,"Resultant-Based Methods for Plane Curves
L Busé¹, H Khalil, B Mourrain¹ - Computer Algebra in Scientific Computing: CASC …, 2005
Related articles",2005,,,,,,75,Mathématiques,,houssam khalil,,,Resultant-Based Methods for Plane Curves,,Computer Algebra in Scientific Computing: CASC...: Proceedings of the... International Workshop on Computer Algebra in Scientific Computing...,,https://scholar.google.com/citations?view_op=view_citation&hl=en&user=yrnt3uUAAAAJ&citation_for_view=yrnt3uUAAAAJ:MXK_kJrjxJIC,,Springer-Verlag,"Laurent Busé¹, Houssam Khalil, Bernard Mourrain¹","We present an algorithm for solving polynomial equations, which uses generalized eigenvalues and eigenvectors of resultant matrices. We give special attention to the case of two bivariate polynomials and the Sylvester or Bezout resultant constructions. We propose a new method to treat multiple roots, detail its numerical aspects and describe experiments on tangential problems, which show the efficiency of the approach. An industrial application of the method is presented at the end of the paper. It consists in recovering cylinders from a large cloud of points and requires intensive resolution of polynomial equations.",mathématiques,0.4
,,"Structured low rank decomposition and completion of multivariate Hankel matrices
J Harmouch, H Khalil, B Mourrain
Related articles All 2 versions",,,https://www.cirm-math.fr/RepOrga/1967/Abstracts/abs-harmouch.pdf,,,,,Mathématiques,,houssam khalil,,,Structured low rank decomposition and completion of multivariate Hankel matrices,,,,https://scholar.google.com/citations?view_op=view_citation&hl=en&user=yrnt3uUAAAAJ&citation_for_view=yrnt3uUAAAAJ:Se3iqnhoufwC,,,"Jouhayna Harmouch, Houssam Khalil, Bernard Mourrain","Given the first moments of a formal power series σ=(σα) α≤ d where d is a positive integer, we study the decomposition of a multivariate Hankel matrix Hσ as the sum of low rank matrices in correlation with the decomposition of its associated series as the sum of polynomial-exponential series such that σ (y)=∑ r i= 1 ωi eξi (y) where ξi∈ Cn are called frequencies and ωi∈ C {0} are called weights. Univariate Hankel matrix H=[σi+ j] 1≤ i≤ m, 1≤ j≤ n associated to σ is structured matrix where the moments depend only on the sum of row and column indices (ie the elements on the anti-diagonals are equal). Multivariate Hankel matrix associated to σ is structured matrix H=[σα+ β] α∈ Nn, β∈ Nn where the moments depend only the sum of row and column multi-indices. The Hankel matrix is uniquely identified by its moments. The computation of the basis B of Aσ and its dual B∗ of A∗ σ is closely related to the decomposition of an invertible submatrix of Hσ in them. We use the Singular Value Decomposition to compute the bases B and B∗ which satisfy the invertibility of Hankel submatrix. We investigate eigen-structure properties of multiplication operators and their transpose to compute weights and frequencies. We use some shifted sub-matrices of Hankel matrix to compute the multiplications operators defined on B and their transpose B∗.
We describe a direct method [4] for the decomposition of multivariate Hankel matrix, based on simple linear algebra tools. The decomposition algorithm applies to matrices of low enough rank. We follow the approach in [6] but directly apply numerically stable linear algebra tools on submatrices of the Hankel matrices …",mathématiques,0.4
,,"Décomposition d’un tenseur symétrique de rang faible: Application à l’identification de modèle statistique
J Harmouch, B Mourrain, H Khalil
Related articles All 2 versions",,,https://jncf2018.lip6.fr/program/abs-harmouch.pdf,,,,,Mathématiques,,houssam khalil,,,Décomposition d’un tenseur symétrique de rang faible: Application à l’identification de modèle statistique,,,,https://scholar.google.com/citations?view_op=view_citation&hl=en&user=yrnt3uUAAAAJ&cstart=20&pagesize=80&citation_for_view=yrnt3uUAAAAJ:LkGwnXOMwfcC,,,"J Harmouch, B Mourrain, H Khalil","Ce projet a pour objet d’estimer la décomposition minimale affine d’un tenseur symétrique de rang faible à l’aide des mesures d’un modèle statistique lié à ce tenseur. La décomposition d’un tenseur symétrique vient de la décomposition en valeurs singulières des matrices de Hankel multi-variées tronquées associées au tenseur. On exploite des propriétés de la structure des matrices de multiplication associée à l’algèbre quotient ‘’de Gorenstein” liée au tenseur afin de calculer les poids et les points de la décomposition. L’estimation des paramètres d’un modèle à travers les moments d’une base de données statistique en utilisant la décomposition en valeurs singulières est à la fois un outil numérique efficace et optimal.
L’identification des paramètres d’un modèle statistique à travers des moments du tenseur associé exige la résolution d’un système d’équations polynomiales multi-variées. Dans cette présentation, on remplace la résolution de ce système par l’étude de la structure de l’algèbre quotient associée au dual du tenseur. Alors, les calculs des paramètres du modèle peuvent être obtenus par l’extraction des valeurs réelles des points et des poids la décomposition aussi que leur nombre. Ceci impose la décomposition affine minimale du tenseur multilinéaire associé au modèle en une somme pondérée des formes linéaires associées à ses paramètres et donc la décomposition de son dual en une somme pondérée d’évaluations. La décomposition du dual de tenseur est obtenue à travers la décomposition en valeurs singulières des matrices de Hankel multi-variées tronquées associées au tenseur. Le calcul du nombre des termes dans …",mathématiques,0.4
,,"Résolution rapide d’un systeme de Toeplitz bande par blocs Toeplitz bandes
H Khalil
Related articles",,,https://www.researchgate.net/profile/Houssam-Khalil/publication/29609915_Fast_solver_for_band_Toeplitz-block-band_Toeplitz_system/links/541c08ad0cf2218008c4e299/Fast-solver-for-band-Toeplitz-block-band-Toeplitz-system.pdf,,,,,Mathématiques,,houssam khalil,,,Résolution rapide d’un systeme de Toeplitz bande par blocs Toeplitz bandes,,,,https://scholar.google.com/citations?view_op=view_citation&hl=en&user=yrnt3uUAAAAJ&cstart=20&pagesize=80&citation_for_view=yrnt3uUAAAAJ:Y0pCki6q_DkC,,,Houssam Khalil,"Soit T une matrice de Toeplitz par blocs de Toeplitza coefficients dans un corps K et de taille N. On suppose qu’elle est formée de m blocs de taille n× n; de plus elle est bande par blocs, c’esta dire qu’en dehors des 2k1+ 1 diagonales par blocs centrales les blocs sont nuls; les blocs eux-même sont bande: en dehors des 2k2+ 1 diagonales centrales, les éléments des blocs sont nuls. On donne dans ce papier trois méthodes de résolution rapide, en O (N3/2), pour résoudre le systeme linéaire. Ces méthodes sont plus rapides que les méthodes associées aux matrices creuses. On donne aussi une statistique qui montre que la matrice T devient de plus en plus mal conditionnée quand les largeures des bandes décroissent. Cette remarque n’est pas vrai pour le cas d’une matrice de Toeplitz sclaire.",mathématiques,0.4
