Book,Conference,Scholar articles,Publication date,Volume,PDF Link,Patent office,Report number,Source,Pages,Research Interests,Total citations,Researcher Name,Inventors,Patent number,Title,Institution,Journal,Application number,Scholar Link,Issue,Publisher,Authors,Description
,,"Evaluation of rate adaptation algorithms in IEEE 802.11 networks
I Sammour, G Chalhoub - Electronics, 2020
Cited by 36 Related articles All 11 versions",2020/9/3,9,https://www.mdpi.com/2079-9292/9/9/1436,,,,1436,,Cited by 36,Ibrahim Sammour,,,Evaluation of rate adaptation algorithms in IEEE 802.11 networks,,Electronics,,https://scholar.google.com/citations?view_op=view_citation&hl=en&user=8JOcXggAAAAJ&citation_for_view=8JOcXggAAAAJ:d1gkVwhDpl0C,9,MDPI,"Ibrahim Sammour, Gerard Chalhoub","Wireless technologies are being used in various applications for their ease of deployment and inherent capabilities to support mobility. Most wireless standards supports multiple data rates that may vary between few Mbps to few Gbps. Reaching the maximum supported data rate is what most application seek for. Nevertheless, the choice of data rates is very closely related to the quality of communication links and their stability. IEEE 802.11 standard introduced multi-rate support, since then, a lot of research has been done on rate adaptation, dealing with the different parameters that lead to an estimation of the channel conditions and the metrics that affect the network performance. In this paper, we present some of the popular rate adaptation schemes and summarize their characteristics. We categorize them as well into different categories according to their design and functionalities in terms of the strategies that are used to estimate channel conditions and decision making. We implemented some algorithms from the different categories in the network simulator NS-3 in order to evaluate their performance under different scenarios in Ad hoc and infrastructure modes. We present the lessons learned as well as our insights for future research work that can enhance the current approaches in the literature."
,,"A survey on how network simulators serve reinforcement learning in wireless networks
S Ergun, I Sammour, G Chalhoub - Computer Networks, 2023
Cited by 19 Related articles All 3 versions",2023/10/1,234,,,,Computer Networks,109934,,Cited by 19,Ibrahim Sammour,,,A survey on how network simulators serve reinforcement learning in wireless networks,,,,https://scholar.google.com/citations?view_op=view_citation&hl=en&user=8JOcXggAAAAJ&citation_for_view=8JOcXggAAAAJ:u5HHmVD_uO8C,,Elsevier,"Serap Ergun, Ibrahim Sammour, Gerard Chalhoub","Rapid adoption of mobile devices, coupled with the increase in prominence of mobile applications and services, resulted in unprecedented infrastructure requirements for mobile and wireless networks. To improve user experience, future 5G and wireless network systems evolve to support increased mobile traffic, real-time precision analysis, and adaptable network resource management. As mobile environments become more complex, heterogeneous, and evolving, these tasks become more difficult. In order to solve these problems, many researchers rely on reinforcement learning. The success of reinforcement learning stems from its support for new and powerful tools that solve problems. Nodes mobility, instability of wireless connections, the coexistence of multiple wireless technologies, and resource sharing among users are a few examples of what makes a wireless network a dynamic system. Learning, which …"
,,"LambdAgrIoT: a new architecture for agricultural autonomous robots’ scheduling: from design to experiments
G André, B Bachelet, P Battistoni, A Belhassena… - Cluster Computing, 2023
Cited by 12 Related articles All 6 versions",2023/10,26,,,,,2993-3015,,Cited by 12,Ibrahim Sammour,,,LambdAgrIoT: a new architecture for agricultural autonomous robots’ scheduling: from design to experiments,,Cluster Computing,,https://scholar.google.com/citations?view_op=view_citation&hl=en&user=8JOcXggAAAAJ&citation_for_view=8JOcXggAAAAJ:u-x6o8ySG0sC,5,Springer US,"Geraldine André, Bruno Bachelet, Pietro Battistoni, Amina Belhassena, Sandro Bimonte, Christophe Cariou, Frederic Chabot, Gerard Chalhoub, Adrian Couvent, Georgia Garani, Jean Laneurit, Rim Moussa, Konstantinos Oikonomou, Ibrahim Sammour, Monica Sebillo, Mateus Vilela Souza, Nicolas Tricot, Robert Wrembel","The usage of IoT and robots is more and more present in smart farming, and in particular in agro-ecology since robots are able to provide smart practices and avoid repetitive human tasks. However, these new technologies rise several research issues, which are strongly inter-related, about Farm Management Information System, such as robots’ programming, sensor data capture, management and processing at different layers of the IoT ecosystem. In particular, scheduling the tasks of different autonomous agricultural robots needs for a complex architecture that support at the same time real-time monitoring of robots and analysis of their historical data (Belhassena et al., Towards an architecture for agricultural autonomous robots’ scheduling. In: 2021 IEEE 25th international enterprise distributed object computing workshop (EDOCW), 2021. IEEE Computer Society, Los Alamitos, pp 194–203, 2021, https://doi.org/10 …"
,2022 IEEE 96th Vehicular Technology Conference (VTC2022-Fall),"Application-level data rate adaptation in Wi-Fi networks using deep reinforcement learning
I Sammour, G Chalhoub - 2022 IEEE 96th Vehicular Technology Conference …, 2022
Cited by 6 Related articles All 4 versions",2022/9/26,,https://hal.science/hal-04071129v1/file/DRL_Wi_Fi_VTC_2022%20%288%29.pdf,,,,1-7,,Cited by 6,Ibrahim Sammour,,,Application-level data rate adaptation in Wi-Fi networks using deep reinforcement learning,,,,https://scholar.google.com/citations?view_op=view_citation&hl=en&user=8JOcXggAAAAJ&citation_for_view=8JOcXggAAAAJ:2osOgNQ5qMEC,,IEEE,"Ibrahim Sammour, Gerard Chalhoub","Wireless technologies are used in almost every application domain. They are easy to deploy and some of them offer high data rates. Modern applications require more bandwidth to cope with the growing quality of network content (i.e. multimedia). The increasing demand for network capacity in terms of bandwidth and the growing number of users are causing densification in the deployed networks. Most wireless technologies, such as Wi-Fi, suffer from deterioration of Quality of Experience (QoE) in dense deployments. To overcome this problem, one of the techniques that can be used is data rate adaptation depending on the state of the network. In this paper, we propose a Deep Reinforcement Learning (DRL) approach for decentralized application-level data rate adaptation in dense Wi-Fi networks. We present the training procedure of the DRL model using NS-3 simulator and TensorFlow. The model is then …"
,2024 International Wireless Communications and Mobile Computing (IWCMC),"Intelligent CSMA/CA for Wi-Fi networks
I Sammour, G Chalhoub, O Habachi - 2024 International Wireless Communications and …, 2024
Cited by 3 Related articles All 2 versions",2024/5/27,,,,,,798-803,,Cited by 3,Ibrahim Sammour,,,Intelligent CSMA/CA for Wi-Fi networks,,,,https://scholar.google.com/citations?view_op=view_citation&hl=en&user=8JOcXggAAAAJ&citation_for_view=8JOcXggAAAAJ:UeHWp8X0CEIC,,IEEE,"Ibrahim Sammour, Gerard Chalhoub, Oussama Habachi","Wireless communications have become essential to modern life. They allow user to stay connected to their applications while supporting their mobility requirements. Wi-Fi equipped devices are getting increasingly widespread, and high-bandwidth applications like video streaming are becoming more critical in many areas. Thus, many performance challenges and issues have emerged in the past decades. Carrier Sense Multiple Access with Collision Avoidance (CSMA/CA) is a Wi-Fi multiple access control method used to manage access to the channel and to mitigate collisions. However, it suffers from performance degradation when the density of Wi-Fi nodes or the offered load increase. The random behavior of CSMA/CA is one of the reasons behind the performance degradation. In this paper, we propose a Deep Reinforcement Learning (DRL) mechanism, Intelligent CSMA/CA (ICSMA/CA), to dynamically adapt …"
,,"Capacity aware Wi-Fi networks deployment
I Sammour, G Chalhoub, G De Sousa - Annals of Telecommunications, 2024
Cited by 1 Related articles All 3 versions",2024/6,79,,,,,361-379,,Cited by 1,Ibrahim Sammour,,,Capacity aware Wi-Fi networks deployment,,Annals of Telecommunications,,https://scholar.google.com/citations?view_op=view_citation&hl=en&user=8JOcXggAAAAJ&citation_for_view=8JOcXggAAAAJ:9yKSN-GCB0IC,5,Springer International Publishing,"Ibrahim Sammour, Gerard Chalhoub, Gil De Sousa","Wireless technologies are used in almost every application domain. Applications have different requirements in terms of quality of service and network performance. When designing a wireless network, it is important to know the expected performance of the system. Including the application needs in the design of the network would help achieve the required performance. This paper focuses on the high throughput required for a Smart Farming use case. Multiple-Input Multiple-Output (MIMO) technology had greatly boosted the performance of wireless networks by introducing beamforming, which provides many benefits allowing wider coverage and better data rates. We propose a capacity-aware coverage study for Wi-Fi networks deployment in rural areas. We make our coverage estimations based on link budget calculations. We compare different deployment strategies and discuss the added value of beamforming …"
,,"Performance Enhancement in Wi-Fi Networks using Machine Learning
I Sammour - 2023
Cited by 1 Related articles All 6 versions",2023/6/27,,https://theses.hal.science/tel-04393773/document,,,,,,Cited by 1,Ibrahim Sammour,,,Performance Enhancement in Wi-Fi Networks using Machine Learning,Université Clermont Auvergne,,,https://scholar.google.com/citations?view_op=view_citation&hl=en&user=8JOcXggAAAAJ&citation_for_view=8JOcXggAAAAJ:qjMakFHDy7sC,,,Ibrahim Sammour,"Wireless technologies are used in various applications due to their ease of deployment and inherent capabilities to support mobility. Wi-Fi is one of the popular wireless technologies. The rapid growth of Wi-Fi networks, the increasing demand for network capacity in terms of bandwidth, and the growing number of users cause the densification of deployed networks. Wi-Fi networks suffer from deterioration of the Quality of Experience (QoE) in dense deployments. This thesis examines different ways to improve the performance of Wi-Fi networks. It focuses, on one hand, on the deployment of Wi-Fi networks, taking into account the capacity of the technology and the needs of the application, and on the other hand, on reinforcement learning-based approaches for adapting the amount of transmitted data and improving the CSMA/CA protocol.As part of this thesis, we first analyze existing rate adaptation algorithms and their impact on the performance of Wi-Fi networks. Then, we study the best practices for deploying these networks within the context of smart farming, including the number of required access points and their location to maximize coverage and performance in a remote monitoring and control application for mobile agricultural robots. The deployment technique leverages Wi-Fi features such as beamforming. In the second part, we exploit reinforcement learning mechanisms to dynamically adapt application profiles based on network conditions and user requirements. Finally, we exploit RL mechanisms to improve the CSMA/CA protocol by adapting the backoff duration to the network state.Through simulation results, we demonstrate that taking …"
