Book,Conference,Scholar articles,Publication date,Volume,PDF Link,Patent office,Report number,Source,Pages,Research Interests,Total citations,Researcher Name,Inventors,Patent number,Title,Institution,Journal,Application number,Scholar Link,Issue,Publisher,Authors,Description,Classified_Topic,Classification_Confidence
,,"Construction and Validation of Textbook Analysis Grids for Ecology and Environmental Education.
S Caravita, A Valente, D Luzi, P Pace, N Valanides… - Science Education International, 2008
Cited by 103 Related articles All 4 versions",2008/6,19.0,https://files.eric.ed.gov/fulltext/EJ890627.pdf,,,,97-116,Teaching / Learning at university Level,Cited by 103,Iman Khalil,,,Construction and Validation of Textbook Analysis Grids for Ecology and Environmental Education.,,Science Education International,,https://scholar.google.com/citations?view_op=view_citation&hl=en&user=c3pnVcUAAAAJ&citation_for_view=c3pnVcUAAAAJ:Se3iqnhoufwC,2,"International Council of Associations for Science Education. Dokuz Eylul University Faculty of Education, Buca, Izmir 35150, Turkey","Silvia Caravita, Adriana Valente, Daniela Luzi, Paul Pace, Nicos Valanides, Iman Khalil, Guillemette Berthou, Adrienne Kozan-Naumescu, Pierre Clement","Knowledge about ecology and environmental education (EE) constitutes a basic tool for promoting a sustainable future, and was a target area of the BIOHEAD-Citizen Project. School textbooks were considered as representative sources of evidence in terms of ecology and environmental education, and were used for comparison among the countries participating in BIOHEAD-Citizen Project. The main goal of the analysis was to highlight the implicit and explicit values conveyed both by images and text in the respective textbooks from each country. This paper presents the theoretical background that guided the process of designing and development of several grids that were then used for analyzing samples of textbooks from 19 different countries. The paper also provides brief information indicating how EE is contextualized within each participating country's curriculum. (Contains 4 tables.)",teaching / learning at university level,0.2
,,"Anthropocentrées, écolocentrées ou sentimentocentrées: Les conceptions d'enseignants et futurs enseignants libanais sur la nature et l’environnement
I Khalil, P Clément, C Laurent - Feuilles Libanaises (Ligue des Professeurs de l' …, 2007
Cited by 14 Related articles",2007,29.0,,,,,67-92,Teaching / Learning at university Level,Cited by 14,Iman Khalil,,,"Anthropocentrées, écolocentrées ou sentimentocentrées: Les conceptions d'enseignants et futurs enseignants libanais sur la nature et l’environnement",,Feuilles Libanaises (Ligue des Professeurs de l'Université Libanaise),,https://scholar.google.com/citations?view_op=view_citation&hl=en&user=c3pnVcUAAAAJ&citation_for_view=c3pnVcUAAAAJ:Zph67rFs4hoC,,,"I Khalil, P Clément, C Laurent",,teaching / learning at university level,0.133
,,"Écologie et éducation à l’environnement: les styles pédagogiques dans les manuels scolaires de 4 pays francophones
M Abrougui, S Abdelli, G Berthou, I Khalil, R Youssef… - Actes de l'IOST, Analyse critique des manuels de …, 2007
Cited by 12 Related articles",2007/2,,,,,,,Teaching / Learning at university Level,Cited by 12,Iman Khalil,,,Écologie et éducation à l’environnement: les styles pédagogiques dans les manuels scolaires de 4 pays francophones,,"Actes de l’IOST, Analyse critique des manuels de sciences",,https://scholar.google.com/citations?view_op=view_citation&hl=en&user=c3pnVcUAAAAJ&citation_for_view=c3pnVcUAAAAJ:qjMakFHDy7sC,,,"M Abrougui, S Abdelli, G Berthou, I Khalil, R Youssef, A Alaya, M Hadj Ameur, L Mouelhi, B Agorram, S Selmauoi, T El Abboudi, S Khzami",,teaching / learning at university level,0.133
,,"Selon qu'ils sont francophones, anglophones ou arabophones, les (futurs) enseignants libanais ont-ils des conceptions différentes sur des questions vives à enseigner
I Khalil, F Munoz, P Clément - Colloque ARDIST, 17-19 octobre 2007, 2007
Cited by 9 Related articles All 2 versions",2007/10,,http://search.shamaa.org/PDF/Books/FC/ARDIST/2007_khalili_118369_169-176_fre_authsub.pdf,,,,,Teaching / Learning at university Level,Cited by 9,Iman Khalil,,,"Selon qu'ils sont francophones, anglophones ou arabophones, les (futurs) enseignants libanais ont-ils des conceptions différentes sur des questions vives à enseigner",,"Colloque ARDIST, 17-19 octobre 2007",,https://scholar.google.com/citations?view_op=view_citation&hl=en&user=c3pnVcUAAAAJ&citation_for_view=c3pnVcUAAAAJ:LkGwnXOMwfcC,,,"Iman Khalil, François Munoz, Pierre Clément","L'enseignement de la Biologie comporte des thèmes qui peuvent être au cœur de vifs débats dans la société: l’Évolution, le déterminisme génétiques, l'Environnement, la Santé et la et sexualité humaine. Leur introduction ou leur développement dans l’enseignement libanais se heurte à des difficultés importantes car cette société est multiconfessionnelle et une partie importante des enseignements scientifiques est effectuée en français et parfois en anglais, bien que la langue officielle soit l'arabe. Notre étude tente d'identifier les interactions entre connaissances et systèmes de valeurs chez des enseignants et futurs enseignants libanais, qu'ils soient francophones, anglophones ou arabophones, concernant ces thèmes et leur enseignement.",teaching / learning at university level,0.267
,,"Interactions between digital resources and Biology teachers' Conceptions about genetic determinism: a case study of two Lebanese teachers
E Shaaban, I Khalil, L Trouche - International Journal of Science and Research, 2015
Cited by 7 Related articles All 5 versions",2015,4.0,https://hal.science/hal-01539516/document,,,,1190-1200,Teaching / Learning at university Level,Cited by 7,Iman Khalil,,,Interactions between digital resources and Biology teachers' Conceptions about genetic determinism: a case study of two Lebanese teachers,,International Journal of Science and Research,,https://scholar.google.com/citations?view_op=view_citation&hl=en&user=c3pnVcUAAAAJ&citation_for_view=c3pnVcUAAAAJ:IjCSPb-OGe4C,10,,"Eman Shaaban, Iman Khalil, Luc Trouche","In this study teachers' conceptions were analyzed as KVP interactions(K: knowledge; V: values; P: practices) during their documentary work. The persistent follow-up for two successive years of the documentary work of two Lebanese biology teachers, Tania and Maya, allowed the identification of the critical resources and critical situations related to their preparation/teaching practices of genetic determinism of phenotype. The analysis of these critical resources and the output of critical situations according to a specific grid allowed us to infer teachers' conceptions about genetic determinism. The results showed that the updated scientific knowledge of Tania (K) due to her constant interactions with updated resources including digital resources, the social practices (P) of her school implementing updated French textbooks illustrating the environmental influence on gene expression in addition to collective and collaborative work among teachers and with the coordinator reinforced her epigenetics' conception. While in the case of Maya the interaction with digital resources caused an evolution of her documentary work (P), in addition to an evolution in her scientific knowledge (K) leading to a non-stabilized evolution of her conceptions from hereditarianism to epigenetics. This study has important implications on teachers' preparation and training programs.",teaching / learning at university level,0.27
,,"Diversity of teachers’ conceptions related to environment and human rights. A survey in 24 countries
P Clément, S Caravita, F Khammar, GS Carvalho… - 2012
Cited by 6 Related articles All 13 versions",2012,,https://repositorium.sdum.uminho.pt/bitstream/1822/19469/1/Teachers-24countries.pdf,,,,,Teaching / Learning at university Level,Cited by 6,Iman Khalil,,,Diversity of teachers’ conceptions related to environment and human rights. A survey in 24 countries,,,,https://scholar.google.com/citations?view_op=view_citation&hl=en&user=c3pnVcUAAAAJ&citation_for_view=c3pnVcUAAAAJ:2osOgNQ5qMEC,,European Science Education Research Association (ESERA),"Pierre Clément, Silvia Caravita, F Khammar, Graça Simões de Carvalho, F Quinn, G Lopes, S Paloma, I Béré-Yoda, L Ntam Nchia, N Valanides, K Pata, Tago Sarapuu, AL Rauma, Charline Laurent, J Castéra, Franz Bogner, A Varga, A Valente, I Khalil, J Turcinaviciene, P Pace, S Selmaoui, E Samonek-Miciuk, A Kozan, MS Thiaw, J Stanisavljevic, Mondher Abrougui","The environmental, social and economical dimensions of ESD include human rights as equality of all the human beings independently to their gender, ethnic group, religion or sexual orientation. To analyse teachers’ conceptions on environment and on human rights, and to identify eventual links between them and with controlled parameters, a large survey has been done in 24 countries (8 749 teachers). The data are submitted to multivariate analyses. In the less developed countries, the teachers’ conceptions are more anthropocentric, less awareness of the problem of the limit of resources in our planet, and less reticent to use GMO (genetically modified organisms). These teachers are more believing in God, more practicing religion, more for “a strong central power”, “against the separation between science and religion”. The priority of ESD in these countries is poverty and development, while it is to avoid wasting and excessive consumption in the most developed countries. The teachers with the most anthropocentric conceptions more agree with these propositions: “It is for biological reasons that women more often than men take care of housekeeping” and “Ethnic groups are genetically different and that is why some are superior to others”, and more disagree with: “Homosexual couples should have the same rights as heterosexual couples”. These points illustrate that some socio-cultural traditions can differ from values of ESD (the universal human rights).",teaching / learning at university level,0.2
,,"Design and construction of the EEE grids
S Caravita, G Berthou, P Pace, I Khalil, A Kozan, K Pata… - Science Education International, 2008
Cited by 6 Related articles",2008,19.0,,,,,97-116,Teaching / Learning at university Level,Cited by 6,Iman Khalil,,,Design and construction of the EEE grids,,Science Education International,,https://scholar.google.com/citations?view_op=view_citation&hl=en&user=c3pnVcUAAAAJ&citation_for_view=c3pnVcUAAAAJ:W7OEmFMy1HYC,2,,"S Caravita, G Berthou, P Pace, I Khalil, A Kozan, K Pata, M Abrougui",,Unclassified,0.0
,,"Rôle des pouvoirs sociopolitiques et religieux au Liban dans la suppression du chapitre de la reproduction humaine du manuel de biologie de la classe EB8
A Yammine, I Khalil, P Clément - Meeting IOSTE"" Critical analysis of science textbooks, 2007
Cited by 6 Related articles",2007/2,,,,,,7-10,Teaching / Learning at university Level,Cited by 6,Iman Khalil,,,Rôle des pouvoirs sociopolitiques et religieux au Liban dans la suppression du chapitre de la reproduction humaine du manuel de biologie de la classe EB8,,"Meeting IOSTE"" Critical analysis of science textbooks",,https://scholar.google.com/citations?view_op=view_citation&hl=en&user=c3pnVcUAAAAJ&citation_for_view=c3pnVcUAAAAJ:YsMSGLbcyi4C,,,"A Yammine, I Khalil, P Clément",,teaching / learning at university level,0.2
,,"Biologie, santé et environnement: les conceptions des (futurs) enseignants libanais de biologie et d’arabe varient en fonction de leur religion
I Khalil, F Munoz, P Clément - Actes du congrès AREF. Strasbourg, France (online), 2007
Cited by 5 Related articles All 4 versions",2007/8,,http://search.shamaa.org/PDF/Books/FC/AREF/2007_khalili_118386_001-011_fre_authsub.pdf,,,,,Teaching / Learning at university Level,Cited by 5,Iman Khalil,,,"Biologie, santé et environnement: les conceptions des (futurs) enseignants libanais de biologie et d’arabe varient en fonction de leur religion",,"Actes du congrès AREF. Strasbourg, France (online)",,https://scholar.google.com/citations?view_op=view_citation&hl=en&user=c3pnVcUAAAAJ&citation_for_view=c3pnVcUAAAAJ:roLk4NBRz8UC,,,"Iman Khalil, François Munoz, Pierre Clément","Nous étudions au Liban, sur la base du questionnaire Biohead-Citizen, les conceptions d'enseignants et futurs enseignants de biologie et d’arabe sur des questions de santé, environnement et biologie. Une Analyse en Composantes Principales Orthogonale sur Variables Instrumentales permet d’évaluer les variations de conceptions en fonction de la religion indépendamment des différences associées à la discipline enseignée et à la langue. Ces conceptions se structurent selon un pôle musulman créationniste, anthropocentré, non ouvert à l’éducation à la sexualité, et un pôle chrétien évolutionniste, écolocentré, ouvert à l’éducation à la sexualité. Dans un pays multiconfessionnel comme le Liban, de telles différences de conceptions des enseignants, liées à leur religion mais relatives aux contenus d'enseignement sur la santé, l'environnement et la biologie, doit nous interroger sur l’homogénéité de la formation …",teaching / learning at university level,0.267
,,"Différenciation, en fonction des cinq régions du Liban, des conceptions d'enseignants d’arabe et de biologie sur des questions vives
I Khalil, F El Hage, P Clément - Feuilles Universitaires-Ligue des professeurs de l' …, 2007
Cited by 4 Related articles All 2 versions",2007,,http://search.shamaa.org/PDF/Articles/LbFu/FuNo30Y2008/fu_2008-n30-p16_085-107_fre_authsub.pdf,,,,85-108,Teaching / Learning at university Level,Cited by 4,Iman Khalil,,,"Différenciation, en fonction des cinq régions du Liban, des conceptions d'enseignants d’arabe et de biologie sur des questions vives",,Feuilles Universitaires-Ligue des professeurs de l’université libanaise,,https://scholar.google.com/citations?view_op=view_citation&hl=en&user=c3pnVcUAAAAJ&citation_for_view=c3pnVcUAAAAJ:4TOpqqG69KYC,,,"Iman Khalil, Fadi El Hage, Pierre Clément","Ce travail fait partie d’un projet européen Biohead-Citizen (Biology, Health and Environmental Education for better Citizenship) qui cherche à analyser d'une part le contenu des manuels scolaires, et d'autre part les conceptions d'enseignants dans les 19 pays participants, sur des thèmes qui constituent souvent des questions vives: Éducation à l’Environnement, Éducation à la Santé, Évolution et origines de l'homme, Cerveau humain, Génétique humaine, Sexualité et Reproduction Humaines.
Au Liban, nous avons choisi d’étudier, à l’aide d’un questionnaire, les conceptions d'enseignants d'arabe et de biologie à propos de ces 6 thèmes dans les cinq régions du Liban: le Nord, le Sud, le Mont Liban, Beyrouth et la Bekaa. Nos études récentes sur le même échantillon et à partir du même questionnaire ont montré une différenciation des conceptions des personnes interrogées en fonction de leur religion (Khalil et al …",teaching / learning at university level,0.267
,,"Travail documentaire des enseignants de biologie au Liban et son interaction avec leurs conceptions sur le déterminisme génétique
I Khalil, E Shaaban, L Trouche - RDST. Recherches en didactique des sciences et des …, 2016
Cited by 3 Related articles All 4 versions",2016/10/24,,https://journals.openedition.org/rdst/1370,,,,251-278,Teaching / Learning at university Level,Cited by 3,Iman Khalil,,,Travail documentaire des enseignants de biologie au Liban et son interaction avec leurs conceptions sur le déterminisme génétique,,RDST. Recherches en didactique des sciences et des technologies,,https://scholar.google.com/citations?view_op=view_citation&hl=en&user=c3pnVcUAAAAJ&citation_for_view=c3pnVcUAAAAJ:5nxA0vEk-isC,13,Éditions de l’École normale supérieure de Lyon,"Iman Khalil, Eman Shaaban, Luc Trouche","Cette étude articule deux cadres théoriques afin d’identifier leurs possibles interactions : l’approche documentaire pour analyser le travail documentaire des enseignants, et le modèle KVP pour étudier leurs conceptions sur le déterminisme génétique. Notre méthodologie a permis la définition de ressources et situations critiques susceptibles d’inférer ces conceptions. Les résultats montrent que les conceptions des deux enseignantes sélectionnées régiraient leur choix de ressources, et que les ressources (numériques) pouvaient agir sur leurs conceptions. Ainsi, l’enseignante de l’école publique, qui a des connaissances dépassées (K) sur le déterminisme génétique qui refléteraient ses valeurs innéistes (V), a choisi dans sa pratique (P) deux ressources appliquant le modèle héréditariste, le manuel de biologie libanais de 1re S (ressource critique mobilisée et implémentée) et un diaporama (ressource critique élaborée et implémentée). Cependant, ses interactions avec les ressources numériques ont permis un début d’évolution, non stabilisée, dans ses conceptions vers l’épigénétique. L’enseignante de l’école privée, avec un système de ressources dynamique et des connaissances actualisées (K) qui refléteraient ses valeurs (V) moins innéistes, accorde une place centrale dans sa pratique (P) à son archive numérique mise à jour en permanence, et à une ressource critique mobilisée et implémentée (le manuel de biologie Bordas de 1re S) appliquant le modèle épigénétique.",teaching / learning at university level,0.267
,,"Analyse des conceptions de (futurs) enseignants libanais sur l'Éducation a l'Environnement, et de leurs variations en fonction de la langue et de la matière enseignée
I KHALIL - Actas do Colóquio Enjeux de la renovation de l' …, 2008
Cited by 3 Related articles All 2 versions",2008,,https://search.shamaa.org/PDF/Books/Ua/SenghorUni/2008_khalili_118389_001-015_fre_authsub.pdf,,,,,Teaching / Learning at university Level,Cited by 3,Iman Khalil,,,"Analyse des conceptions de (futurs) enseignants libanais sur l'Éducation a l'Environnement, et de leurs variations en fonction de la langue et de la matière enseignée",,"Actas do Colóquio Enjeux de la renovation de l'education a l'environnement et de l'enseignement de la biologie, Alexandria: Université Senghor",,https://scholar.google.com/citations?view_op=view_citation&hl=en&user=c3pnVcUAAAAJ&citation_for_view=c3pnVcUAAAAJ:eQOLeE2rZwMC,,,Iman KHALIL,"Nous avons cherché à identifier, à l‟ aide d‟ un questionnaire, les divers types de valeurs qui structurent les conceptions de 722 (futurs) enseignants du primaire (sciences et arabe) et du secondaire (biologie et arabe) sur l'Éducation à l‟ Environnement (EE) au Liban. Une analyse hiérarchique suivie d‟ une analyse interclasse permet de mettre en évidence trois systèmes de valeurs: les écolocentrés, les sentimentocentrés et les anthropocentrés. Les premiers sont surtout présents chez les (futurs) enseignants de biologie, les derniers sont majoritaires chez les (futurs) enseignants d‟ arabe. Une analyse discriminante révèle des différences significatives au sein de l‟ échantillon en fonction de la matière enseignée, ainsi qu'en fonction de la langue du questionnaire (trois langues étaient possibles: arabe, français et anglais). Ces différences, dont la signification est discutée, méritent d'être prises en compte dans …",teaching / learning at university level,0.267
,ESERA 2011 Conference: Science Learning and Citizenship,"Sex Education in Lebanon and France
A Yammine, I Khalil, P Clement - ESERA 2011 Conference: Science Learning and …, 2011
Cited by 2 Related articles All 8 versions",2011,,https://hal.science/hal-01054224/document,,,,157-162,Teaching / Learning at university Level,Cited by 2,Iman Khalil,,,Sex Education in Lebanon and France,,,,https://scholar.google.com/citations?view_op=view_citation&hl=en&user=c3pnVcUAAAAJ&citation_for_view=c3pnVcUAAAAJ:ufrVoPGSRksC,,ESERA,"Assaad Yammine, Iman Khalil, Pierre Clement","This work is a comparison between France and Lebanon. It analyzes the conceptions of Lebanese and French teachers on issues concerning human sexuality and its education. Our goal is to highlight the different conceptions of teachers in both countries and to identify the parameters to which these differences are correlated. All the multivariate analyses conducted show two very different systems of conceptions, very significantly differentiating Lebanese teachers' conceptions of French teachers ones. French teachers, unlike their Lebanese colleagues, are more conducive to early learning topics related to sexuality to students between 6 and 15 years old depending on the subject. They are more likely to accept abortion and homosexuality, to focus on safer sex as an attitude that can reduce the spread of AIDS, and to consider that the teaching of STIs is not only the issue of biology teachers. The differences between Lebanon and France are not reducible to religion: each country has its own identity rooted in its specific geographical, historical, economic and cultural context.",teaching / learning at university level,0.207
,,"Teaching Research Methodology (TRM) and Supervising Research Work (SRW): conceptions, difficulties, and practices of lebanese university instructors
E Shaaban, A Yammine, I Khalil - International Journal of Research-GRANTHAALAYAH, 2021
Cited by 1 Related articles All 2 versions",2021,9.0,https://www.academia.edu/download/74670737/4342.pdf,,,,238-254,Teaching / Learning at university Level,Cited by 1,Iman Khalil,,,"Teaching Research Methodology (TRM) and Supervising Research Work (SRW): conceptions, difficulties, and practices of lebanese university instructors",,International Journal of Research-GRANTHAALAYAH,,https://scholar.google.com/citations?view_op=view_citation&hl=en&user=c3pnVcUAAAAJ&citation_for_view=c3pnVcUAAAAJ:_FxGoFyzp5QC,9,,"Eman Shaaban, Assaad Yammine, Iman Khalil","Research methodology is an essential subject in higher education, however, it is challenging to instructors because of the complexity of the course material. This study aims to highlight the conceptions, difficulties and practices of the Lebanese University research methodology instructors and research work supervisors. For this purpose, research experts constructed and validated a questionnaire. 81 instructors and/or supervisors voluntarily participated. Results showed diversification in conceptions of participants with respect to some common essential concepts within the framework of research methodology, this reflects the complexity of the content and can hinder teaching research methodology (TRM) as well as supervising research work (SRW). Moreover, the participants indicated that they face many difficulties during SRW. The majority of the instructors elaborate their own resources for teaching methodology, they implement student-centered teaching methods and variety of assessment methods allowing students to explore and practice methodology concepts. In addition, they update their knowledge and practices on their own by attending conferences, performing research, discussing with colleagues, and by reflecting on their practices. Thus, our findings imply the need to precise the competencies required for TRM and SRW, and to encourage instructors and supervisors to reflect on their practices and share their experiences.",teaching / learning at university level,0.207
,,"Resources, Working Environment and Style of Collaboration among Science Education Teaching Faculty at Lebanese Universities
C Jarjoura, I Khalil - International Journal of Science and Research (IJSR), 2016
Cited by 1 Related articles All 3 versions",2016,5.0,http://search.shamaa.org/PDF/Articles/FC/IIIjsr/IjsrVol5No12Y2016/ijsr_2016-v5-n12_365-371_eng_authsub.pdf,,,,365-371,Teaching / Learning at university Level,Cited by 1,Iman Khalil,,,"Resources, Working Environment and Style of Collaboration among Science Education Teaching Faculty at Lebanese Universities",,International Journal of Science and Research (IJSR),,https://scholar.google.com/citations?view_op=view_citation&hl=en&user=c3pnVcUAAAAJ&citation_for_view=c3pnVcUAAAAJ:kNdYIx-mwKoC,12,,"Christiane Jarjoura, Iman Khalil","This study aims at describing the style of collaboration among science education teaching faculty, the types of resources they use and their working environment. It has been conducted using a descriptive quantitative approach utilizing a questionnaire filled by thirty-eight out of forty-four full timers at the eight Lebanese universities with the highest percentage of students (60%). Even though teachers prefer to work collaboratively, results show little collaboration among them being restricted to exchanging resources once per month with their heads of department. Collaboration has been shown to increase when teachers are younger and when it is done within the same department. In addition, teachers mostly use online resources and perceive their working environment as one that fosters growth; however, they consider this growth dependent on human nature and on educational policies. These results imply that if …",teaching / learning at university level,0.208
,,"Health Knowledge, Attitudes, Beliefs and Practices Revealed from Focus Group Discussions on Tobacco Smoking among Lebanese and Palestinian School Children in Lebanon
H Fuddah, I Khalil, P Clément - International Journal of Science and Research (IJSR), 2015
Cited by 1 Related articles All 3 versions",2015/9,,https://search.shamaa.org/PDF/Articles/FC/IIIjsr/IjsrVol4No9Y2015/ijsr_2015-v4-n9_1136-1147_eng_authsub.pdf,,,,,Teaching / Learning at university Level,Cited by 1,Iman Khalil,,,"Health Knowledge, Attitudes, Beliefs and Practices Revealed from Focus Group Discussions on Tobacco Smoking among Lebanese and Palestinian School Children in Lebanon",,International Journal of Science and Research (IJSR),,https://scholar.google.com/citations?view_op=view_citation&hl=en&user=c3pnVcUAAAAJ&citation_for_view=c3pnVcUAAAAJ:3fE2CSJIrl8C,4-9,,"Hanin Fuddah, Iman Khalil, Pierre Clément","Through the analysis of focus groups, this research identified the students’ arguments based on knowledge, attitudes, beliefs, practices and social dimensions when discussing tobacco smoking health. Our analysis was based on the World Health Organization recent definitions of “comprehensive health education curriculum”. Two schools were selected in the same area, a Lebanese Public School and a Palestinian one, to test the hypothesis of possible differences between them, linked to eventual differences in their students’ health situations. A grid was established to record the arguments. The results were recorded in tables and then commented. The students’ arguments revealed the need to revise the national textbooks, and teachers to use interactive teaching methods that focus more on life skills, including the knowledge and social or psychological dimensions that strongly emerged during the focus groups.",teaching / learning at university level,0.137
,,"Images of twins and the notion of the genetic program in the school textbooks of biology: a comparative study held among 15 countries
J Castéra, P Clément, M Abrougui, F Aouina, I Khalil… - 2007
Cited by 1 Related articles All 9 versions",2007,,https://repositorium.sdum.uminho.pt/bitstream/1822/6374/1/IOSTE_HGenetics_Castera.pdf,,,,,Teaching / Learning at university Level,Cited by 1,Iman Khalil,,,Images of twins and the notion of the genetic program in the school textbooks of biology: a comparative study held among 15 countries,,,,https://scholar.google.com/citations?view_op=view_citation&hl=en&user=c3pnVcUAAAAJ&citation_for_view=c3pnVcUAAAAJ:ULOm3_A8WrAC,,International Organisation for Science and Technology Education (IOSTE),"Jérémy Castéra, Pierre Clément, Mondher Abrougui, Faouzi Aouina, Iman Khalil, Nada Yammine, Olympia Nisiforou, Jurga Turcinaviciene, Boujemaa Agorram, Taoufik Elabbouddi, Delfim Carvalho, Graça Simões de Carvalho","Genetic concepts have been strongly evolved during these last ten years, and have been found less connected to reductionist or hereditarist values. The aim of the specific research was to analyze and identify if the current school textbooks of biology ensue this progress, in the way the topic “human genetics” is taught in the textbooks of 15 different countries. Results show that the notion of the genetic program remained central in some countries, while it fades behind the notion of genetic information in some others. In addition, almost all the twins’ pictures demonstrate the following pattern: they are identically dressed and they have the same hairstyle, which gives evidence of a strong obstinacy of a determinist reductionist ideology.",teaching / learning at university level,0.2
,,"Vers un référentiel de compétences de l’enseignant chercheur en méthodologie et encadrement de recherche
I Khalil, S Hajj, A Yammine, E Sylvestre - Revue internationale de pédagogie de l'enseignement …, 2024
Related articles All 2 versions",2024/12/16,40.0,https://journals.openedition.org/ripes/5808,,,,,Teaching / Learning at university Level,,Iman Khalil,,,Vers un référentiel de compétences de l’enseignant chercheur en méthodologie et encadrement de recherche,,Revue internationale de pédagogie de l’enseignement supérieur,,https://scholar.google.com/citations?view_op=view_citation&hl=en&user=c3pnVcUAAAAJ&citation_for_view=c3pnVcUAAAAJ:M3ejUd6NZC8C,40 (2),Association internationale de pédagogie universitaire,"Iman Khalil, Sanaa Hajj, Assaad Yammine, Emmanuel Sylvestre","L'enseignement de la méthodologie de recherche à l'université est un défi pour les enseignants, en particulier lorsque l'université ne dispose pas d'un référentiel de compétences approprié. Six enseignants chercheurs de l'Université Libanaise et du Conservatoire National des Arts et Métiers du Liban, confrontés à des difficultés dans l'enseignement de la méthodologie et l'encadrement des recherches, se sont portés volontaires et ont créé une communauté de pratique dans un souci de développement professionnel et d’amélioration de leurs pratiques dans ce domaine. Cet article vise à élaborer un référentiel de compétences en méthodologie et en encadrement de recherche pour aider ces enseignants à résoudre leurs difficultés. Guidés par des experts du Centre de Soutien à l’Enseignement de l’Université de Lausanne, ces enseignants ont choisi de suivre individuellement une démarche de Scholarship of Teaching and Learning, et en tant que communauté de pratique, ils ont opté pour une réflexivité individuelle et collective sur leurs pratiques professionnelles, tout en s’appuyant sur des référentiels de compétences et des références relatives à la méthodologie de recherche. La validation du référentiel a été réalisée grâce à l'autoévaluation au sein de la communauté et à la validation par cinq spécialistes externes. Ce référentiel servira comme guide pour les enseignants et les encadreurs de recherche, il contribuera à la révision des programmes de formation dans les universités. Des recherches sur les retombées de l'application du référentiel sur l'acquisition des connaissances des étudiants et le développement des compétences des …",teaching / learning at university level,0.273
,,"The documentary work of biology teachers in Lebanon and its interaction with their conceptions about genetic determinism
I Khalil, E Shaaban, L Trouche - HAL, 2016
Related articles",2016,2016.0,,,,,,Teaching / Learning at university Level,,Iman Khalil,,,The documentary work of biology teachers in Lebanon and its interaction with their conceptions about genetic determinism,,HAL,,https://scholar.google.com/citations?view_op=view_citation&hl=en&user=c3pnVcUAAAAJ&citation_for_view=c3pnVcUAAAAJ:d1gkVwhDpl0C,,,"Iman Khalil, Eman Shaaban, Luc Trouche","Cette étude articule deux cadres théoriques afin d’identifier leurs possibles interactions: l’approche documentaire pour analyser le travail documentaire des enseignants, et le modèle KVP pour étudier leurs conceptions sur le déterminisme génétique. Notre méthodologie a permis la définition de ressources et situations critiques susceptibles d’inférer ces conceptions. Les résultats montrent que les conceptions des deux enseignantes sélectionnées régiraient leur choix de ressources, et que les ressources (numériques) pouvaient agir sur leurs conceptions. Ainsi, l’enseignante de l’école publique, qui a des connaissances dépassées (K) sur le déterminisme génétique qui refléteraient ses valeurs innéistes (V), a choisi dans sa pratique (P) deux ressources appliquant le modèle héréditariste, le manuel de biologie libanais de 1re S (ressource critique mobilisée et implémentée) et un diaporama (ressource critique élaborée et implémentée). Cependant, ses interactions avec les ressources numériques ont permis un début d’évolution, non stabilisée, dans ses conceptions vers l’épigénétique. L’enseignante de l’école privée, avec un système de ressources dynamique et des connaissances actualisées (K) qui refléteraient ses valeurs (V) moins innéistes, accorde une place centrale dans sa pratique (P) à son archive numérique mise à jour en permanence, et à une ressource critique mobilisée et implémentée (le manuel de biologie Bordas de 1re S) appliquant le modèle épigénétique.",teaching / learning at university level,0.267
,IOSTE (The International Organization for Science and Technology Education),"Is there an evolution, from 2005 to 2015, of the Lebanese pre-service teachers’ conceptions related to questions of biology, health and environment?
P Abou Tayeh, P Clement, J Castéra, I Khalil - IOSTE (The International Organization for Science and …, 2015
Related articles",2015,,,,,,,Teaching / Learning at university Level,,Iman Khalil,,,"Is there an evolution, from 2005 to 2015, of the Lebanese pre-service teachers’ conceptions related to questions of biology, health and environment?",,,,https://scholar.google.com/citations?view_op=view_citation&hl=en&user=c3pnVcUAAAAJ&citation_for_view=c3pnVcUAAAAJ:u-x6o8ySG0sC,,,"Paula Abou Tayeh, Pierre Clement, Jérémy Castéra, Iman Khalil","Is there an evolution, from 2005 to 2015, of the Lebanese pre-service teachers’ conceptions related to questions of biology, health and environment? - Archive ouverte HAL Accéder directement au contenu Documentation FR Français (FR) Anglais (EN) Se connecter HAL science ouverte Recherche Loading... Recherche avancée Information de documents Titres Titres Sous-titre Titre de l'ouvrage Titre du volume (Série) Champ de recherche par défaut (multicritères) + texte intégral des PDF Résumé Texte intégral indexé des documents PDF Mots-clés Type de document Sous-type de document Tous les identifiants du document Identifiant HAL du dépôt Langue du document (texte) Pays (Texte) Ville À paraître (true ou false) Ajouter Auteur Auteur (multicritères) Auteur (multicritères) Auteur : Nom complet Auteur : Nom de famille Auteur : Prénom Auteur : Complément de nom, deuxième prénom Auteur : Organisme …",teaching / learning at university level,0.267
,7èmes Rencontres de l'ARDIST,"L'Education à la Sexualité (ES) dans les établissements privés et publics au Liban
A Yammine, I Khalil, P Clement - 7èmes Rencontres de l'ARDIST, 2012
Related articles All 8 versions",2012/3/14,,https://hal.science/hal-01026108/document,,,,449-456,Teaching / Learning at university Level,,Iman Khalil,,,L'Education à la Sexualité (ES) dans les établissements privés et publics au Liban,,,,https://scholar.google.com/citations?view_op=view_citation&hl=en&user=c3pnVcUAAAAJ&cstart=20&pagesize=80&citation_for_view=c3pnVcUAAAAJ:UeHWp8X0CEIC,,,"Assaad Yammine, Iman Khalil, Pierre Clement","Ce travail concerne une facette de l'état des lieux sur l'implémentation de l'éducation à la sexualité (ES) dans divers types d'établissements scolaires libanais : privés religieux, privés non confessionnels et publics. Il présente les résultats d'une enquête dans plus d'une centaine d'établissements pour savoir dans lesquels l'enseignement de ce thème est ou non, ou plus ou moins, mis en œuvre, et pour analyser les caractéristiques de cet enseignement quand il existe (classes et matières concernées, thèmes abordés,...). Des directeurs, des coordonnateurs et des enseignants de 104 établissements répartis selon les diverses zones géographiques du Liban ont répondu à un questionnaire. L'ensemble des analyses a montré, selon les établissements, certaines convergences et une diversité, sans corrélation significative avec le statut de l'établissement, portant sur le degré d'implémentation de l'ES, sur les cadres et les personnes les plus appropriés pour la mettre en œuvre. Les points de vue aussi bien convergents, que divergents, peuvent participer aux difficultés d'implémentation de l'ES dans le cadre scolaire libanais.",teaching / learning at university level,0.267
,Science and Math Educators Conference (SMEC 13),"Etat des lieux de l'éducation à la sexualité dans les établissements privés et publics au Liban
A Yammine, I Khalil, P Clement - Science and Math Educators Conference (SMEC 13), 2011
Related articles All 6 versions",2011,,https://hal.science/hal-01026076v1/file/Yammine_et_al_SMEC_13.pdf,,,,9 pages,Teaching / Learning at university Level,,Iman Khalil,,,Etat des lieux de l'éducation à la sexualité dans les établissements privés et publics au Liban,,,,https://scholar.google.com/citations?view_op=view_citation&hl=en&user=c3pnVcUAAAAJ&cstart=20&pagesize=80&citation_for_view=c3pnVcUAAAAJ:UebtZRa9Y70C,,"American University of Beirut, Lebanon","Assaad Yammine, Iman Khalil, Pierre Clement","Ce travail tente de tracer un état des lieux de l'éducation à la sexualité dans les divers établissements scolaires libanais : privés religieux, privés non confessionnels et publics. Il présente les résultats d'une enquête dans plus d'une centaine d'établissements divers pour savoir dans lesquels l'enseignement de ce thème est ou non, ou plus ou moins, mis en œuvre, et pour analyser les caractéristiques de cet enseignement quand il existe (classes et matières concernées, thèmes abordés,...). Des directeurs, des coordonnateurs et des enseignants de 104 établissements libanais répartis selon les diverses zones géographiques du Liban ont répondu à un questionnaire. L'ensemble des analyses a montré, selon les établissements, une diversité qui porte sur le degré d'implémentation de l'ES, sur sa définition, sur les cadres et les personnes les plus appropriés pour la mettre en œuvre. Cette diversité sans corrélation significative avec le statut de l'établissement peut constituer un obstacle à l'implémentation de l'ES dans le cadre scolaire libanais.",teaching / learning at university level,0.267
,,"Research Sessions
A Yammine, I Khalil, P Clement - SMEC 13–CONFERENCE PROCEEDINGS, 2010
Related articles All 4 versions",2010/4/9,,https://citeseerx.ist.psu.edu/document?repid=rep1&type=pdf&doi=3a0fc1867cf1577538d7340a8a8349d68e9fd13d#page=9,,,,9,Teaching / Learning at university Level,,Iman Khalil,,,Research Sessions,,SMEC 13–CONFERENCE PROCEEDINGS,,https://scholar.google.com/citations?view_op=view_citation&hl=en&user=c3pnVcUAAAAJ&cstart=20&pagesize=80&citation_for_view=c3pnVcUAAAAJ:YOwf2qJgpHMC,,,"Assad Yammine, Iman Khalil, Pierre Clement","Ce travail tente de tracer un état des lieux de l’éducation à la sexualité dans les divers établissements scolaires libanais: privés religieux, privés non confessionnels et publics. Il présente les résultats d’une enquête dans plus d’une centaine d’établissements divers pour savoir dans lesquels l’enseignement de ce thème est ou non, ou plus ou moins, mis en œuvre, et pour analyser les caractéristiques de cet enseignement quand il existe (classes et matières concernées, thèmes abordés,…).
Des directeurs, des coordonnateurs et des enseignants de 104 établissements libanais répartis selon les diverses zones géographiques du Liban ont répondu à un questionnaire. L’ensemble des analyses a montré, selon les établissements, une diversité qui porte sur le degré d’implémentation de l’ES, sur sa définition, sur les cadres et les personnes les plus appropriés pour la mettre en œuvre. Cette diversité sans corrélation significative avec le statut de l’établissement peut constituer un obstacle à l’implémentation de l’ES dans le cadre scolaire libanais.",teaching / learning at university level,0.267
,Congrès AMSE.,"Comparaison et mise en évidence de systèmes de valeurs de 4 pays méditerranéens (France, Liban, Maroc et Tunisie) sur des thèmes relatifs à l'enseignement de la biologie, de la santé et de l'environnement
M Anissa, L Mouelhi, S Abdelli, A Alaya, MH Hameur… - Congrès AMSE., 2008
Related articles All 3 versions",2008,,,,,,,Teaching / Learning at university Level,,Iman Khalil,,,"Comparaison et mise en évidence de systèmes de valeurs de 4 pays méditerranéens (France, Liban, Maroc et Tunisie) sur des thèmes relatifs à l'enseignement de la biologie, de la …",,,,https://scholar.google.com/citations?view_op=view_citation&hl=en&user=c3pnVcUAAAAJ&cstart=20&pagesize=80&citation_for_view=c3pnVcUAAAAJ:9yKSN-GCB0IC,,,"M Anissa, L Mouelhi, S Abdelli, A Alaya, M Hadj Hameur, M Kochkar, I Khalil, F El Hage, S-E Khzami, S Selmaoui, P Clément, Dominique Berger","Comparaison et mise en évidence de systèmes de valeurs de 4 pays méditerranéens (France, Liban, Maroc et Tunisie) sur des thèmes relatifs à l'enseignement de la biologie, de la santé et de l'environnement - Université Clermont Auvergne Accéder directement au contenu Documentation FR Français (FR) Anglais (EN) Se connecter Portail HAL Clermont Auvergne Recherche Loading... Recherche avancée Information de documents Titres Titres Sous-titre Titre de l'ouvrage Titre du volume (Série) Champ de recherche par défaut (multicritères) + texte intégral des PDF Résumé Texte intégral indexé des documents PDF Mots-clés Type de document Sous-type de document Tous les identifiants du document Identifiant HAL du dépôt Langue du document (texte) Pays (Texte) Ville À paraître (true ou false) Ajouter Auteur Auteur (multicritères) Auteur (multicritères) Auteur : Nom complet Auteur : Nom de famille Auteur : …",teaching / learning at university level,0.267
,,"Do the images of neuronal pathways in the human central nervous system show or not feed-back?: a comparative study in 15 countries
P Clément, L Mouelhi, M Kochkar, MS Thiaw… - 2007
Related articles All 7 versions",2007,,https://repositorium.sdum.uminho.pt/bitstream/1822/6416/1/IOSTE_HBrain_Clement.pdf,,,,,Teaching / Learning at university Level,,Iman Khalil,,,Do the images of neuronal pathways in the human central nervous system show or not feed-back?: a comparative study in 15 countries,,,,https://scholar.google.com/citations?view_op=view_citation&hl=en&user=c3pnVcUAAAAJ&cstart=20&pagesize=80&citation_for_view=c3pnVcUAAAAJ:KlAtU1dfN6UC,,International Organisation for Science and Technology Education (IOSTE),"Pierre Clément, Lassaad Mouelhi, Mohamed Kochkar, Mame Seyni Thiaw, Valdiodio Ndniaye, Paula Jeanbart, Iman Khalil, Daniel Horvath, Cláudia Ferreira, Graça Simões de Carvalho","In the human brain, the neuronal pathways are networks (which support learning) and work with permanent regulations (feedbacks). However, less than ¼ of illustrations in the analysed school textbooks of 15 countries is showing such regulations. Half of them are concerning the neuro-hormonal control of the reproduction; some are related to the control of the heart rhythm or breathing. Only in some countries the double innervations (gamma and alpha) of striated muscle is taught, and only a few countries are illustrating the neuronal networks in the brain. Most of these teachings are strongly under the influence of behaviourism.",teaching / learning at university level,0.138
,,"Problèmes didactiques liés à l'enseignement des nouvelles biotechniques au niveau secondaire: cas de la culture in vitro en classe de seconde
I Khalil - 1995
Related articles",1995/1/1,,,,,,,Teaching / Learning at university Level,,Iman Khalil,,,Problèmes didactiques liés à l'enseignement des nouvelles biotechniques au niveau secondaire: cas de la culture in vitro en classe de seconde,Paris 7,,,https://scholar.google.com/citations?view_op=view_citation&hl=en&user=c3pnVcUAAAAJ&cstart=20&pagesize=80&citation_for_view=c3pnVcUAAAAJ:zYLM7Y9cAGgC,,,Iman Khalil,"Depuis 1980, les objectifs fixés a l'enseignement des sciences au niveau secondaire sont d'introduire des connaissances d'actualité en favorisant la méthode ""active"". A notre époque, les biotechniques occupent une place importance dans la société et les medias. De ce fait, la culture in vitro est enseignee depuis 1987 en classe de seconde sous forme de tp. Or, les professeurs, qui se plaignent d'un manque de formation dans ce domaine, ont constate que cet enseignement cree beaucoup de difficultés aux élèves. A l'aide des questionnaires nous avons repère certaines erreurs (par rapport a un référentiel scientifique), et nous avons identifie au moins deux origines possibles. D'abord, l'insuffisance, dans les programmes (collège et seconde) des preacquis nécessaires a l'assimilation des concepts de base de la culture in vitro (totipotentialite, différenciation. . . ). L'analyse des manuels de seconde (1987-1991) montre également l'absence d'un développement de ces concepts de base. La deuxième source vient de la complexité de la nature même de la matière enseignee (aspects théoriques et techniques). Afin d'aider les élèves a surmonter certaines difficultés, nous leurs avons propose un cours et un TP avec un développement des concepts de base de la culture in vitro et des explicitations au niveau de la cellule. L'évaluation qualitative de leurs connaissances après cette séquence montre que certains élèves ont mieux assimile quelques concepts. Cependant, des obstacles persistent, d'ou l'intérêt de poursuivre cette recherche et de l'élargir a d'autres niveaux ou la culture in vitro ou d'autres biotechniques (génie génétique) sont …",teaching / learning at university level,0.267
,,"ANTHROPOCENTREES, ECOLOCENTREES OU SENTIMENTOCENTREES: LES CONCEPTIONS D'ENSEIGNANTS ET FUTURS ENSEIGNANTS LIBANAIS SUR LA NATURE ET L’ENVIRONNEMENT.
I KHALIL, P CLEMENT, C LAURENT
Related articles All 2 versions",,,https://search.shamaa.org/PDF/Articles/LbFu/LbNo29Y2007/fu_2007-n29-p15_067-092_fre_authsub.pdf,,,,,Teaching / Learning at university Level,,Iman Khalil,,,"ANTHROPOCENTREES, ECOLOCENTREES OU SENTIMENTOCENTREES: LES CONCEPTIONS D'ENSEIGNANTS ET FUTURS ENSEIGNANTS LIBANAIS SUR LA NATURE ET L’ENVIRONNEMENT.",,,,https://scholar.google.com/citations?view_op=view_citation&hl=en&user=c3pnVcUAAAAJ&cstart=20&pagesize=80&citation_for_view=c3pnVcUAAAAJ:_kc_bZDykSQC,,,"Iman KHALIL, Pierre CLEMENT, Charline LAURENT","Introduite en 1998 dans les nouveaux programmes scolaires au Liban, l’Éducation à l’Environnement (EE) se propose notamment de faire évoluer les attitudes et les valeurs des élèves vis à vis de la nature et de l'environnement. Cependant, les valeurs explicitées dans les programmes ignorent la diversité des conceptions d’enseignants. Nous avons donc cherché à identifier, à l’aide d’un questionnaire, les divers types de valeurs qui structurent les conceptions d'enseignants et futurs enseignants chargés de l'EE dans l'enseignement secondaire libanais (Biologie, Géographie). Les réponses au questionnaire ont permis de définir, par des analyses multivariées trois types de systèmes de valeurs correspondant chacun à un groupe d’enseignants et futurs enseignants. Nous les avons nommés “anthropocentrés""(majoritaires chez les futurs enseignants),"" écolocentrés""(la moitié des enseignants de biologie), et"" …",teaching / learning at university level,0.267
,,"Sex Education in Lebanon and France
I Khalil, P Clément
Related articles All 2 versions",,,http://search.shamaa.org/PDF/Books/FC/ESERA/2011_khalili_118392_157-162_eng_authsub.pdf,,,,,Teaching / Learning at university Level,,Iman Khalil,,,Sex Education in Lebanon and France,,,,https://scholar.google.com/citations?view_op=view_citation&hl=en&user=c3pnVcUAAAAJ&cstart=20&pagesize=80&citation_for_view=c3pnVcUAAAAJ:MXK_kJrjxJIC,,,"Iman Khalil, Pierre Clément","This work is a comparison between France and Lebanon. It analyzes the conceptions of Lebanese and French teachers on issues concerning human sexuality and its education. Our goal is to highlight the different conceptions of teachers in both countries and to identify the parameters to which these differences are correlated. All the multivariate analyses conducted show two very different systems of conceptions, very significantly differentiating Lebanese teachers' conceptions of French teachers ones. French teachers, unlike their Lebanese colleagues, are more conducive to early learning topics related to sexuality to students between 6 and 15 years old depending on the subject. They are more likely to accept abortion and homosexuality, to focus on safer sex as an attitude that can reduce the spread of AIDS, and to consider that the teaching of STIs is not only the issue of biology teachers. The differences …",teaching / learning at university level,0.209
,,"The Effectiveness and Challenges of ChatGPT Use in Science Teachers’ Practices
M Zeidan, I Khalil
Related articles",,,https://ul.edu.lb/files/cers/Proceedings%20Papers/Maysoon%20Zeidan%20-%20Iman%20Khalil.pdf,,,,,Teaching / Learning at university Level,,Iman Khalil,,,The Effectiveness and Challenges of ChatGPT Use in Science Teachers’ Practices,,,,https://scholar.google.com/citations?view_op=view_citation&hl=en&user=c3pnVcUAAAAJ&cstart=20&pagesize=80&citation_for_view=c3pnVcUAAAAJ:8k81kl-MbHgC,,,"Maysoon Zeidan, Iman Khalil","The AI-developed ChatGPT model has drawn a significant attention in education since it provides a variety of applications that can enhance teaching and learning methodologies and support teachers in their professional roles. This mixed approach study aims to investigate various aspects of ChatGPT use in science teaching practices. A survey with 20 Likert scale items was used to gather quantitative data from 45 intermediate and secondary science teachers in Lebanese public and private schools and eight teachers were interviewed to obtain qualitative data. The statistical analysis of quantitative data was followed by thematic analysis of qualitative data. The results indicated that most participants had a positive view towards integration of ChatGPT in science instruction. Participants used ChatGPT in their teaching practices, 70% claimed that it increased student engagement, 60% claimed that it helped students understand difficult concepts, 65% proposed that it provides personalized learning, and 55% said that it improved student learning outcomes. However, the drawbacks to using ChatGPT, such as limitations in the system's contextual understanding, irrelevant responses that confuse students (50%) reported by teachers, technical problems and limitations (55%) reported by teachers, and concerns about students relying too much on ChatGPT (38%) from teachers. Further comparative studies are recommended to investigate the efficacy of various AI models and modifications in instructional methodologies that should be carried out in different learning domains, and educational contexts.",teaching / learning at university level,0.205
,,"Les tendances mondiales concernant l’éducation à l’environnement dans les manuels scolaires libanais
I KHALIL, LA GHANI
Related articles All 2 versions",,,http://search.shamaa.org/PDF/Articles/LEBRp/RpSpecNoY2008/rp_2008-spen_033-043_fre.pdf,,,,,Teaching / Learning at university Level,,Iman Khalil,,,Les tendances mondiales concernant l’éducation à l’environnement dans les manuels scolaires libanais,,,,https://scholar.google.com/citations?view_op=view_citation&hl=en&user=c3pnVcUAAAAJ&cstart=20&pagesize=80&citation_for_view=c3pnVcUAAAAJ:hqOjcs7Dif8C,,,"Iman KHALIL, Lina ABDUL GHANI","L’éducation à l’environnement (EE) est devenue une nécessité dans l’enseignement, étant donnés les problèmes environnementaux qui s’ intensifient et le besoin urgent non seulement de sensibiliser les habitants de la terre mais aussi de les rendre responsables et efficaces dans la résolution de ces problèmes qui les menacent et menacent les générations futures (UNESCO 1992). Et quels que soient les avis des scientifiques sur les effets à court terme ou à long terme des problèmes environnementaux, l’introduction de l’EE dans l’enseignement, et dès le primaire, reste toujours une priorité depuis la charte de Stockholm (PNUE-UNESCO, 1972). Au Liban, lors de mise en place des nouveaux programmes en 1997, deux tentatives ont été faites par le CRDP (Centre de Recherche et de Développement Pédagogique) dans ce sens: a-des programmes spécifiques concernant l’enseignement de l’EE avant l …",teaching / learning at university level,0.267
,,"342-L'horizon d’une éducation à la sexualité humaine au Liban
A Yammine, P Clément, I Khalil
Related articles All 2 versions",,,http://search.shamaa.org/PDF/Books/FC/AREF/2013_khalili_118403_001-011_fre_authsub.pdf,,,,,Teaching / Learning at university Level,,Iman Khalil,,,342-L'horizon d’une éducation à la sexualité humaine au Liban,,,,https://scholar.google.com/citations?view_op=view_citation&hl=en&user=c3pnVcUAAAAJ&cstart=20&pagesize=80&citation_for_view=c3pnVcUAAAAJ:WF5omc3nYNoC,,,"Assaad Yammine, Pierre Clément, Iman Khalil","En 1994, l'OMS a précisé que l'éducation à la sexualité (ES) doit fournir aux étudiants, compte tenu de leurs représentations, des informations et des connaissances scientifiques leur permettant de découvrir et de comprendre les différentes dimensions de la sexualité; l'OMS a ajouté que l’ES cherche également à stimuler la réflexion des étudiants autour des informations fournies pour les aider à développer leurs attitudes personnelles ainsi que leurs futures responsabilités familiales et sociales.",teaching / learning at university level,0.267
,,"Attitudes, Knowledge and Perspectives on the Ethics of AI Use Among Researchers in Education at the Lebanese University
R Hteit, I Khalil
Related articles",,,https://ul.edu.lb/files/cers/Proceedings%20Papers/Rabab%20Hteit%20-%20Iman%20Khalil.pdf,,,,,Teaching / Learning at university Level,,Iman Khalil,,,"Attitudes, Knowledge and Perspectives on the Ethics of AI Use Among Researchers in Education at the Lebanese University",,,,https://scholar.google.com/citations?view_op=view_citation&hl=en&user=c3pnVcUAAAAJ&cstart=20&pagesize=80&citation_for_view=c3pnVcUAAAAJ:Tyk-4Ss8FVUC,,,"Rabab Hteit, Iman Khalil","Artificial Intelligence (AI) has an undeniable impact on the field of research, services like natural language processing (NLP), automated writing assistance and others, are used to accelerate the rate of knowledge production. Despite the widespread availability and use of open AI tools, there remains a significant gap in our understanding of users’ attitudes, knowledge of AI potential and limitations. Additionally, a consensus on the ethical use of AI in academic research has yet to be reached on a global scale. To explore users’ attitudes, knowledge, and ethics of AI among research instructors and students, this study employed a quantitative methodology and relied on a survey passed to a sample of 106 education researchers (58 instructors and 48 students). Results showed that participants hold a positive attitude towards AI despite concerns about unemployment. They are self-taught and have a basic AI knowledge. 72% of instructors and 77% of students voted citing AI in-text and in references as the best way to control AI use. The results revealed similar views on AI among the two groups, despite 65% of instructors and 75% of students reporting a lack of prior discussions or agreements on the use of AI in research projects.",teaching / learning at university level,0.206
,,,,,,,,,,Teaching / Learning at university Level,,Iman Khalil,,,Etat des lieux de l’éducation à la sexualité dans les établissements privés et publics au Liban,,,,https://scholar.google.com/citations?view_op=view_citation&hl=en&user=c3pnVcUAAAAJ&cstart=20&pagesize=80&citation_for_view=c3pnVcUAAAAJ:u5HHmVD_uO8C,,,"Assaad Yammine, Iman Khalil, Pierre Clement",,teaching / learning at university level,0.2
