Book,Conference,Scholar articles,Publication date,Volume,PDF Link,Patent office,Report number,Source,Pages,Research Interests,Total citations,Researcher Name,Inventors,Patent number,Title,Institution,Journal,Application number,Scholar Link,Issue,Publisher,Authors,Description,Classified_Topic,Classification_Confidence
,EdMedia+ Innovate Learning,"Online learning and the role of technologies during covid19 pandemic “higher education Lebanon case
F Khaddage, R Fayad, I Moussallem - EdMedia+ Innovate Learning, 2020
Cited by 14 Related articles",2020/6/23,,,,,,623-630,"Petri Net, Competencies Framework for assessment, Natural Language Processing",Cited by 14,Issam Georges Moussallem,,,Online Learning and the Role of Technologies During COVID19 Pandemic “Higher Education Lebanon Case,,,,https://scholar.google.com/citations?view_op=view_citation&hl=en&user=mitpwU8AAAAJ&citation_for_view=mitpwU8AAAAJ:u-x6o8ySG0sC,,Association for the Advancement of Computing in Education (AACE),"Ferial Khaddage, Rima Fayad, Issam Moussallem","Online learning is quite different than a traditional classroom environment. For online learning to be offered successfully, it is crucial to know that it requires different set of skills from instructors as well as students. During this difficult phase (the pandemic of Covid19 Virus) that the world is going through, educational institutions across the world are obliged to go online in an attempt to offer educational instructions to students. Some may succeed but others may fail, this depends on many factors such as educational institutions readiness for online learning, the infrastructure, accessibility, delivery methods, instructors’ and students’ willingness, social, economical and so many others factors. In this paper the authors describe briefly the impact of the current situation in general, with a focus on the Lebanese Higher Education and the Lebanese University. Teaching online via technologies to deliver instructions to university …",natural language processing,0.4
,,"Validating a new instrument for measuring computer competence in Lebanese University (Pedagogy Faculty)*
I Moussallem, B Hussein, H Kotob - International Journal of Scientific & Engineering …, 2017
Cited by 2 Related articles",,,,,,,,"Petri Net, Competencies Framework for assessment, Natural Language Processing",Cited by 2,Issam Georges Moussallem,,,Validating a new instrument for measuring computer competence in Lebanese University (Pedagogy Faculty),,,,https://scholar.google.com/citations?view_op=view_citation&hl=en&user=mitpwU8AAAAJ&citation_for_view=mitpwU8AAAAJ:u5HHmVD_uO8C,,,"Issam Moussallem, Bilal Hussein, Hayssam Kotob",,natural language processing,0.4
