Book,Conference,Scholar articles,Publication date,Volume,PDF Link,Patent office,Report number,Source,Pages,Research Interests,Total citations,Researcher Name,Inventors,Patent number,Title,Institution,Journal,Application number,Scholar Link,Issue,Publisher,Authors,Description,Classified_Topic,Classification_Confidence
,,"Image noise detection in global illumination methods based on FRVM
J Constantin, A Bigand, I Constantin, D Hamad - Neurocomputing, 2015
Cited by 18 Related articles All 2 versions",2015/9/21,164.0,,,,,82-95,Intelligence Artificielle,Cited by 18,Joseph Constantin,,,Image noise detection in global illumination methods based on FRVM,,Neurocomputing,,https://scholar.google.com/citations?view_op=view_citation&hl=en&user=WsPmH-8AAAAJ&citation_for_view=WsPmH-8AAAAJ:ufrVoPGSRksC,,Elsevier,"Joseph Constantin, André Bigand, Ibtissam Constantin, Denis Hamad","Global illumination methods based on stochastic techniques provide photo-realistic images. However, they are prone to stochastic perceptual noise that can be reduced by increasing the number of paths as proved by Monte Carlo theory. The problem of finding the required number of paths in order to ensure that human observers cannot perceive any noise is still open. Until now, we do not know precisely which features are considered by the human visual system (HVS) for the evaluation of the image quality. This paper proposes a relevant model to predict which image highlights perceptual noise by using fast relevance vector machine (FRVM). This model can then be used in any progressive stochastic global illumination method in order to find the visual convergence threshold of different parts of any image. A comparative study of this model with experimental psycho-visual scores demonstrates the good …",intelligence artificielle,0.4
,,"A new kernel RLS algorithm for systems with bounded noise
I Constantin, J Constantin, A Bigand - International Journal of Adaptive Control and Signal …, 2018
Cited by 7 Related articles All 2 versions",2018/2,32.0,,,,,344-361,Intelligence Artificielle,Cited by 7,Joseph Constantin,,,A new kernel RLS algorithm for systems with bounded noise,,International Journal of Adaptive Control and Signal Processing,,https://scholar.google.com/citations?view_op=view_citation&hl=en&user=WsPmH-8AAAAJ&citation_for_view=WsPmH-8AAAAJ:roLk4NBRz8UC,2.0,,"I Constantin, J Constantin, A Bigand","In this paper, we propose a new nonlinear set‐membership recursive least‐squares algorithm. The algorithm draws on a linear set‐membership filter in conjunction with kernels for nonlinear processing. Set‐membership algorithms exploit a priori model information that directly, or indirectly, prescribes dynamic constraints on the solution space. Such information is disregarded by conventional approaches. Kernel methods provide an implicit mapping of the data in a high‐dimensional feature space where linear techniques are applied. Computations are done in the initial space by means of kernel functions. In this work, we develop a kernel‐based version of a set‐membership filter that belongs to a class of optimal bounding ellipsoid algorithms. Optimal bounding ellipsoid algorithms compute ellipsoidal approximations to regions in the parameter space that are consistent with the observed data and the model …",intelligence artificielle,0.4
,,"Control of a robot manipulator and pendubot system using artificial neural networks
J Constantin, C Nasr, D Hamad - Robotica, 2005
Cited by 7 Related articles All 6 versions",2005/11,23.0,,,,,781-784,Intelligence Artificielle,Cited by 7,Joseph Constantin,,,Control of a robot manipulator and pendubot system using artificial neural networks,,Robotica,,https://scholar.google.com/citations?view_op=view_citation&hl=en&user=WsPmH-8AAAAJ&citation_for_view=WsPmH-8AAAAJ:hqOjcs7Dif8C,6.0,Cambridge University Press,"Joseph Constantin, Chaïban Nasr, Denis Hamad","The paper introduces artificial neural networks for the conventional control of robotic systems for better tracking performance. Different advanced dynamic control techniques are explained and a new second order recursive algorithm has been developed to tune the weights of the neural network. The problem of real-time control of a Pendubot system in difficult situations has been addressed. Examples, such as positioning and balancing structures, are presented and performances are compared to a conventional PD controller.",intelligence artificielle,0.4
,,"Pooling spike neural network for fast rendering in global illumination
J Constantin, A Bigand, I Constantin - Neural computing and applications, 2020
Cited by 6 Related articles All 5 versions",2020/1,32.0,,,,,427-446,Intelligence Artificielle,Cited by 6,Joseph Constantin,,,Pooling spike neural network for fast rendering in global illumination,,Neural computing and applications,,https://scholar.google.com/citations?view_op=view_citation&hl=en&user=WsPmH-8AAAAJ&citation_for_view=WsPmH-8AAAAJ:ULOm3_A8WrAC,2.0,Springer London,"Joseph Constantin, Andre Bigand, Ibtissam Constantin","The generation of photo-realistic images is a major topic in computer graphics. By using the principles of physical light propagation, images that are indistinguishable from real photographs can be generated. However, this computation is a very time-consuming task. When simulating the real behavior of light, images can take hours to be of sufficient quality. This paper proposes a bio-inspired architecture with spiking neurons for fast rendering in global illumination. The objective is to find the number of paths that are required for each image in order to be perceived identical to the visually converged one computed by the path tracing algorithm. The challenge is that the visually converged image is unknown so that we start from a very noisy image to converge toward the less noisy image. This architecture with functional parts of sparse encoding, dynamic learning, and decoding consists of a robust convergence …",intelligence artificielle,0.4
,,"On the use of deep active semi-supervised learning for fast rendering in global illumination
I Constantin, J Constantin, A Bigand - Journal of Imaging, 2020
Cited by 5 Related articles All 9 versions",2020/9/8,6.0,https://www.mdpi.com/2313-433X/6/9/91,,,,91,Intelligence Artificielle,Cited by 5,Joseph Constantin,,,On the use of deep active semi-supervised learning for fast rendering in global illumination,,Journal of Imaging,,https://scholar.google.com/citations?view_op=view_citation&hl=en&user=WsPmH-8AAAAJ&citation_for_view=WsPmH-8AAAAJ:qxL8FJ1GzNcC,9.0,MDPI,"Ibtissam Constantin, Joseph Constantin, André Bigand","Convolution neural networks usually require large labeled data-sets to construct accurate models. However, in many real-world scenarios, such as global illumination, labeling data are a time-consuming and costly human intelligent task. Semi-supervised learning methods leverage this issue by making use of a small labeled data-set and a larger set of unlabeled data. In this paper, our contributions focus on the development of a robust algorithm that combines active and deep semi-supervised convolution neural network to reduce labeling workload and to accelerate convergence in case of real-time global illumination. While the theoretical concepts of photo-realistic rendering are well understood, the increased need for the delivery of highly dynamic interactive content in vast virtual environments has increased recently. Particularly, the quality measure of computer-generated images is of great importance. The experiments are conducted on global illumination scenes which contain diverse distortions. Compared with human psycho-visual thresholds, the good consistency between these thresholds and the learning models quality measures can been seen. A comparison has also been made with SVM and other state-of-the-art deep learning models. We do transfer learning by running the convolution base of these models over our image set. Then, we use the output features of the convolution base as input to retrain the parameters of the fully connected layer. The obtained results show that our proposed method provides promising efficiency in terms of precision, time complexity, and optimal architecture.",intelligence artificielle,0.4
,"2015 Third International Conference on Technological Advances in Electrical, Electronics and Computer Engineering (TAEECE)","Perception of noise in global illumination algorithms based on spiking neural network
J Constantin, I Constantin, R Rammouz, A Bigand… - 2015 Third International Conference on Technological …, 2015
Cited by 5 Related articles",2015/4/29,,,,,,68-73,Intelligence Artificielle,Cited by 5,Joseph Constantin,,,Perception of noise in global illumination algorithms based on spiking neural network,,,,https://scholar.google.com/citations?view_op=view_citation&hl=en&user=WsPmH-8AAAAJ&citation_for_view=WsPmH-8AAAAJ:kNdYIx-mwKoC,,IEEE,"J Constantin, I Constantin, R Rammouz, André Bigand, Denis Hamad",This paper proposes a reduced reference quality assessment model based on spiking neural network (SNN) in order to predict which image highlights perceptual noise in unbiased global illumination algorithms. These algorithms provide photo-realistic images by increasing the number of paths as proved by Monte Carlo theory. The objective is to find the number of paths that are required in order to ensure that most of the observers cannot perceive noise in any part of the image. A comparative study of this model with human psycho-visual scores demonstrates the good consistency between these scores and the learning model quality measures. The proposed model that uses a simple architecture composed only from two parallel spike pattern association neurons (SPANs) has been also compared with other learning model like SVM and gives satisfactory performance.,intelligence artificielle,0.4
,2015 International Conference on Advances in Biomedical Engineering (ICABME),"A generic Simulink based model of a wireless sensor node: Application to a medical healthcare system
R Rammouz, L Labrak, N Abouchi, J Constantin… - 2015 International Conference on Advances in …, 2015
Cited by 4 Related articles All 3 versions",2015/9/16,,,,,,154-157,Intelligence Artificielle,Cited by 4,Joseph Constantin,,,A generic Simulink based model of a wireless sensor node: Application to a medical healthcare system,,,,https://scholar.google.com/citations?view_op=view_citation&hl=en&user=WsPmH-8AAAAJ&citation_for_view=WsPmH-8AAAAJ:3fE2CSJIrl8C,,IEEE,"Ramzy Rammouz, Lioua Labrak, Nacer Abouchi, J Constantin, Y Zaatar, D Zaouk","Wearable low power sensor nodes enable medical facilities and personnel (doctors, nurses ...) to keep an eye on a person's vital signs without altering his daily routine. This technology is mainly limited by the amount of available energy. In this work, we aim to create a Matlab/Simulink based model that helps in the design of a wireless sensor node. We will not only be able to determine the power consumption of the node, but also to pick components based on their power-efficiency. This approach will allow the user to extract maximum performance from components already available on the market. Thus it will save the time needed to develop new ones. Examples with processors and wireless communication modules are presented. Future works will aim to upgrade the model in order to include several sensors operating within a network.",intelligence artificielle,0.4
,"Advances in Computational Intelligence: 12th International Work-Conference on Artificial Neural Networks, IWANN 2013, Puerto de la Cruz, Tenerife, Spain, June 12-14, 2013, Proceedings, Part II 12","Image noise detection in global illumination methods based on fast relevance vector machine
J Constantin, A Bigand, I Constantin, D Hamad - … in Computational Intelligence: 12th International Work …, 2013
Cited by 4 Related articles All 2 versions",2013,,,,,,467-479,Intelligence Artificielle,Cited by 4,Joseph Constantin,,,Image noise detection in global illumination methods based on fast relevance vector machine,,,,https://scholar.google.com/citations?view_op=view_citation&hl=en&user=WsPmH-8AAAAJ&citation_for_view=WsPmH-8AAAAJ:qjMakFHDy7sC,,Springer Berlin Heidelberg,"Joseph Constantin, André Bigand, Ibtissam Constantin, Denis Hamad","Global illumination methods based on stochastically techniques provide photo-realistic images. However, they are prone to noise that can be reduced by increasing the number of paths as proved by Monte Carlo theory. The problem of finding the number of paths that are required in order to ensure that human observers cannot perceive any noise is still open. In this paper, a novel approach to predict which image highlights perceptual noise is proposed based on Fast Relevance Vector Machine (FRVM). This model can then be used in any progressive stochastic global illumination method in order to find the visual convergence threshold of different parts of any image. A comparative study of this model with experimental psycho-visual scores demonstrates the good consistency between these scores and the model quality measures. The proposed model has been compared also with other learning model …",intelligence artificielle,0.4
,,"Partitioning of Transportation Networks by Efficient Evolutionary Clustering and Density Peaks*
P Al Alam, J Constantin, I Constantin, C Lopez - Algorithms, 2022
Cited by 3 Related articles All 8 versions",2022,15.0,,,,,35,Intelligence Artificielle,Cited by 3,Joseph Constantin,,,Partitioning of Transportation Networks by Efficient Evolutionary Clustering and Density Peaks,,Algorithms,,https://scholar.google.com/citations?view_op=view_citation&hl=en&user=WsPmH-8AAAAJ&citation_for_view=WsPmH-8AAAAJ:mVmsd5A6BfQC,3.0,,"Ibtissam Constantin and Clelia Lopez Pamela Al Alam, Joseph Constantin",,Unclassified,0.0
,2016 International Joint Conference on Neural Networks (IJCNN),"Perception of noise in global illumination based on inductive learning
J Constantin, I Constantin, A Bigand, D Hamad - 2016 International Joint Conference on Neural …, 2016
Cited by 3 Related articles",2016/7/24,,,,,,5021-5028,Intelligence Artificielle,Cited by 3,Joseph Constantin,,,Perception of noise in global illumination based on inductive learning,,,,https://scholar.google.com/citations?view_op=view_citation&hl=en&user=WsPmH-8AAAAJ&citation_for_view=WsPmH-8AAAAJ:LkGwnXOMwfcC,,IEEE,"Joseph Constantin, Ibtissam Constantin, Andre Bigand, Denis Hamad","Global illumination methods are used to simulate lighting in 3D scenes. They provide a progressive convergence to high quality photo-realistic images as proved by Monte Carlo theory. One of the problem of such methods is to determine a stopping condition in order to decide if the computation reaches a satisfactory convergence which allows the process to terminate. In this paper, an inductive learning model for a reduced-reference quality assessment model in large-scale images is proposed as a solution for this problem. One key issue for learning algorithms in global illumination is that they are very efficient to learn perceptual features but are less efficient to learn stochastic noise. Moreover, they need a complete framework with a huge number of images in order to train and evaluate the learning model. These images are very difficult to obtain because of the time required for modeling and scene rendering. The …",intelligence artificielle,0.4
,,"A Rapid Prototyping Matlab Based Design Tool of Wireless Sensor Nodes for Healthcare Applications
R Rammouz, L Labrak, N Abouchi, J Constantin… - Int J Sens Netw Data Commun, 2016
Cited by 3 Related articles All 4 versions",2016,5.0,https://www.academia.edu/download/113520244/a-rapid-prototyping-matlab-based-design-tool-of-wireless-sensor-nodesfor-healthcare-applications-2090-4886-1000144.pdf,,,,2,Intelligence Artificielle,Cited by 3,Joseph Constantin,,,A Rapid Prototyping Matlab Based Design Tool of Wireless Sensor Nodes for Healthcare Applications,,Int J Sens Netw Data Commun,,https://scholar.google.com/citations?view_op=view_citation&hl=en&user=WsPmH-8AAAAJ&citation_for_view=WsPmH-8AAAAJ:KlAtU1dfN6UC,144.0,,"R Rammouz, L Labrak, N Abouchi, J Constantin, Y Zaatar, D Zaouk","Remote patient monitoring enables medical facilities and personnel to monitor patients outside of conventional clinical settings. This technology is greatly affected by the available energy sources. The limited energy supply is the bottleneck for measurement, data transmission, network connection and lifetime. Thus, efficient power consumption estimation in the early stage of the design would give the user an insight on its feasibility within medical constraints. In this paper, a power-oriented Matlab based design tool is proposed. It will help the user to make an energy aware design. In fact, it will enable him to determine the power consumption of each node based on a set of selected components, the daily routine of the patient and many other factors. It will also allow him to test multiple configurations prior to the physical implementation. This will minimize the time and financial impact of any modification. Furthermore, it will provide guidance to properly adapt the design within the requirements of the application: Choosing components, energy sources, etc. A validation is proposed via a physical implementation in order to compare the results obtained through simulation with practical measurements. Future works aim to take into account memory access operations, include several sensors operating within a network, and adapt the tool to other applications (smart buildings, environmental monitoring, etc.).",intelligence artificielle,0.4
,2013 Third International Conference on Communications and Information Technology (ICCIT),"Reduced-reference quality assessment of computer-generated images based on RVM
J Constantin, S Delepoulle, A Bigand, C Renaud - 2013 Third International Conference on …, 2013
Cited by 3 Related articles",2013/6/19,,,,,,320-324,Intelligence Artificielle,Cited by 3,Joseph Constantin,,,Reduced-reference quality assessment of computer-generated images based on RVM,,,,https://scholar.google.com/citations?view_op=view_citation&hl=en&user=WsPmH-8AAAAJ&citation_for_view=WsPmH-8AAAAJ:d1gkVwhDpl0C,,IEEE,"Joseph Constantin, Samuel Delepoulle, André Bigand, Christophe Renaud","Reduced-reference image quality assessment needs no prior knowledge of reference image but only a minimal knowledge about processed images. A new reduced-reference image quality measure, based on Relevance Vector Machine (RVM), using a supervised learning framework and synthetic images is proposed. This new metric is compared with experimental psycho-visual data. A recently performed psycho-visual experiment provides psycho-visual scores on some synthetic images, and comprehensive testing demonstrates the good consistency between these scores and the quality measures we obtain. The proposed measure has been too compared with close methods like RBF, MLP and SVM and gives satisfactory performance.",intelligence artificielle,0.2
,2007 IEEE International Conference on Signal Processing and Communications,"Simplified point to point correspondence of the Euclidean Distance for online handwriting recognition
P Bilane, E Youssef, B Eter, C Sarraf, J Constantin - 2007 IEEE International Conference on Signal …, 2007
Cited by 3 Related articles",2007/11/24,,,,,,1011-1014,Intelligence Artificielle,Cited by 3,Joseph Constantin,,,Simplified point to point correspondence of the Euclidean Distance for online handwriting recognition,,,,https://scholar.google.com/citations?view_op=view_citation&hl=en&user=WsPmH-8AAAAJ&citation_for_view=WsPmH-8AAAAJ:Y0pCki6q_DkC,,IEEE,"Petra Bilane, Eliane Youssef, Bassam Eter, Charles Sarraf, Joseph Constantin","This paper describes an online handwriting recognition system. Our system presents a modified and less complex version of the point to point correspondence method that originally relies on a dynamic time warping algorithm. The system first passes through a training phase in which it is taught the handwriting of a certain person. The training consists of the person writing several times all the letters of the alphabet, data acquisition is done using a digitizer tablet. Training data for each character is then stored as pixels coordinates in the same order as their creation. In the recognition phase, the system recognizes a character written by the same person based on the previously done training. The obtained results were very encouraging; a recognition rate of 93.35 % for isolated lower case characters could be achieved relying only on the training done before the recognition phase without the need for a recognition …",intelligence artificielle,0.4
International Conference on Smart Applications and Data Analysis,,"Dynamic partitioning of transportation network using evolutionary spectral clustering
P Al Alam, D Hamad, J Constantin, I Constantin… - International Conference on Smart Applications and …, 2020
Cited by 2 Related articles All 5 versions",2020/6/4,,,,,,178-186,Intelligence Artificielle,Cited by 2,Joseph Constantin,,,Dynamic partitioning of transportation network using evolutionary spectral clustering,,,,https://scholar.google.com/citations?view_op=view_citation&hl=en&user=WsPmH-8AAAAJ&citation_for_view=WsPmH-8AAAAJ:M3ejUd6NZC8C,,Springer International Publishing,"Pamela Al Alam, Denis Hamad, Joseph Constantin, Ibtissam Constantin, Youssef Zaatar","Traffic congestion appears with different shapes and patterns that may evolve quickly over time. Static spectral clustering techniques are unable to manage these traffic variations. This paper proposes an evolutionary spectral clustering algorithm that partitions the time-varying heterogeneous network into connected homogeneous regions. The complexity of the algorithm is simplified by computing similarities in a way to obtain a sparse matrix. Next, the evolutionary spectral clustering algorithm is applied on roads speeds in order to obtain clusters results that fit the current traffic state while simultaneously not deviate from previous histories. Experimental results on real city traffic network architecture demonstrate the superiority of the proposed evolutionary spectral clustering algorithm in robustness and effectiveness when compared with the static clustering method.",intelligence artificielle,0.4
,,"Image Quality Assessment of Computer-generated Images: Based on Machine Learning and Soft Computing
A Bigand, J Dehos, C Renaud, J Constantin - 2018
Cited by 2 Related articles All 4 versions",2018/3/9,,,,,,,Intelligence Artificielle,Cited by 2,Joseph Constantin,,,Image Quality Assessment of Computer-generated Images: Based on Machine Learning and Soft Computing,,,,https://scholar.google.com/citations?view_op=view_citation&hl=en&user=WsPmH-8AAAAJ&citation_for_view=WsPmH-8AAAAJ:u5HHmVD_uO8C,,Springer,"André Bigand, Julien Dehos, Christophe Renaud, Joseph Constantin","Image Quality Assessment is well-known for measuring the perceived image degradation of natural scene images but is still an emerging topic for computer-generated images. This book addresses this problem and presents recent advances based on soft computing. It is aimed at students, practitioners and researchers in the field of image processing and related areas such as computer graphics and visualization. In this book, we first clarify the differences between natural scene images and computer-generated images, and address the problem of Image Quality Assessment (IQA) by focusing on the visual perception of noise. Rather than using known perceptual models, we first investigate the use of soft computing approaches, classically used in Artificial Intelligence, as full-reference and reduced-reference metrics. Thus, by creating Learning Machines, such as SVMs and RVMs, we can assess the perceptual quality of a computer-generated image. We also investigate the use of interval-valued fuzzy sets as a no-reference metric. These approaches are treated both theoretically and practically, for the complete process of IQA. The learning step is performed using a database built from experiments with human users and the resulting models can be used for any image computed with a stochastic rendering algorithm. This can be useful for detecting the visual convergence of the different parts of an image during the rendering process, and thus to optimize the computation. These models can also be extended to other applications that handle complex models, in the fields of signal processing and image processing.",intelligence artificielle,0.403
,2013 25th International Conference on Microelectronics (ICM),"No-reference quality assessment in global illumination algorithms based on SVM
J Constantin, S Haddad, I Constantin, A Bigand… - … 25th International Conference on Microelectronics (ICM …, 2013
Cited by 2 Related articles",2013/12/15,,,,,,1-4,Intelligence Artificielle,Cited by 2,Joseph Constantin,,,No-reference quality assessment in global illumination algorithms based on SVM,,,,https://scholar.google.com/citations?view_op=view_citation&hl=en&user=WsPmH-8AAAAJ&citation_for_view=WsPmH-8AAAAJ:IjCSPb-OGe4C,,IEEE,"Joseph Constantin, Soha Haddad, Ibtissam Constantin, André Bigand, Denis Hamad","Global illumination algorithms based on stochastically techniques provide photo-realistic images. However, they are prone to noise that can be reduced by increasing the number of paths as proved by Monte Carlo theory. The problem of finding the number of paths that are required in order to ensure that human observers cannot perceive any stochastic noise is still open. This paper proposes a no-reference quality assessment model based on noise quality indexes and support vector machine (SVM) in order to predict which image highlights perceptual noise. This model can then be used in stochastic global illumination algorithms in order to find the visual convergence threshold of different parts of any image. A comparative study of this model with human psycho-visual scores demonstrates the good consistency between these scores and the learning model quality measures.",intelligence artificielle,0.4
,2013 25th International Conference on Microelectronics (ICM),"An in-silico study for glucose-insulin system based on microcontroller using system simulator
C El-Gemayel, F Jumel, N Abouchi, J Constantin… - … 25th International Conference on Microelectronics (ICM …, 2013
Cited by 2 Related articles",2013/12/15,,,,,,1-4,Intelligence Artificielle,Cited by 2,Joseph Constantin,,,An in-silico study for glucose-insulin system based on microcontroller using system simulator,,,,https://scholar.google.com/citations?view_op=view_citation&hl=en&user=WsPmH-8AAAAJ&citation_for_view=WsPmH-8AAAAJ:9yKSN-GCB0IC,,IEEE,"Ch El-Gemayel, F Jumel, N Abouchi, J Constantin, A Tabet, D Zaouk","There is a need for consistent approach to interpret and to optimize the testing of clinical medical equipment. We propose a model for global simulating of biomedical equipments (including human interaction models). This paper begins by an in-silico study for type 1 diabetes mellitus patients using a mathematical model, implementation of a simple control algorithm, than generating virtual patients in order to have multiple scenarios to analyze performance. Finally, we associate it with a control-variability grid analysis in order to do a step to construct a clinical trial simulator.",intelligence artificielle,0.4
,2013 2nd International Conference on Advances in Biomedical Engineering,"A new framework for analyzing the performance of the glucose-insulin system
CH El-Gemayel, F Jumel, N Abouchi, J Constantin… - 2013 2nd International Conference on Advances in …, 2013
Cited by 2 Related articles",2013/9/11,,,,,,159-162,Intelligence Artificielle,Cited by 2,Joseph Constantin,,,A new framework for analyzing the performance of the glucose-insulin system,,,,https://scholar.google.com/citations?view_op=view_citation&hl=en&user=WsPmH-8AAAAJ&citation_for_view=WsPmH-8AAAAJ:Se3iqnhoufwC,,IEEE,"CH El-Gemayel, F Jumel, N Abouchi, J Constantin, A Tabet, D Zaouk","The ability to develop a testing model for analyzing the performance of any embedded biomedical devices can be very useful in medical research. This paper begins by the glucose insulin system and creates a new framework in order to test the performance of all system components. The framework consists of simulating a mathematical model of human body in order to implement in a microcontroller, developing a control algorithm for the model and applying parametric models of activities to show how medical devices can be interconnected to form a physiological closed-loop system. Finally a new tester model with the ability to satisfy medical decision criteria has been created. Simulation results show the performance of the tester to validate glucose insulin system in order to avoid risk taking on patients.",intelligence artificielle,0.4
International Conference on Smart Applications and Data Analysis,,"Graph Convolution Networks for Unsupervised Learning
MA Jreidy, J Constantin, F Dornaika, D Hamad - International Conference on Smart Applications and …, 2022
Cited by 1 Related articles All 3 versions",2022/9/22,,https://hal.science/hal-04460546/document,,,,24-33,Intelligence Artificielle,Cited by 1,Joseph Constantin,,,Graph Convolution Networks for Unsupervised Learning,,,,https://scholar.google.com/citations?view_op=view_citation&hl=en&user=WsPmH-8AAAAJ&citation_for_view=WsPmH-8AAAAJ:QIV2ME_5wuYC,,Springer International Publishing,"Maria Al Jreidy, Joseph Constantin, Fadi Dornaika, Denis Hamad","In recent years, graph convolution networks (GCN) have been proposed as semi-supervised learning approaches. In this paper, we introduce a new objective function to train a GCN in order to adapt it in unsupervised learning context. More precisely, we propose a loss function composed only of unsupervised terms, the first term is the kernel k-means objective function used to capture the shared features information between nodes, and the second is a regularization term that imposes the smoothness of the predicted clusters of the whole data. Thanks to the proposed objective function, we are able to keep the advantages of the classical semi-supervised GCN, while using it in an unsupervised way. Experiments on benchmark datasets show that our proposed unsupervised GCN achieves superior performance compared to state-of-the-art clustering algorithms.",intelligence artificielle,0.4
,,"Adaptive Unsupervised Graph Convolution Network for Data Clustering with Graph Reconstruction
MA Jreidy, J Constantin, F Dornaika, D Hamad - Cognitive Computation, 2025
Related articles",2025/2,17.0,,,,,32,Intelligence Artificielle,,Joseph Constantin,,,Adaptive Unsupervised Graph Convolution Network for Data Clustering with Graph Reconstruction,,Cognitive Computation,,https://scholar.google.com/citations?view_op=view_citation&hl=en&user=WsPmH-8AAAAJ&citation_for_view=WsPmH-8AAAAJ:qUcmZB5y_30C,1.0,Springer US,"M Al Jreidy, J Constantin, F Dornaika, D Hamad","In recent years, graph clustering has emerged as one of the most challenging problems in the field of deep learning. With the increasing complexity of real-world networks, such as social and biological networks, more and more effective methods are needed to organize and understand these structures. Various cognition-based techniques have been explored for classifying nodes within these graphs, and graph convolution networks (GCNs) have attracted great interest. GCNs, a deep semi-supervised learning approach, provide a powerful framework for learning node representations by utilizing both local and global graph information. By iteratively aggregating information from neighboring nodes, GCNs effectively capture the intricate relationships and dependencies within complex networks. We introduce a novel deep unsupervised learning scheme built upon the foundation of GCN architecture. The key …",intelligence artificielle,0.4
Advances in Data Clustering: Theory and Applications,,"Clustering with Adaptive Unsupervised Graph Convolution Network
MA Jreidy, J Constantin, F Dornaika, D Hamad… - Advances in Data Clustering: Theory and Applications, 2024
Related articles All 3 versions",2024/8/14,,,,,,157-179,Intelligence Artificielle,,Joseph Constantin,,,Clustering with Adaptive Unsupervised Graph Convolution Network,,,,https://scholar.google.com/citations?view_op=view_citation&hl=en&user=WsPmH-8AAAAJ&cstart=20&pagesize=80&citation_for_view=WsPmH-8AAAAJ:hC7cP41nSMkC,,Springer Nature Singapore,"Maria Al Jreidy, Joseph Constantin, Fadi Dornaika, Denis Hamad, Vinh Truong Hoang","Graph clustering has become one of the most challenging problems in Deep Learning in recent years. There are a number of methods for classifying nodes, including Graph Convolution Network (GCN), a deep semi-supervised learning method. In this chapter, based on GCN architecture, we propose a deep unsupervised learning scheme. The main contributions are as follows. First, the whole architecture is trained with two unsupervised learning losses based on kernelized features and spectral smoothness. Second, spectral smoothing uses an adaptive and additional graph matrix associated with the predicted soft cluster assignments (node representations) and adaptively integrates additional structure information during the learning phase. The adaptive fused graph used for loss of spectral smoothness takes into account structural information coming from both data features and node deep representations. With …",intelligence artificielle,0.4
,,"Clustering using graph convolution networks
M Al Jreidy, J Constantin, F Dornaika, D Hamad - Progress in Artificial Intelligence, 2024
Related articles All 2 versions",2024/1/31,,https://hal.science/hal-04460666v1/file/Progress_In_Artificial_Intelligence%20%281%29.pdf,,,,1-9,Intelligence Artificielle,,Joseph Constantin,,,Clustering using graph convolution networks,,Progress in Artificial Intelligence,,https://scholar.google.com/citations?view_op=view_citation&hl=en&user=WsPmH-8AAAAJ&cstart=20&pagesize=80&citation_for_view=WsPmH-8AAAAJ:IWHjjKOFINEC,,Springer Berlin Heidelberg,"Maria Al Jreidy, Joseph Constantin, Fadi Dornaika, Denis Hamad","Graph convolution networks (GCNs) have emerged as powerful approaches for semi-supervised classification of attributed graph data. In this paper, we introduce a novel objective function designed for training GCNs in an unsupervised learning setting, specifically for clustering purposes. Our proposed loss function is comprised solely of unsupervised components. The first component encompasses the kernel k-means objective function, which captures shared feature information among nodes, while the second component serves as a regularization term, promoting the smoothness of predicted clusters across the entire dataset. By employing this objective function, we preserve the strengths of conventional semi-supervised GCNs while adapting them to the demands of unsupervised clustering tasks. Experimental results, based on standard benchmark datasets, demonstrate that our unsupervised GCN outperforms …",intelligence artificielle,0.4
,,"Advances in Data Clustering
F Dornaika, J Constantin, Fadi/Hamad Dornaika (Deni) - 2024
Related articles All 3 versions",2024,,,,,,,Intelligence Artificielle,,Joseph Constantin,,,Advances in Data Clustering,,,,https://scholar.google.com/citations?view_op=view_citation&hl=en&user=WsPmH-8AAAAJ&cstart=20&pagesize=80&citation_for_view=WsPmH-8AAAAJ:-f6ydRqryjwC,,,"Fadi Dornaika, Joseph Constantin, Fadi/Hamad Dornaika (Deni)","Clustering, a foundational technique in data analytics, holds diverse applications across scientific, technical, and business domains. This book, themed around “Data Clustering,” assumes substantial importance due to the indispensable role clustering plays in various contexts.
In the current era of online media and digital communication, large datasets are generated at an unprecedented rate. This proliferation of data underscores the importance of clustering as a pivotal technique in data mining and machine learning. At its core, clustering aims to identify heterogeneous groups within unlabeled data, making it a crucial unsupervised task in machine learning. The primary objective of clustering is to automatically assign meaningful labels to each unlabeled datum with minimal human intervention. By analyzing this data, we can categorize information, uncover patterns, and draw actionable conclusions that are …",intelligence artificielle,0.4
,2023 IEEE 4th International Multidisciplinary Conference on Engineering Technology (IMCET),"Pose Estimation Keypoints in Age Recognition of Full Body Image
R Lakis, J Constantin, I Constantin, VT Hoang… - … IEEE 4th International Multidisciplinary Conference on …, 2023
Related articles",2023/12/12,,,,,,128-133,Intelligence Artificielle,,Joseph Constantin,,,Pose Estimation Keypoints in Age Recognition of Full Body Image,,,,https://scholar.google.com/citations?view_op=view_citation&hl=en&user=WsPmH-8AAAAJ&cstart=20&pagesize=80&citation_for_view=WsPmH-8AAAAJ:ZeXyd9-uunAC,,IEEE,"Rachad Lakis, Joseph Constantin, Ibtissam Constantin, Vinh Truong Hoang, Yassine Ruichek","Age recognition based on an image has many potential applications, such as developing intelligent human-machine interfaces and improving safety in various fields, such as transportation and security. Most age classification learning models use a person’s face to estimate the age category. However, images are usually captured in-the-wild, where often no near-frontal information is available. Also, images are taken under different illumination conditions and different camera viewing angles, providing poor visual quality. To address this problem, we proposed a novel deep learning algorithm for age recognition of adults and children using images in which faces are not well recognized. Our results clearly show that the addition of Pose Estimation Keypoints leads to significant improvement in age classification accuracy, precision, recall, and F1-score using deep learning models with simple architecture for online …",intelligence artificielle,0.4
,,"Heterogeneous Regularization for Fast Rendering using Deep Spike Neural Network
J Constantin, I Constantin, F Dornaika, VT Hoang - 2023
Related articles All 4 versions",2023/3/31,,https://www.researchsquare.com/article/rs-2737484/latest.pdf,,,,,Intelligence Artificielle,,Joseph Constantin,,,Heterogeneous Regularization for Fast Rendering using Deep Spike Neural Network,,,,https://scholar.google.com/citations?view_op=view_citation&hl=en&user=WsPmH-8AAAAJ&cstart=20&pagesize=80&citation_for_view=WsPmH-8AAAAJ:dhFuZR0502QC,,,"Joseph Constantin, Ibtissam Constantin, Fadi Dornaika, Vinh Truong Hoang","In real-time rendering, images are computed at a very high speed to make them look like the real scenes. Speed and interactivity play an important role in real-time rendering. However, computing indirect lighting in real time is a major challenge because it is very computationally intensive. To be used in video movies, the rendering program must run very fast and the video engine must operate at a constant frame rate. The images must be noise-free and the animations must remain stable without temporal artifacts. Global lighting in videos is still a real challenge. The rendering program must calculate the entire light exchange between the surfaces of a virtual 3D scene. Offline techniques are capable of rendering photo-realistic images, but none of these algorithms is capable of generating images in real time with a high number of frames per second. In this work, a Deep Spiking Neural Network with Heterogeneous Regularization learning technique is proposed with the aim of building a more biologically plausible network to evaluate the amount of noise and find a stopping criterion for fast realistic illumination. The idea is to improve learning performance by extracting the most relevant features with a deep spiking neural network to achieve high rendering quality. We used a new objective function composed from a supervised term and an unsupervised term. The supervised term enforces the fitting term between the predicted labels and the known labels. The unsupervised term imposes the smoothness of the predicted labels. The experiments was performed on scenes with global illumination containing different image distortions. The proposed …",intelligence artificielle,0.4
,Pattern Recognition and Tracking XXXI,"Evolutionary clustering for dynamic partitioning of transportation network
P Al Alam, D Hamad, J Constantin, I Constantin… - Pattern Recognition and Tracking XXXI, 2020
Related articles All 4 versions",2020/4/22,11400.0,https://www.spiedigitallibrary.org/conference-proceedings-of-spie/11400/1140005/Evolutionary-clustering-for-dynamic-partitioning-of-transportation-network/10.1117/12.2557588.pdf,,,,8-21,Intelligence Artificielle,,Joseph Constantin,,,Evolutionary clustering for dynamic partitioning of transportation network,,,,https://scholar.google.com/citations?view_op=view_citation&hl=en&user=WsPmH-8AAAAJ&cstart=20&pagesize=80&citation_for_view=WsPmH-8AAAAJ:4TOpqqG69KYC,,SPIE,"Pamela Al Alam, Denis Hamad, Joseph Constantin, Ibtissam Constantin, Youssef Zaatar","The problem of clustering transportation networks has been studied in the static framework by considering traffic conditions at a given time. Nevertheless, it is important to underline that traffic is a strongly time-variant process and it needs to be studied in the spatio-temporal dimension. Considering the fact that the congestion is spatially correlated in adjacent roads and it propagates with different speeds, partitioning a transport network into homogeneous trajectories that evolve over time can be extremely useful in order to design a real-time traffic control schema which alleviate or postpone congestion. The paper proposes an evolutionary spectral clustering approach to partition a graph transport network into connected homogeneous trajectories that evolve over time. In order to choose the number of clusters automatically, we use the density peaks algorithm which is based on the idea that cluster centers are …",intelligence artificielle,0.4
,,"Том. 11400. Pattern Recognition and Tracking XXXI.-Сер. Pattern Recognition and Tracking XXXI
P Al Alam, D Hamad, J Constantin, I Constantin… - 2020
Related articles",2020,,,,,,,Intelligence Artificielle,,Joseph Constantin,,,Том. 11400. Pattern Recognition and Tracking XXXI.-Сер. Pattern Recognition and Tracking XXXI,,,,https://scholar.google.com/citations?view_op=view_citation&hl=en&user=WsPmH-8AAAAJ&cstart=20&pagesize=80&citation_for_view=WsPmH-8AAAAJ:Wp0gIr-vW9MC,,,"P Al Alam, D Hamad, J Constantin, I Constantin, Y Zaatar, VL Perju",,Unclassified,0.0
,,"No-Reference Methods and Fuzzy Sets
A Bigand, J Dehos, C Renaud, J Constantin, A Bigand… - Image Quality Assessment of Computer-generated …, 2018
Related articles",2018,,,,,,71-85,Intelligence Artificielle,,Joseph Constantin,,,No-Reference Methods and Fuzzy Sets,,Image Quality Assessment of Computer-generated Images: Based on Machine Learning and Soft Computing,,https://scholar.google.com/citations?view_op=view_citation&hl=en&user=WsPmH-8AAAAJ&cstart=20&pagesize=80&citation_for_view=WsPmH-8AAAAJ:MXK_kJrjxJIC,,Springer International Publishing,"André Bigand, Julien Dehos, Christophe Renaud, Joseph Constantin, André Bigand, Julien Dehos, Christophe Renaud, Joseph Constantin",This model can then be used in any progressive stochastic global illumination method in order to estimate the noise level of different parts of any image. A comparative study of this model with a simple test image demonstrates the good consistency between an added noise value and the results from the noise estimator.,intelligence artificielle,0.4
,,"Monte Carlo Methods for Image Synthesis
A Bigand, J Dehos, C Renaud, J Constantin, A Bigand… - Image Quality Assessment of Computer-generated …, 2018
Related articles",2018,,,,,,7-17,Intelligence Artificielle,,Joseph Constantin,,,Monte Carlo Methods for Image Synthesis,,Image Quality Assessment of Computer-generated Images: Based on Machine Learning and Soft Computing,,https://scholar.google.com/citations?view_op=view_citation&hl=en&user=WsPmH-8AAAAJ&cstart=20&pagesize=80&citation_for_view=WsPmH-8AAAAJ:0EnyYjriUFMC,,Springer International Publishing,"André Bigand, Julien Dehos, Christophe Renaud, Joseph Constantin, André Bigand, Julien Dehos, Christophe Renaud, Joseph Constantin","Image synthesis (also called rendering) consists in generating an image from a virtual 3D scene (composed of light sources, objects, materials, and a camera). Numerous rendering algorithms have been proposed since the 1970s: z-buffer (Catmull, A subdivision algorithm for computer display of curved surfaces. Ph.D. thesis, 1974), ray tracing (Whitted, Commun ACM 23(6):343–349, 1980), radiosity (Goral et al., Modeling the interaction of light between diffuse surfaces, 1984), path tracing (Kajiya, ACM Comput Graph 20(4):143–150, 1986), and Reyes (Cook et al., The Reyes image rendering architecture, 1987)...",intelligence artificielle,0.4
,,"General Conclusion and Perspectives
A Bigand, J Dehos, C Renaud, J Constantin, A Bigand… - Image Quality Assessment of Computer-generated …, 2018
Related articles",2018,,,,,,87-88,Intelligence Artificielle,,Joseph Constantin,,,General Conclusion and Perspectives,,Image Quality Assessment of Computer-generated Images: Based on Machine Learning and Soft Computing,,https://scholar.google.com/citations?view_op=view_citation&hl=en&user=WsPmH-8AAAAJ&cstart=20&pagesize=80&citation_for_view=WsPmH-8AAAAJ:WF5omc3nYNoC,,Springer International Publishing,"André Bigand, Julien Dehos, Christophe Renaud, Joseph Constantin, André Bigand, Julien Dehos, Christophe Renaud, Joseph Constantin",High-quality computer-generated image generation techniques and the link between these techniques and perceptual noise are presented in the first two chapters (Chaps.  2 and 3 ). These chapters also present the high-quality images we can obtain with photo-realistic techniques on one hand and the difficulty to obtain a good visual quality assessment (particularly due to the complexity of the algorithms based on Monte Carlo methods) on the other hand.,intelligence artificielle,0.4
,,"Full-Reference Methods and Machine Learning
A Bigand, J Dehos, C Renaud, J Constantin, A Bigand… - Image Quality Assessment of Computer-generated …, 2018
Related articles",2018,,,,,,29-47,Intelligence Artificielle,,Joseph Constantin,,,Full-Reference Methods and Machine Learning,,Image Quality Assessment of Computer-generated Images: Based on Machine Learning and Soft Computing,,https://scholar.google.com/citations?view_op=view_citation&hl=en&user=WsPmH-8AAAAJ&cstart=20&pagesize=80&citation_for_view=WsPmH-8AAAAJ:eQOLeE2rZwMC,,Springer International Publishing,"André Bigand, Julien Dehos, Christophe Renaud, Joseph Constantin, André Bigand, Julien Dehos, Christophe Renaud, Joseph Constantin","This chapter introduces the application of machine learning to Image Quality Assessment (IQA) in the case of computer-generated images. The classical learning machines, like SVMs, are quickly remained and RVMs are presented to deal with this particular IQA case (noise features learning). A recently performed psycho-visual experiment provides psycho-visual scores on some synthetic images (learning database), and comprehensive testing demonstrates the good consistency between these scores and the quality measures we obtain. The proposed measure has also been compared with close methods like RBFs, MLPs, and SVMs and gives satisfactory performance.",intelligence artificielle,0.4
,,"Reduced-Reference Methods
A Bigand, J Dehos, C Renaud, J Constantin, A Bigand… - Image Quality Assessment of Computer-generated …, 2018
Related articles",2018,,,,,,49-70,Intelligence Artificielle,,Joseph Constantin,,,Reduced-Reference Methods,,Image Quality Assessment of Computer-generated Images: Based on Machine Learning and Soft Computing,,https://scholar.google.com/citations?view_op=view_citation&hl=en&user=WsPmH-8AAAAJ&cstart=20&pagesize=80&citation_for_view=WsPmH-8AAAAJ:UeHWp8X0CEIC,,Springer International Publishing,"André Bigand, Julien Dehos, Christophe Renaud, Joseph Constantin, André Bigand, Julien Dehos, Christophe Renaud, Joseph Constantin","Reduced-reference image quality assessment needs no prior knowledge of reference image but only a minimal knowledge about processed images. A new reduced-reference image quality measure, based on SVMs and RVMs, using a supervised learning framework and synthetic images is proposed in this chapter. This new metric is compared with experimental psycho-visual data with success and shows that inductive learning is a good solution to deal with small sizes of the databases of computer-generated images. As reduced-reference techniques need only small size of labeled samples, thus the rapidity of the learning process is increased.",intelligence artificielle,0.4
,,"Visual Impact of Rendering on Image Quality
A Bigand, J Dehos, C Renaud, J Constantin, A Bigand… - Image Quality Assessment of Computer-generated …, 2018
Related articles",2018,,,,,,19-27,Intelligence Artificielle,,Joseph Constantin,,,Visual Impact of Rendering on Image Quality,,Image Quality Assessment of Computer-generated Images: Based on Machine Learning and Soft Computing,,https://scholar.google.com/citations?view_op=view_citation&hl=en&user=WsPmH-8AAAAJ&cstart=20&pagesize=80&citation_for_view=WsPmH-8AAAAJ:2osOgNQ5qMEC,,Springer International Publishing,"André Bigand, Julien Dehos, Christophe Renaud, Joseph Constantin, André Bigand, Julien Dehos, Christophe Renaud, Joseph Constantin","To generate photo-realistic images, modern renderers generally use stochastic algorithms such as the path-tracing algorithm. These algorithms can produce high-quality images but may require a long computation time. Therefore, rendering is generally stopped after a given amount of time and the output image may not be fully converged. In this case, the resulting variance can be seen as noise.",intelligence artificielle,0.4
,2017 Fourth International Conference on Advances in Biomedical Engineering (ICABME),"Modelling the energy consumption of memory equipped wireless sensor nodes for healthcare
R Rammouz, L Labrak, N Abouchi, J Constantin… - 2017 Fourth International Conference on Advances in …, 2017
Related articles All 2 versions",2017/10/19,,,,,,1-4,Intelligence Artificielle,,Joseph Constantin,,,Modelling the energy consumption of memory equipped wireless sensor nodes for healthcare,,,,https://scholar.google.com/citations?view_op=view_citation&hl=en&user=WsPmH-8AAAAJ&cstart=20&pagesize=80&citation_for_view=WsPmH-8AAAAJ:UebtZRa9Y70C,,IEEE,"R Rammouz, L Labrak, N Abouchi, J Constantin, Y Zaatar, D Zaouk","The ever increasing number of people who need continuous medical attention coupled with the rising costs of healthcare have triggered the concept of remote patient monitoring. This can be achieved using wireless sensor nodes attached to the human body. Such technology is mainly limited by the amount of available energy. Thus efficient power consumption estimation in the early stage of the design is necessary. In this work, we aim to create a Matlab based model that helps the designer during that process. We will not only be able to determine the power consumption of the node based on the components used, but also on the daily routine of the patient. Moreover, the designer will be guided to the data backup strategy that suits his application best. He will also simulate memory usage and power consumption during the whole monitoring period. Future works will aim to upgrade the model in order to include …",intelligence artificielle,0.4
,"Advances in Computational Intelligence: 14th International Work-Conference on Artificial Neural Networks, IWANN 2017, Cadiz, Spain, June 14-16, 2017, Proceedings, Part I 14","Pooling Spike Neural Network for Acceleration of Global Illumination Rendering
J Constantin, A Bigand, I Constantin - … in Computational Intelligence: 14th International Work …, 2017
Related articles",2017,,,,,,199-211,Intelligence Artificielle,,Joseph Constantin,,,Pooling Spike Neural Network for Acceleration of Global Illumination Rendering,,,,https://scholar.google.com/citations?view_op=view_citation&hl=en&user=WsPmH-8AAAAJ&cstart=20&pagesize=80&citation_for_view=WsPmH-8AAAAJ:5nxA0vEk-isC,,Springer International Publishing,"Joseph Constantin, Andre Bigand, Ibtissam Constantin","The generation of photo-realistic images is a major topic in computer graphics. By using the principles of physical light propagation, images that are indistinguishable from real photographs can be generated. However, this computation is a very time-consuming task. When simulating the real behavior of light, individual images can take hours to be of sufficient quality. This paper proposes a bio-inspired architecture with spiking neurons for acceleration of global illumination rendering. This architecture with functional parts of sparse encoding, learning and decoding consists of a robust convergence measure on blocks. Feature, concatenation and prediction pooling coupled with three pooling operators: convolution, average and standard deviation are used in order to separate noise from signal. The pooling spike neural network (PSNN) represents a non-linear mapping from stochastic noise features of …",intelligence artificielle,0.4
,"2014 IEEE 16th International Conference on e-Health Networking, Applications and Services (Healthcom)","A global methodology for modeling and simulating medical systems
C El-Gemayel, F Jumel, N Abouchi, J Constantin… - 2014 IEEE 16th International Conference on e-Health …, 2014
Related articles All 3 versions",2014/10/15,,https://www.academia.edu/download/77065786/p414-el_gemayel.pdf,,,,466-471,Intelligence Artificielle,,Joseph Constantin,,,A global methodology for modeling and simulating medical systems,,,,https://scholar.google.com/citations?view_op=view_citation&hl=en&user=WsPmH-8AAAAJ&cstart=20&pagesize=80&citation_for_view=WsPmH-8AAAAJ:Tyk-4Ss8FVUC,,IEEE,"Ch El-Gemayel, Fabrice Jumel, Nacer Abouchi, Joseph Constantin, Doumit Zaouk","A mathematical representation of patient or device is presented by a number of variables which are defined to represent the inputs, outputs and a set of equations describing the interaction of these variables. This paper proposes a global methodology for modeling and simulation medical systems and human body, in order to analyze the performance and the quality of services of all system components. Beginning by defining a new prototype of a global and flexible architecture of mathematical model of human body, that is able to contain required data. Then, describing the simulations representation, by mentions in details the core simulator components, analyzer, and the quality of services indicators. Simulation of mathematical models provides useful tools for diagnosis and analyzing the interactions between efficacy, therapies, side-effects, and outcomes. This will help to better understand the human organism …",intelligence artificielle,0.4
,,"A prototype to generalize clinical cases of the glucose-insulin system
C El-Gemayel, F Jumel, J Constantin, D Zaouk… - BIOMEDICAL ENGINEERING-BIOMEDIZINISCHE …, 2014
Related articles",2014/10/1,59.0,,,,,S927-+,Intelligence Artificielle,,Joseph Constantin,,,A prototype to generalize clinical cases of the glucose-insulin system,,BIOMEDICAL ENGINEERING-BIOMEDIZINISCHE TECHNIK,,https://scholar.google.com/citations?view_op=view_citation&hl=en&user=WsPmH-8AAAAJ&cstart=20&pagesize=80&citation_for_view=WsPmH-8AAAAJ:YsMSGLbcyi4C,,WALTER DE GRUYTER GMBH,"Ch El-Gemayel, F Jumel, J Constantin, D Zaouk, N Abouchi","Simulating glucose-insulin system in normal life conditions can be very useful in medical research. The importance of simulation modeling in medical instrumentation is arriving to reduce medical errors, solve health problem and to improve patient safety. Without simulation, there was a delay in work progress and the cost was more expensive. There was a need for providing higher work productivity, minimum cost. This process enables to virtually investigate many prototypes and analyze all inputs and outputs, constraints and device behaviors.
This work proposes a new protype to generalize clinical cases of the glucose-insulin system, which help detecting performance of all system components. Mathematical representation of this model, and the implementation structure of it, that is composed from two main parts. The first part described as simulator components, contains patient, hardware interface components …",intelligence artificielle,0.4
,,"LSPB Trajectories Tracking Using Intelligent Self Constructing Recurrent Neural Robot Controller
J Constantin, D Hamad, I Constantin, N Akiki - 2008
Related articles",2008/1/1,,,,,,,Intelligence Artificielle,,Joseph Constantin,,,LSPB Trajectories Tracking Using Intelligent Self Constructing Recurrent Neural Robot Controller,,,,https://scholar.google.com/citations?view_op=view_citation&hl=en&user=WsPmH-8AAAAJ&cstart=20&pagesize=80&citation_for_view=WsPmH-8AAAAJ:mB3voiENLucC,,,"Joseph Constantin, Denis Hamad, Ibtissam Constantin, Naji Akiki",An intelligent tracking control system is designed for nonlinear robot manipulator. The controller which is implemented into the trajectory planner utilizes a recurrent self constructing RBF network in order to capture the system dynamics. The structure learning algorithm creates online new hidden neurons to increase the learning ability of the controller and removes insignificant neurons to reduce the computation load. The adaptive laws are derived in the sense of Lyapunov so that the whole closed loop is stable with no restrictive conditions on the design constants for the stability. A comparative analysis is performed between this controller and a feed-forward self constructing RBF controller in case of Linear Segments with Parabolic Blends trajectories tracking. The proposed controller presents higher performance for different cases of uncertainties in manipulator parameters.,intelligence artificielle,0.4
,,"SELF-ADAPTIVE RADIAL BASIS FUNCTION ROBOT CONTROLLER: A COMPARATIVE STUDY WITH MLP
J CONSTANTIN, C NASR - … Through Artificial Neural Networks: Proceedings of the …, 2003
Related articles",2003,13.0,,,,,305,Intelligence Artificielle,,Joseph Constantin,,,SELF-ADAPTIVE RADIAL BASIS FUNCTION ROBOT CONTROLLER: A COMPARATIVE STUDY WITH MLP,,Intelligent Engineering Systems Through Artificial Neural Networks: Proceedings of the Artificial Neural Networks in Engineering (ANNIE...) Conference,,https://scholar.google.com/citations?view_op=view_citation&hl=en&user=WsPmH-8AAAAJ&cstart=20&pagesize=80&citation_for_view=WsPmH-8AAAAJ:L8Ckcad2t8MC,,ASME Press,"JOSEPH CONSTANTIN, CHAÏBAN NASR","A self-adaptive radial basis function network controller is designed to control a 2D-Robot arm. The online parameter tuning algorithm of the RBF controller based on Lyapunov analysis guarantees stable and high performance tracking. The parameters of the learning rule are studied and chosen in order to assure small control errors and bounded neural network parameters. On several different tasks, a comparison study has been performed between this algorithm and an optimal MLP network controller based on Lyapunov technique. We show that the RBF algorithm presents more robustness in terms of stability and minimum error over the MLP algorithm. Moreover better performance was achieved against the impact of external perturbations and fluctuations in manipulator parameters.",intelligence artificielle,0.4
,,"Design of an intelligent learning approach for Image Noise Detection in Global Illumination methods
J Constantin, A Bigand, I Constantin, D Hamad
Related articles",,,,,,,,Intelligence Artificielle,,Joseph Constantin,,,Design of an intelligent learning approach for Image Noise Detection in Global Illumination methods,,,,https://scholar.google.com/citations?view_op=view_citation&hl=en&user=WsPmH-8AAAAJ&cstart=20&pagesize=80&citation_for_view=WsPmH-8AAAAJ:8k81kl-MbHgC,,,"Joseph Constantin, André Bigand, Ibtissam Constantin, Denis Hamad","This paper focuses on models of photo-realistic images rendering, especially unbiased algorithms of global illumination. Their interest is to calculate precisely illumination solution which allows producing realistic images based on the complex interactions between light and materials. However, these methods are prone to visual noise due to the stochastic nature of the underlying methods. This noise can be reduced by increasing the number of computed samples but simultaneously increasing the computation times as proved by Monte Carlo theory. We are interested in searching for automatic stopping criteria for these algorithms. More specifically, we focused on perceptual criteria allowing visible noise to be detected through any image. A novel approach is proposed in order to predict which image highlights perceptual noise based on Fast Relevance Vector Machine (FRVM). We calibrate the parameters of this …",intelligence artificielle,0.4
,,"Artificial Neural Networks Controllers for Better Tracking Performance in Robot Control
J Constantin, C Nasr, D Hamad
Related articles",,,,,,,,Intelligence Artificielle,,Joseph Constantin,,,Artificial Neural Networks Controllers for Better Tracking Performance in Robot Control,,,,https://scholar.google.com/citations?view_op=view_citation&hl=en&user=WsPmH-8AAAAJ&cstart=20&pagesize=80&citation_for_view=WsPmH-8AAAAJ:_FxGoFyzp5QC,,,"Joseph Constantin, Chaïban Nasr, Denis Hamad","This work introduces artificial neural networks in conventional control of robotic system for better tracking performance. Different advanced dynamic control techniques are explained and a new second order recursive algorithm has been developed to tune the weight of the neural network. In our simulations, we show the robustness of the second order recursive algorithm compared to the back-propagation method for different control techniques. Finally, we address the problem of real time control of Pendubot system in difficult situations. Examples as positioning and balancing structures are presented and performances are compared to a conventional PD controller.",intelligence artificielle,0.4
,,"A global architecture for patient simulator systems
C El-Gemayel, F Jumel, J Constantin, Y Zaatar…
Related articles",,,,,,,,Intelligence Artificielle,,Joseph Constantin,,,A global architecture for patient simulator systems,,,,https://scholar.google.com/citations?view_op=view_citation&hl=en&user=WsPmH-8AAAAJ&cstart=20&pagesize=80&citation_for_view=WsPmH-8AAAAJ:zYLM7Y9cAGgC,,,"Ch El-Gemayel, F Jumel, J Constantin, Y Zaatar, D Zaouk, N Abouchi","The importance of simulation modeling in medical instrumentation is arriving to reduce medical errors, solve health problem and to improve patient safety. Without simulation, there was a delay in work progress and the cost was more expensive. There was a need for providing higher work productivity, minimum cost. This process enables to virtually investigate many prototypes and analyze all inputs and outputs, constraints and device behaviors. This work proposes a global architecture for patient simulators for detecting performance, of all system components. The architecture composed from two main parts. The first part described as simulator components, contains patient, hardware interface components and scenarios. And the second part concerning simulations representation, which can contains simulations of: a medical system, framework, actuator, sensors and patient. Simulation of mathematical models used …",intelligence artificielle,0.4
,,"André Bigand· Julien Dehos Christophe Renaud
J Constantin
Related articles All 3 versions",,,https://www.aitskadapa.ac.in/e-books/CSE/COMPUTER%20NETWORKS/Image%20Quality%20Assessment%20of%20Computer-generated%20Images_%20Based%20on%20Machine%20Learning%20and%20Soft%20Computing%20(%20PDFDrive%20).pdf,,,,,Intelligence Artificielle,,Joseph Constantin,,,André Bigand· Julien Dehos Christophe Renaud,,,,https://scholar.google.com/citations?view_op=view_citation&hl=en&user=WsPmH-8AAAAJ&cstart=20&pagesize=80&citation_for_view=WsPmH-8AAAAJ:u-x6o8ySG0sC,,,Joseph Constantin,"The measure of image (videos) quality remains a research challenge and a very active field of investigation considering image processing. One solution consists of providing a subjective score to the image quality (according to a reference or without reference) obtained from human observers. The setting of such psycho-visual tests is very expensive (considering time and human organization) and needs clear and strict proceedings. Algorithmic solutions have been developed (objective scores) to avoid such tests. Some of these techniques are based on the modeling of the Human Visual System (HVS) to mimic the human behavior, but they are complex. In the case of natural scenes, a great number of image (or video) quality databases exist that makes possible the validation of these different techniques. Soft computing (machine learning, fuzzy logic, etc.), widely used in many scientific fields such as biology …",intelligence artificielle,0.4
