Book,Conference,Scholar articles,Publication date,Volume,PDF Link,Patent office,Report number,Source,Pages,Research Interests,Total citations,Researcher Name,Inventors,Patent number,Title,Institution,Journal,Application number,Scholar Link,Issue,Publisher,Authors,Description,Classified_Topic,Classification_Confidence
,,"Elso: A blockchain-based technique for a reliable and secure healthcare information exchange
J Merhej, H Harb, A Abouaissa, L Idoumghar… - Arabian Journal for Science and Engineering, 2024
Cited by 5 Related articles All 3 versions",2024/9,49.0,,,,,12005-12025,AI- Blockchain,Cited by 5,Joseph Saad Merhej,,,Elso: A blockchain-based technique for a reliable and secure healthcare information exchange,,Arabian Journal for Science and Engineering,,https://scholar.google.com/citations?view_op=view_citation&hl=en&user=84bEvBYAAAAJ&citation_for_view=84bEvBYAAAAJ:2osOgNQ5qMEC,9.0,Springer Berlin Heidelberg,"Joseph Merhej, Hassan Harb, Abdelhafid Abouaissa, Lhassane Idoumghar, Samir Ouchani","Nowadays, healthcare takes a great attention from people and governments due to the emergence of new diseases and viruses. Health Information Exchange (HIE) allows doctors, clinicians, and healthcare facilities (HCF) to exchange and share patient records according to patient permission. Unfortunately, the HIE systems suffer from several challenges such as security, privacy, latency, throughput, and scalability. Thus, researchers proposed many techniques for efficient HIE, but they did not cover all challenges. This paper proposes an efficient architecture called ELSO that combines between public blockchain and off-chain in order to enhance the integrity and privacy of HIE systems. In this architecture, the patient information is divided into two categories: relative data containing personal information that will be stored in the public blockchain; sensitive data describing the patient situation that will be stored in the …",ai- blockchain,0.204
,,"Toward a New Era of Smart and Secure Healthcare Information Exchange Systems: Combining Blockchain and Artificial Intelligence
J Merhej, H Harb, A Abouaissa, L Idoumghar - Applied Sciences, 2024
Cited by 4 Related articles All 2 versions",2024/9/30,14.0,https://www.mdpi.com/2076-3417/14/19/8808,,,,8808,AI- Blockchain,Cited by 4,Joseph Saad Merhej,,,Toward a New Era of Smart and Secure Healthcare Information Exchange Systems: Combining Blockchain and Artificial Intelligence,,Applied Sciences,,https://scholar.google.com/citations?view_op=view_citation&hl=en&user=84bEvBYAAAAJ&citation_for_view=84bEvBYAAAAJ:9yKSN-GCB0IC,19.0,MDPI,"Joseph Merhej, Hassan Harb, Abdelhafid Abouaissa, Lhassane Idoumghar","Healthcare Information Exchange (HIE) is becoming a fundamental operation in current healthcare systems. In such systems, electronic health records (EHRs) are digitally stored inside each medical centers and, sometimes, are required to be shared between various healthcare facilities (HCFs). Indeed, sharing patient information is crucial and might be vulnerable to power outages, data misuse, privacy or security violations, and an audit trail. Hence, researchers have focused recently on cutting-edge technologies to develop secure HIE systems and ensure data privacy during transactions. Among such technologies, blockchain and artificial intelligence (AI) occupy a vital role in researchers’ focuses and efforts to detect risky transactions in HIE systems, thus enhancing their security and privacy. While the blockchain allows HCFs to link to each other without requiring a central authority, AI models offer an additional security layer when sharing patient data between HCFs. This paper presents a survey about HIE systems, and the aim is two-fold: we first present the architecture of HIE systems along with their challenges; then, we categorize and classify the current state-the-art-techniques that show the potential of using blockchain and AI technologies in such systems.",ai- blockchain,0.203
,2023 IEEE International Conference on Enabling Technologies: Infrastructure for Collaborative Enterprises (WETICE),"DeepChain: a deep learning and blockchain based framework for detecting risky transactions on HIE system
J Merhej, H Harb, A Abouaissa, L Idoumghar - 2023 IEEE International Conference on Enabling …, 2023
Cited by 4 Related articles All 2 versions",2023/12/14,,,,,,1-6,AI- Blockchain,Cited by 4,Joseph Saad Merhej,,,DeepChain: a deep learning and blockchain based framework for detecting risky transactions on HIE system,,,,https://scholar.google.com/citations?view_op=view_citation&hl=en&user=84bEvBYAAAAJ&citation_for_view=84bEvBYAAAAJ:u-x6o8ySG0sC,,IEEE,"Joseph Merhej, Hassan Harb, Abdelhafid Abouaissa, Lhassane Idoumghar","Nowadays, Healthcare Information Exchange (HIE) plays a vital role in healthcare systems; it allows healthcare providers to access and share patient medical data electronically and securely. Subsequently, HIE eliminates redundant or unnecessary testing, and improves public health reporting and monitoring. Security is a very important challenge in the HIE systems since data are exchanged between different healthcare facilities (HCF), thus, the data are subject to be modified or altered. Hence, detecting modified or risky transactions is becoming a fundamental operation in HIE systems. In this paper, we propose a secure framework that combines between deep learning and blockchain, called as DeepChain, for detecting risky transactions in HIE systems. On one hand, DeepChain uses two types of blockchain to enhance the data security: a blockchain to store ordinary patient data, and an off-chain to store the …",ai- blockchain,0.204
,2023 International Wireless Communications and Mobile Computing (IWCMC),"Octa pillars-based approach to select the best blockchain-based solutions in healthcare information exchange
J Merhej, H Harb, A Abouaissa, L Idoumghar… - 2023 International Wireless Communications and …, 2023
Cited by 3 Related articles All 2 versions",2023/6/19,,,,,,1124-1129,AI- Blockchain,Cited by 3,Joseph Saad Merhej,,,Octa pillars-based approach to select the best blockchain-based solutions in healthcare information exchange,,,,https://scholar.google.com/citations?view_op=view_citation&hl=en&user=84bEvBYAAAAJ&citation_for_view=84bEvBYAAAAJ:d1gkVwhDpl0C,,IEEE,"Joseph Merhej, Hassan Harb, Abdelhafid Abouaissa, Lhassane Idoumghar, Samir Ouchani","Nowadays, health care has become a constant concern of all countries around the world, especially after the emergence of the Coronavirus (COVID-19) and all its variants. Billions of dollars are being paid through the World Health Organization to improve health care. Scientific research laboratories play a pioneering role in this area as well. Due to the importance of information related to the patient and his medical history, it is necessary to exchange these information between various health centers in order to be better treated. Security in Health care information exchange (HIE) plays an important role because different healthcare facilities (HCFs) exchange sensitive data which can affect the patient’s privacy. Researchers propose many approaches in order to enhance security and maintain privacy. They also try to solve many drawbacks in this field like efficiency, accuracy, and scalability. Unfortunately, all the …",ai- blockchain,0.204
,International Conference on Sensor Networks,"Geolocalization in Smart Environment
J Merhej, J Demerjian, K Fares, JB Abdo, A Makhoul - International Conference on Sensor Networks, 2019
Cited by 1 Related articles All 8 versions",2019/2/26,,https://hal.science/hal-02472595/file/116985b3-35c4-4c35-b798-e15310ee7852-author.pdf,,,,,AI- Blockchain,Cited by 1,Joseph Saad Merhej,,,Geolocalization in Smart Environment,,,,https://scholar.google.com/citations?view_op=view_citation&hl=en&user=84bEvBYAAAAJ&citation_for_view=84bEvBYAAAAJ:qjMakFHDy7sC,,,"Joseph Merhej, Jacques Demerjian, Karla Fares, Jacques Bou Abdo, Abdallah Makhoul","Nowadays, wireless indoor positioning systems have become very familiar, and widespread all over the world. They are successfully used in many applications including tracking objects e.g. Firemen who usually face life-threatening situations. Indoor positioning systems become critically convenient in such scenarios. This paper deals with the tracking of a group of firemen during their mission in order to have a real-time visibility of their coordinates. These firemen are armed by smart sensors and are, at the same time, active in a smart environment containing referenced nodes. This paper will propose two approaches: ‘Centralized Emission’, and ‘Broadcast Emission’ and will describe the proposed method to calculate the firemen’s coordinates.",ai- blockchain,0.2
,,"CoAP/DTLS Protocols in IoT Based on Blockchain Light Certificate.
D Khoury, S Haddad, P Sondi, P Balian, H Harb… - Internet of Things (IoT), 2025
Related articles All 3 versions",2025/3/1,6.0,,,,,,AI- Blockchain,,Joseph Saad Merhej,,,CoAP/DTLS Protocols in IoT Based on Blockchain Light Certificate.,,Internet of Things (IoT),,https://scholar.google.com/citations?view_op=view_citation&hl=en&user=84bEvBYAAAAJ&citation_for_view=84bEvBYAAAAJ:Y0pCki6q_DkC,1.0,,"David Khoury, Samir Haddad, Patrick Sondi, Patrick Balian, Hassan Harb, Kassem Danach, Joseph Merhej, Jinane Sayah","Abstract The Internet of Things (IoT) is expanding rapidly, but the security of IoT devices remains a noteworthy concern due to resource limitations and existing security conventions. This research investigates and proposes the use of a Light certificate with the Constrained Application Protocol (CoAP) instead of the X509 certificate based on traditional PKI/CA. We start by analyzing the impediments of current CoAP security over DTLS with the certificate mode based on CA root in the constrained IoT device and suggest the implementation of LightCert4IoT for CoAP over DTLS. The paper also describes a new modified handshake protocol in DTLS applied for IoT devices and Application server certificate authentication verification by relying on a blockchain without the complication of the signed certificate and certificate chain. This approach streamlines the DTLS handshake process and reduces cryptographic overhead …",ai- blockchain,0.205
,2024 International Conference on Computer and Applications (ICCA),"Flexible Granular Deep Learning Voting Architecture
C Kallab, S Haddad, J Charafeddine, J Merhej… - 2024 International Conference on Computer and …, 2024
Related articles All 2 versions",2024/12/17,,,,,,1-8,AI- Blockchain,,Joseph Saad Merhej,,,Flexible Granular Deep Learning Voting Architecture,,,,https://scholar.google.com/citations?view_op=view_citation&hl=en&user=84bEvBYAAAAJ&citation_for_view=84bEvBYAAAAJ:YsMSGLbcyi4C,,IEEE,"Chadi Kallab, Samir Haddad, Jinan Charafeddine, Joseph Merhej, Nisrine Turkey, Jinane Sayah","The recognition of sleep stages is a very complex and novel topic for many physicians. In an attempt to capitalise on the advances in this field of computing, a number of machine learning algorithms have attempted to replicate the actions that physicians conduct. Deep learning researchers are attempting to create and assess a variety of models and building blocks to assist physicians with their analysis because the polysomnograph's structure is a challenging combination of reasonably comparable components. In this work, we present a broad yet adaptable architecture that leverages the main driving force behind voting systems to enable scientists and doctors to incorporate as many criteria or blocks as required.",ai- blockchain,0.2
,2024 International Conference on Computer and Applications (ICCA),"Generic Simulated Evolution and Stochastic Evolution
C Kallab, S Haddad, WMR Shakir, J Merhej, N Turkey… - 2024 International Conference on Computer and …, 2024
Related articles",2024/12/17,,,,,,01-05,AI- Blockchain,,Joseph Saad Merhej,,,Generic Simulated Evolution and Stochastic Evolution,,,,https://scholar.google.com/citations?view_op=view_citation&hl=en&user=84bEvBYAAAAJ&citation_for_view=84bEvBYAAAAJ:W7OEmFMy1HYC,,IEEE,"Chadi Kallab, Samir Haddad, Wafaa MR Shakir, Joseph Merhej, Nisrine Turkey, Jinane Sayah","The problem of Multiple Sequence Alignment is regarded as one of the many issues that are categorized as NP-Hard. Firstly, it necessitates, like any other such system, a specific encoding scheme and precise design of the key characteristics of the heuristic algorithm being created and implemented. This paper aims to clarify our suggested universal interpretation of the stochastic evolution (Stoc-E) and Simulated Evolution (SimE) algorithms. Undoubtedly, heuristic search methods such as Sim-E and Stoc-E are more effective than the simplified local search methods observed in Genetic Algorithms (GA), Simulated Annealing (SA), and Tabu Search (TS), which we have already analyzed, for tackling these kinds of problems. Although other works in the literature have examined the use of refined methodology or a restricted set of heuristics, we have steadfastly adhered to our original objective of aligning as many …",ai- blockchain,0.2
