Book,Conference,Scholar articles,Publication date,Volume,PDF Link,Patent office,Report number,Source,Pages,Research Interests,Total citations,Researcher Name,Inventors,Patent number,Title,Institution,Journal,Application number,Scholar Link,Issue,Publisher,Authors,Description,Classified_Topic,Classification_Confidence
,,"Effects of applying repeated readings method on reading fluency and passage comprehension of slow learners
L Bendak - Middle East Journal of Family Medicine, 2018
Cited by 12 Related articles All 4 versions",2018/1/1,16.0,http://www.mejfm.com/January%202018/Slow%20learners.pdf,,,,232-237,"Special Education, Educational psychology, Assistive Technology",Cited by 12,Lama Bendak,,,Effects of applying repeated readings method on reading fluency and passage comprehension of slow learners,,Middle East Journal of Family Medicine,,https://scholar.google.com/citations?view_op=view_citation&hl=en&user=O3GDwDkAAAAJ&citation_for_view=O3GDwDkAAAAJ:2osOgNQ5qMEC,1.0,,Lama Bendak,"Children who are slow learners face difficulties with their reading fluency and passage comprehension. The purpose of this study is to investigate the importance of reading repetition for slow learners which reflects positively on their reading fluency and passage comprehension. For this purpose, twenty slow learners, whose ages ranged from 5.5 to 8.5 years and who are studying in grades 1, 2 and 3, were recruited from two private schools in Lebanon. Those students were divided equally into two groups, a control and an experimental group. The measuring instrument used in this study was the Woodcock-Johnson III Test of Achievement reading fluency and passage comprehension sections. A pretest was done on all 20 students during the first trimester of the 2016-17 school year. Then a repeated English readings program was applied for two trimesters on the experimental group. Descriptive statistics and independent samples t-test were used to analyze the findings. Results of this study showed significant statistical differences to the benefit of the experimental group over the control group regarding reading fluency and passage comprehension.",special education,0.4
,,"Using math app monster numbers for improving calculation of mild intellectual disability students
L Bendak - World Family Medicine Journal: Incorporating the …, 2018
Cited by 10 Related articles All 4 versions",2018/2,99.0,http://www.mejfm.com/February%202018/MathsApp.pdf,,,,1-5,"Special Education, Educational psychology, Assistive Technology",Cited by 10,Lama Bendak,,,Using math app monster numbers for improving calculation of mild intellectual disability students,,World Family Medicine Journal: Incorporating the Middle East Journal of Family Medicine,,https://scholar.google.com/citations?view_op=view_citation&hl=en&user=O3GDwDkAAAAJ&citation_for_view=O3GDwDkAAAAJ:u5HHmVD_uO8C,5832.0,medi+ WORLD International,Lama Bendak,"The purpose of this study is to highlight the importance of mobile math games for mildly intellectually disabled students which will reflect positively on their calculations. The quantitative approach was adopted where the total number of the intellectually disabled students in the study was 10 from two private schools. The study was limited to grades 1, 2 and 3, whose ages ranged from 6.8 to 9.10. The students were divided into two groups, where the control group had 5 mildly intellectually disabled students and the experimental group also had 5 mildly intellectually disabled students. The measuring instrument or tool that was used in this study is the Woodcock-Johnson III, Test of Achievement limited to the calculation section. The pretest was done during the first trimester of the school year. Then the educational math games for kids “Monster Numbers”: addition, subtraction, numbers intervention was applied for two trimesters. After that, the posttest was done and the results were submitted for analysis, where the means and standard deviations, the independent samples T-test, and the paired samples T-test were calculated. The results of this study showed statistical differences to the benefit of the experimental group over the control group.",assistive technology,0.4
,,"Using physical activities for improving spatial relations of students with Down Syndrome
L Bendak - … in Family Medicine Residency Program in Qatar …, 2018
Cited by 8 Related articles All 5 versions",2018/8/1,7.0,http://www.mejfm.com/Newarchives2013/WFMAugust2018.pdf#page=38,,,,,"Special Education, Educational psychology, Assistive Technology",Cited by 8,Lama Bendak,,,Using physical activities for improving spatial relations of students with Down Syndrome,,Professionalism in Family Medicine Residency Program in Qatar............ page 4,,https://scholar.google.com/citations?view_op=view_citation&hl=en&user=O3GDwDkAAAAJ&citation_for_view=O3GDwDkAAAAJ:d1gkVwhDpl0C,10.0,,Lama Bendak,"The purpose of this study is to highlight the importance of physical activities for Down syndrome students which will reflect positively on their spatial relations. The quantitative approach was adopted where the total number of the Down syndrome students in the field of study was 10, from two private schools. The study is limited to grades 1, 2 and 3 students, whose ages range from 6.4 to 10.11 years. The students were divided into two groups where the control group was 5 Down syndrome students and the experimental group was also 5 Down syndrome students. The measuring instrument or tool that was used in this study was the Woodcock-Johnson III, Test of Achievement limited to the spatial relations section. A pretest was done on all 10 students during the first trimester of the school year. Then the physical activities intervention was applied for two trimesters. After that, the posttest was applied and the results were submitted to analysis, where the means and standard deviations, the independent samples T-test, and the paired samples T-test were calculated. The results of this study showed statistical differences to the benefit of the experimental group over the control group.",special education,0.4
,,"The effect of motivational public speaking training on oral skills achievement of fifth graders
L Bendak - World Family Medicine Journal/Middle East Journal of …, 2019
Cited by 4 Related articles All 4 versions",2019/2/1,17.0,http://mejfm.com/February2019/Oral%20Skills.pdf,,,,49-56,"Special Education, Educational psychology, Assistive Technology",Cited by 4,Lama Bendak,,,The effect of motivational public speaking training on oral skills achievement of fifth graders,,World Family Medicine Journal/Middle East Journal of Family Medicine,,https://scholar.google.com/citations?view_op=view_citation&hl=en&user=O3GDwDkAAAAJ&citation_for_view=O3GDwDkAAAAJ:9yKSN-GCB0IC,2.0,,Lama Bendak,"This study has investigated the effect of training on motivational public speaking skills on fifth graders’ oral skills achievement in a local private school in Beirut. The quantitative approach was adopted where the total number of learners in the study was 48. The sample was divided into two groups, where the control group had 25 learners from a fifth grade class, and the experimental group had 23 learners from another section. The averages of the oral skills achievement grades of both groups were recorded prior to and after the intervention period on the first and second trimesters respectively. The intervention covered two training modules on motivation and public speaking skills from the “Changing Tomorrow” program (VanTassel-Baska & Avery, 2013). The training was implemented for the experimental group over a period of three months. After that, the results were analyzed using independent sample T-tests and paired sample T-tests. The findings showed a statistically significant increase in the oral skills achievement scores of the experimental group.",special education,0.4
,,"The Role of Individual Educational Plans in Helping Cycle One Students with Dyslexia to Become Better Readers.
L Bendak - Middle East Journal of Family Medicine, 2011
Cited by 3 Related articles All 4 versions",2011/11/1,9.0,,,,,,"Special Education, Educational psychology, Assistive Technology",Cited by 3,Lama Bendak,,,The Role of Individual Educational Plans in Helping Cycle One Students with Dyslexia to Become Better Readers.,,Middle East Journal of Family Medicine,,https://scholar.google.com/citations?view_op=view_citation&hl=en&user=O3GDwDkAAAAJ&citation_for_view=O3GDwDkAAAAJ:qjMakFHDy7sC,9.0,,L Bendak,"The purpose of this study is to highlight the importance and role of Individual Educational Plans (IEP) in helping students with Dyslexia, ages six to nine at cycle one of their elementary education. This study emphasizes the need for special education departments in schools where special education teachers can enhance the educational development of students with Dyslexia through the IEPs that identify the individual points of strength and weakness of the student with Dyslexia. The results of this study showed that the efficacy of the IEP on the development of the reading level varied depending on the initial level of difficulty of the student.",special education,0.613
,,"“Virtual Autism” and Excessive Screen Exposure in Children Aged 0-3 Years: A Cross-sectional Study in the Lebanese Context
I Al Moussawi, L Bendak, H Ziab - International Journal of Pediatrics and Adolescent …, 2024
Cited by 2 Related articles All 2 versions",2024/12/1,11.0,https://journals.lww.com/ijpam/fulltext/2024/12000/_virtual_autism__and_excessive_screen_exposure_in.6.aspx,,,,116-127,"Special Education, Educational psychology, Assistive Technology",Cited by 2,Lama Bendak,,,“Virtual Autism” and Excessive Screen Exposure in Children Aged 0-3 Years: A Cross-sectional Study in the Lebanese Context,,International Journal of Pediatrics and Adolescent Medicine,,https://scholar.google.com/citations?view_op=view_citation&hl=en&user=O3GDwDkAAAAJ&citation_for_view=O3GDwDkAAAAJ:UeHWp8X0CEIC,4.0,Medknow,"Issa Al Moussawi, Lama Bendak, Hussein Ziab","Background
Autism spectrum disorder (ASD), characterized by complex neurobiological traits, lacks specific biomarkers, necessitating an in-depth behavioral assessment. This study investigates the relationship between early ASD symptoms and excessive screen exposure in early childhood (0–3 years), introducing the concept of “Virtual Autism” by considering variables such as gender, age of exposure initiation, screen duration, and screen type. Moreover, the study seeks to provide insights into potential gender-specific differences in screen exposure effects and the necessity for targeted interventions.
Methods
A descriptive cross-sectional design is used, with 73 participants from the south of Lebanon. The study includes a comprehensive questionnaire incorporating behavioral characteristics derived from existing literature and the Early Childhood Autism Rating Scale. Participants were systematically selected …",special education,0.4
,,"The Effect of"" Talk It Out"" on Six Graders' Beliefs about Aggression and Alternatives.
L Bendak - Middle East Journal of Psychiatry & Alzheimers, 2018
Related articles All 3 versions",2018/9/1,9.0,,,,,,"Special Education, Educational psychology, Assistive Technology",,Lama Bendak,,,"The Effect of"" Talk It Out"" on Six Graders' Beliefs about Aggression and Alternatives.",,Middle East Journal of Psychiatry & Alzheimers,,https://scholar.google.com/citations?view_op=view_citation&hl=en&user=O3GDwDkAAAAJ&citation_for_view=O3GDwDkAAAAJ:u-x6o8ySG0sC,1.0,,Lama Bendak,"The purpose of this study is to investigate the effectiveness of"" Talk It Out"" conflict resolution program on six graders' beliefs about aggression and alternatives in a local school in Beirut. The quantitative approach was adopted where the total number of learners in the study was 51, from the same school, and whose ages ranged from 10.6 to 11.4 years. The sample was divided into two groups, where the control group had 25 learners from a grade 6 class, and the experimental group had 26 learners from another section. The measuring instrument that was used in this study is the"" Beliefs about Aggression and Alternatives"" survey. A pretest was done to both groups prior to the intervention period. Then, the"" Talk It Out"" program was employed for the experimental group over a period of five weeks. After that, the posttest was done and the results were analyzed using independent sample T-tests and paired sample …",special education,0.4
,https://waset.org/,,2016,10.0,,,,,2052-2055,"Special Education, Educational psychology, Assistive Technology",,Lama Bendak,,,The-role-of-individual-educational-plans-in-helping-cycle-one-attention-deficit-hyperactivity-students-on-the-behavioral-level,,,,https://scholar.google.com/citations?view_op=view_citation&hl=en&user=O3GDwDkAAAAJ&citation_for_view=O3GDwDkAAAAJ:Y0pCki6q_DkC,,International Scholarly and Scientific Research & Innovation 10(06) 2016,L Bendak,,educational psychology,0.221
,,,2016,,,,,,216,"Special Education, Educational psychology, Assistive Technology",,Lama Bendak,,,البرنامج التربوي الفردي للتلامذة ذوي الحاجات الخاصة,,,,https://scholar.google.com/citations?view_op=view_citation&hl=en&user=O3GDwDkAAAAJ&citation_for_view=O3GDwDkAAAAJ:Tyk-4Ss8FVUC,,,بنداق، لمى,,Unclassified,0.0
,,,2013,,,,,,272,"Special Education, Educational psychology, Assistive Technology",,Lama Bendak,,,إضطراب قلة التركيز وكثرة الحركة,,,,https://scholar.google.com/citations?view_op=view_citation&hl=en&user=O3GDwDkAAAAJ&citation_for_view=O3GDwDkAAAAJ:zYLM7Y9cAGgC,,,بنداق، لمى,,Unclassified,0.0
,,,2010,,,,,,160,"Special Education, Educational psychology, Assistive Technology",,Lama Bendak,,,صعوبة القراءة,,,,https://scholar.google.com/citations?view_op=view_citation&hl=en&user=O3GDwDkAAAAJ&citation_for_view=O3GDwDkAAAAJ:IjCSPb-OGe4C,,,بنداق، لمى,,Unclassified,0.0
