Book,Conference,Scholar articles,Publication date,Volume,PDF Link,Patent office,Report number,Source,Pages,Research Interests,Total citations,Researcher Name,Inventors,Patent number,Title,Institution,Journal,Application number,Scholar Link,Issue,Publisher,Authors,Description,Classified_Topic,Classification_Confidence
,,"Carbohydrate-based electrochemical biosensor for detection of a cancer biomarker in human plasma
M Devillers, L Ahmad, H Korri-Youssoufi, L Salmon - Biosensors and Bioelectronics, 2017
Cited by 30 Related articles All 4 versions",2017/10/15,96.0,,,,,178-185,Pharmacy - medicinal chemistry,Cited by 30,Lama Houssein Ahmad,,,Carbohydrate-based electrochemical biosensor for detection of a cancer biomarker in human plasma,,Biosensors and Bioelectronics,,https://scholar.google.com/citations?view_op=view_citation&hl=en&user=xrYk_Q4AAAAJ&citation_for_view=xrYk_Q4AAAAJ:9yKSN-GCB0IC,,Elsevier,"Marion Devillers, Lama Ahmad, Hafsa Korri-Youssoufi, Laurent Salmon","Autocrine motility factor (AMF) is a tumor-secreted cytokine that stimulates tumor cell motility in vitro and metastasis in vivo. AMF could be detected in serum or urine of cancer patients with worse prognosis. Reported as a cancer biomarker, AMF secretion into body fluids might be closely related to metastases formation. In this study, a sensitive and specific carbohydrate-based electrochemical biosensor was designed for the detection and quantification of a protein model of AMF, namely phosphoglucose isomerase from rabbit muscle (RmPGI). Indeed, RmPGI displays high homology with AMF and has been shown to have AMF activity. The biosensor was constructed by covalent binding of the enzyme substrate d-fructose 6-phosphate (F6P). Immobilization was achieved on a gold surface electrode following a bottom-up approach through an aminated surface obtained by electrochemical patterning of ethylene …",pharmacy - medicinal chemistry,0.3
,,"Electrochemical detection of the human cancer biomarker ‘autocrine motility factor-phosphoglucose isomerase’based on a biosensor formed with a monosaccharidic inhibitor
L Ahmad, L Salmon, H Korri-Youssoufi - Sensors and Actuators B: Chemical, 2019
Cited by 21 Related articles All 3 versions",2019/11/15,299.0,https://www.sciencedirect.com/science/article/am/pii/S0925400519311323,,,,126933,Pharmacy - medicinal chemistry,Cited by 21,Lama Houssein Ahmad,,,Electrochemical detection of the human cancer biomarker ‘autocrine motility factor-phosphoglucose isomerase’based on a biosensor formed with a monosaccharidic inhibitor,,Sensors and Actuators B: Chemical,,https://scholar.google.com/citations?view_op=view_citation&hl=en&user=xrYk_Q4AAAAJ&citation_for_view=xrYk_Q4AAAAJ:u-x6o8ySG0sC,,Elsevier,"Lama Ahmad, Laurent Salmon, Hafsa Korri-Youssoufi","Human intracellular glycolytic enzyme phosphoglucose isomerase (hPGI) plays the role of autocrine motility factor (AMF) once secreted in the extracellular medium. AMF is a cytokine that stimulates tumor cell motility in vitro and metastases development in vivo. High blood levels of the protein have been reported to be closely related to metastases formation. Since it is secreted by a large variety of tumors, AMF is considered as a validated cancer biomarker. In this work, we report a specific and sensitive electrochemical biosensor designed for the detection and quantification of AMF which is a cancer biomarker present in urine and/or blood of cancer patients. Overexpression and purification of the human protein were performed as well as the synthesis of the inhibitor N-(5-phosphate-D-arabinoyl)-2-amino ethanamine that selectively interacts with the protein. Affinity of the inhibitor for the protein was first evaluated by …",pharmacy - medicinal chemistry,0.3
,,"Novel N-substituted 5-phosphate-d-arabinonamide derivatives as strong inhibitors of phosphoglucose isomerases: Synthesis, structure-activity relationship and crystallographic studies
L Ahmad, S Plancqueel, N Lazar, H Korri-Youssoufi… - Bioorganic Chemistry, 2020
Cited by 11 Related articles All 7 versions",2020/9/1,102.0,https://www.sciencedirect.com/science/article/am/pii/S0045206820313456,,,,104048,Pharmacy - medicinal chemistry,Cited by 11,Lama Houssein Ahmad,,,"Novel N-substituted 5-phosphate-d-arabinonamide derivatives as strong inhibitors of phosphoglucose isomerases: Synthesis, structure-activity relationship and crystallographic …",,Bioorganic Chemistry,,https://scholar.google.com/citations?view_op=view_citation&hl=en&user=xrYk_Q4AAAAJ&citation_for_view=xrYk_Q4AAAAJ:qjMakFHDy7sC,,Academic Press,"Lama Ahmad, Stéphane Plancqueel, Noureddine Lazar, Hafsa Korri-Youssoufi, Inès Li de La Sierra-Gallay, Herman van Tilbeurgh, Laurent Salmon","Phosphoglucose isomerase (PGI) is a cytosolic enzyme that catalyzes the reversible interconversion of d-glucose 6-phosphate and d-fructose 6-phosphate in glycolysis. Outside the cell, PGI is also known as autocrine motility factor (AMF), a cytokine secreted by a large variety of tumor cells that stimulates motility of cancer cells in vitro and metastases development in vivo. Human PGI and AMF are strictly identical proteins both in terms of sequence and 3D structure, and AMF activity is known to involve, at least in part, the enzymatic active site. Hence, with the purpose of finding new strong AMF-PGI inhibitors that could be potentially used as anticancer agents and/or as bioreceptors for carbohydrate-based electrochemical biosensors, we report in this study the synthesis and kinetic evaluation of several new human PGI inhibitors derived from the synthon 5-phospho-d-arabinono-1,4-lactone. Although not designed as …",pharmacy - medicinal chemistry,0.3
,,"Crystal structure of phosphomannose isomerase from Candida albicans complexed with 5‐phospho‐d‐arabinonhydrazide
L Ahmad, S Plancqueel, V Dubosclard, N Lazar… - FEBS letters, 2018
Cited by 11 Related articles All 6 versions",2018/5,592.0,https://febs.onlinelibrary.wiley.com/doi/pdfdirect/10.1002/1873-3468.13059,,,,1667-1680,Pharmacy - medicinal chemistry,Cited by 11,Lama Houssein Ahmad,,,Crystal structure of phosphomannose isomerase from Candida albicans complexed with 5‐phospho‐d‐arabinonhydrazide,,FEBS letters,,https://scholar.google.com/citations?view_op=view_citation&hl=en&user=xrYk_Q4AAAAJ&citation_for_view=xrYk_Q4AAAAJ:u5HHmVD_uO8C,10.0,,"Lama Ahmad, Stéphane Plancqueel, Virginie Dubosclard, Noureddine Lazar, Wadih Ghattas, Inès Li de la Sierra‐Gallay, Herman Van Tilbeurgh, Laurent Salmon","Type I phosphomannose isomerases (PMIs) are zinc‐dependent monofunctional metalloenzymes catalysing the reversible isomerization of d‐mannose 6‐phosphate to d‐fructose 6‐phosphate. 5‐Phospho‐d‐arabinonhydrazide (5PAHz), designed as an analogue of the enediolate high‐energy intermediate, strongly inhibits PMI from Candida albicans (CaPMI). In this study, we report the 3D crystal structure of CaPMI complexed with 5PAHz at 1.85 Å resolution. The high‐resolution structure suggests that Glu294 is the catalytic base that transfers a proton between the C1 and C2 carbon atoms of the substrate. Bidentate coordination of the inhibitor explains the stereochemistry of the isomerase activity, as well as the absence of both anomerase and C2‐epimerase activities for Type I PMIs. A detailed mechanism of the reversible isomerization is proposed.",pharmacy - medicinal chemistry,0.3
,,"Health-related quality of life of medical students during the COVID-19 pandemic: A cross-sectional study in Lebanon
S Awada, L Ahmad, RB Assi, Z Rafei, CA Omar… - Power and Education, 2024
Cited by 7 Related articles All 6 versions",2024/3/1,16.0,https://journals.sagepub.com/doi/full/10.1177/17577438231155628,,,,1-13,Pharmacy - medicinal chemistry,Cited by 7,Lama Houssein Ahmad,,,Health-related quality of life of medical students during the COVID-19 pandemic: A cross-sectional study in Lebanon,,Power and Education,,https://scholar.google.com/citations?view_op=view_citation&hl=en&user=xrYk_Q4AAAAJ&citation_for_view=xrYk_Q4AAAAJ:UeHWp8X0CEIC,1.0,SAGE Publications,"Sanaa Awada, Lama Ahmad, Roula Bou Assi, Zad Rafei, Chaza Abou Omar, Georges Hatem","Objectives
This study aims to assess (i) the health-related Quality of Life (QoL) of medical students in Lebanon, (ii) its association with their general characteristics, and (iii) to investigate the combined effects of the predictors affecting the quality of life of students.
Methods
An observational cross-sectional study was performed over three months, targeting 401 medical students from six universities. The 36-item Short Form survey was used to quantify the different QoL scores.
Results
The physical component (PC) domains had higher scores than the mental component (MC) ones (70.2 vs. 55.9). Students aged 30 years or less had higher scores in all the PC domains than older students (70.9 vs. 59.3; p<0.010) but comparable scores in the MC domains (55.6 vs. 59.8; p>0.050). Single students had a significantly higher role-emotional score (63.5 vs. 49.0; p<0.050), and those studying in public universities had greater …",pharmacy - medicinal chemistry,0.3
,,"Inhibitors of Candida albicans phosphomannose isomerase and autocrine motility factor for therapeutic purposes: kinetic, structural, mecanistic and diagnostic studies
L Ahmad - 2017
Related articles",2017/12/1,,,,,,,Pharmacy - medicinal chemistry,,Lama Houssein Ahmad,,,"Inhibitors of Candida albicans phosphomannose isomerase and autocrine motility factor for therapeutic purposes: kinetic, structural, mecanistic and diagnostic studies",,,,https://scholar.google.com/citations?view_op=view_citation&hl=en&user=xrYk_Q4AAAAJ&citation_for_view=xrYk_Q4AAAAJ:2osOgNQ5qMEC,,< bound method Organization. get_name_with_acronym of< Organization: TEL-Thèses en ligne>>,Lama Ahmad,"Phosphoglucose isomerase (PGI) and type I phosphomannose isomerase (PMI), a zinc metalloenzyme, catalyze the reversible isomerization of β-D-fructose 6-phosphate (F6P) to α-D-glucose 6-phosphate (G6P) and β-D-mannose 6-phosphate (M6P), respectively. These two enzymes are potential therapeutic targets. Human PGI (hPGI) often called as AMF-PGI (autocrine motility factor-PGI), in addition to its intracellular glycolytic activity, stimulates cell migration in vitro and metastasis in vivo. Inhibition of its extracellular activity is obviously interesting in oncology. On the other hand, Candida albicans is the main yeast involved in human pathology. During recent years, resistance of this pathogenic fungus to conventional antifungal drugs appeared. Consequently, research is moving towards new therapeutic targets, including C. albicans PMI (CaPMI) that plays an important role in the biosynthesis of mannosylated …",pharmacy - medicinal chemistry,0.3
,,"Inhibiteurs à visée thérapeutique de la phosphomannose isomérase de Candida albicans et du facteur de motilité autocrine: études cinétiques, structurales, mécanistiques et diagnostiques
L Ahmad - 2017
Related articles All 5 versions",2017/12/1,,https://theses.hal.science/tel-02117107/document,,,,,Pharmacy - medicinal chemistry,,Lama Houssein Ahmad,,,"Inhibiteurs à visée thérapeutique de la phosphomannose isomérase de Candida albicans et du facteur de motilité autocrine: études cinétiques, structurales, mécanistiques et …",Université Paris Saclay (COmUE),,,https://scholar.google.com/citations?view_op=view_citation&hl=en&user=xrYk_Q4AAAAJ&citation_for_view=xrYk_Q4AAAAJ:d1gkVwhDpl0C,,,Lama Ahmad,"La phophomannose isomérase de type I (PMI), une métalloenzyme à zinc, et la phosphoglucose isomérase (PGI), catalysent l’isomérisation réversible du β-D-fructose-6-phosphate (F6P), respectivement en β-D-mannose-6-phosphate (M6P) et en α-D-glucose-6-phosphate (G6P). Ces deux enzymes sont des cibles thérapeutiques potentielles. La phosphoglucose isomérase humaine (hPGI), connu également sous le nom de facteur de motilité autocrine (AMF), stimule, en plus de son activité glycolytique intracellulaire, la migration des cellules in vitro et le développement de métastases in vivo. D'autre part, Candida albicans est la principale levure impliquée en pathologie humaine. Ces dernières années, un problème de résistance du germe aux antifongiques classiques est apparu. En conséquence, la recherche se dirige vers de nouvelles cibles thérapeutiques, dont la PMI de C. albicans (CaPMI) qui joue un rôle important dans la biosynthèse de structures mannosylées nécessaires à la survie du pathogène. Les réactions catalysées par ces deux enzymes mettent en jeu le même intermédiaire de haute énergie (IHE) de type 1,2-cis-ènediolate, sauf qu’il est coordiné au zinc dans le cas de la PMI. La surexpression ainsi que la purification de CaPMI et de hPGI ont été réalisées au laboratoire. Une petite chimiothèque a été créée à partir du 5-phospho-D-arabinono-1,4-lactone (5-PAL) en modulant la partie tête de l’IHE. Un groupe chélatant du zinc (zinc binding group, ZBG) a été introduit dans plusieurs composés dans le but d’inhiber sélectivement CaPMI. De plus, deux composés possédant en partie tête une fonction amine terminale ont été …",pharmacy - medicinal chemistry,0.3
