Book,Conference,Scholar articles,Publication date,Volume,PDF Link,Patent office,Report number,Source,Pages,Research Interests,Total citations,Researcher Name,Inventors,Patent number,Title,Institution,Journal,Application number,Scholar Link,Issue,Publisher,Authors,Description,Classified_Topic,Classification_Confidence
,,"Gain-of-function mutations in TRPM4 cause autosomal dominant isolated cardiac conduction disease
H Liu, L El Zein, M Kruse, R Guinamard, A Beckmann… - Circulation: Cardiovascular Genetics, 2010
Cited by 238 Related articles All 10 versions",2010/8,3.0,https://www.ahajournals.org/doi/full/10.1161/CIRCGENETICS.109.930867,,,,374-385,"genetic, genomic, molecular biology, cilia, SARS-CoV-2",Cited by 238,loubna EL ZEIN,,,Gain-of-Function Mutations in TRPM4 Cause Autosomal Dominant Isolated Cardiac Conduction Disease,,Circulation: Cardiovascular Genetics,,https://scholar.google.com/citations?view_op=view_citation&hl=en&user=5SSW3zUAAAAJ&citation_for_view=5SSW3zUAAAAJ:2osOgNQ5qMEC,4.0,Lippincott Williams & Wilkins,"Hui Liu, Loubna El Zein, Martin Kruse, Romain Guinamard, Alf Beckmann, André Bozio, Güven Kurtbay, André Mégarbané, Iris Ohmert, Gérard Blaysat, Elisabeth Villain, Olaf Pongs, Patrice Bouvagnet","Background
Isolated cardiac conduction block is a relatively common condition in young and elderly populations. Genetic predisposing factors have long been suspected because of numerous familial case reports. Deciphering genetic predisposing factors of conduction blocks may give a hint at stratifying conduction block carriers in a more efficient way.
Methods and Results
One Lebanese family and 2 French families with autosomal dominant isolated cardiac conduction blocks were used for linkage analysis. A maximum combined multipoint lod score of 10.5 was obtained on a genomic interval including more than 300 genes. After screening 12 genes of this interval for mutation, we found a heterozygous missense mutation of the TRPM4 gene in each family (p.Arg164Trp, p.Ala432Thr, and p.Gly844Asp). This gene encodes the TRPM4 channel, a calcium-activated nonselective cation channel of the transient …",genetic,0.604
,,"RFX3 governs growth and beating efficiency of motile cilia in mouse and controls the expression of genes involved in human ciliopathies
L El Zein, A Ait-Lounis, L Morlé, J Thomas, B Chhin… - Journal of cell science, 2009
Cited by 140 Related articles All 13 versions",2009/9/1,122.0,https://access.archive-ouverte.unige.ch/access/metadata/2e595ce2-e29b-4a55-9a5e-c524ad462cea/download,,,,3180-3189,"genetic, genomic, molecular biology, cilia, SARS-CoV-2",Cited by 140,loubna EL ZEIN,,,RFX3 governs growth and beating efficiency of motile cilia in mouse and controls the expression of genes involved in human ciliopathies,,Journal of cell science,,https://scholar.google.com/citations?view_op=view_citation&hl=en&user=5SSW3zUAAAAJ&citation_for_view=5SSW3zUAAAAJ:u-x6o8ySG0sC,17.0,Company of Biologists,"Loubna El Zein, Aouatef Ait-Lounis, Laurette Morlé, Joëlle Thomas, Brigitte Chhin, Nathalie Spassky, Walter Reith, Bénédicte Durand","Cilia are cellular organelles that play essential physiological and developmental functions in various organisms. They can be classified into two categories, primary cilia and motile cilia, on the basis of their axonemal architecture. Regulatory factor X (RFX) transcription factors have been shown to be involved in the assembly of primary cilia in Caenorhabditis elegans, Drosophila and mice. Here, we have taken advantage of a novel primary-cell culture system derived from mouse brain to show that RFX3 is also necessary for biogenesis of motile cilia. We found that the growth and beating efficiencies of motile cilia are impaired in multiciliated Rfx3–/– cells. RFX3 was required for optimal expression of the FOXJ1 transcription factor, a key player in the differentiation program of motile cilia. Furthermore, we demonstrate for the first time that RFX3 regulates the expression of axonemal dyneins involved in ciliary motility by …",cilia,0.604
,,"Lateralization defects and ciliary dyskinesia: lessons from algae
L El Zein, H Omran, P Bouvagnet - TRENDS in Genetics, 2003
Cited by 72 Related articles All 10 versions",2003/3/1,19.0,https://www.academia.edu/download/72885065/s0168-9525_2803_2900026-x20211016-5255-vr8dq3.pdf,,,TRENDS in Genetics,162-167,"genetic, genomic, molecular biology, cilia, SARS-CoV-2",Cited by 72,loubna EL ZEIN,,,Lateralization defects and ciliary dyskinesia: lessons from algae,,,,https://scholar.google.com/citations?view_op=view_citation&hl=en&user=5SSW3zUAAAAJ&citation_for_view=5SSW3zUAAAAJ:d1gkVwhDpl0C,3.0,Elsevier,"Loubna El Zein, Heymut Omran, Patrice Bouvagnet","Flagella and cilia are two very similar organelles that ‘beat' to move cells and to propel fluid over tissues. They are highly conserved, being found in organisms ranging from prokaryotes to plant and animal eukaryotes. In humans, cilia are present in almost every organ, and several human conditions involve dysfunctional cilia; for example, lateralization defects, where the positions of organs are reversed, and primary ciliary dyskinesia, a rare condition where patients suffer from recurrent respiratory infections. In this article, we will discuss how information gained from studies on algae has aided research into these human diseases. These studies found a variety of functions that was previously unsuspected, renewing interest in cilia.",cilia,0.605
,,"Rare predicted loss-of-function variants of type I IFN immunity genes are associated with life-threatening COVID-19
D Matuozzo, E Talouarn, A Marchal, P Zhang, J Manry… - Genome medicine, 2023
Cited by 69 Related articles All 59 versions
Rare predicted loss-of-function variants of type I IFN immunity genes are associated with critical COVID-19*
D Matuozzo, E Talouarn, A Marchal, J Manry… - 2022
Cited by 1 Related articles All 2 versions",2023/4/5,15.0,https://link.springer.com/article/10.1186/s13073-023-01173-8,,,,22,"genetic, genomic, molecular biology, cilia, SARS-CoV-2",Cited by 70,loubna EL ZEIN,,,Rare predicted loss-of-function variants of type I IFN immunity genes are associated with life-threatening COVID-19,,Genome medicine,,https://scholar.google.com/citations?view_op=view_citation&hl=en&user=5SSW3zUAAAAJ&citation_for_view=5SSW3zUAAAAJ:YsMSGLbcyi4C,1.0,BioMed Central,"Daniela Matuozzo, Estelle Talouarn, Astrid Marchal, Peng Zhang, Jeremy Manry, Yoann Seeleuthner, Yu Zhang, Alexandre Bolze, Matthieu Chaldebas, Baptiste Milisavljevic, Adrian Gervais, Paul Bastard, Takaki Asano, Lucy Bizien, Federica Barzaghi, Hassan Abolhassani, Ahmad Abou Tayoun, Alessandro Aiuti, Ilad Alavi Darazam, Luis M Allende, Rebeca Alonso-Arias, Andrés Augusto Arias, Gokhan Aytekin, Peter Bergman, Simone Bondesan, Yenan T Bryceson, Ingrid G Bustos, Oscar Cabrera-Marante, Sheila Carcel, Paola Carrera, Giorgio Casari, Khalil Chaïbi, Roger Colobran, Antonio Condino-Neto, Laura E Covill, Ottavia M Delmonte, Loubna El Zein, Carlos Flores, Peter K Gregersen, Marta Gut, Filomeen Haerynck, Rabih Halwani, Selda Hancerli, Lennart Hammarström, Nevin Hatipoğlu, Adem Karbuz, Sevgi Keles, Christèle Kyheng, Rafael Leon-Lopez, Jose Luis Franco, Davood Mansouri, Javier Martinez-Picado, Ozge Metin Akcan, Isabelle Migeotte, Pierre-Emmanuel Morange, Guillaume Morelle, Andrea Martin-Nalda, Giuseppe Novelli, Antonio Novelli, Tayfun Ozcelik, Figen Palabiyik, Qiang Pan-Hammarström, Rebeca Pérez de Diego, Laura Planas-Serra, Daniel E Pleguezuelo, Carolina Prando, Aurora Pujol, Luis Felipe Reyes, Jacques G Rivière, Carlos Rodriguez-Gallego, Julian Rojas, Patrizia Rovere-Querini, Agatha Schlüter, Mohammad Shahrooei, Ali Sobh, Pere Soler-Palacin, Yacine Tandjaoui-Lambiotte, Imran Tipu, Cristina Tresoldi, Jesus Troya, Diederik van de Beek, Mayana Zatz, Pawel Zawadzki, Saleh Zaid Al-Muhsen, Mohammed Faraj Alosaimi, Fahad M Alsohime, Hagit Baris-Feldman, Manish J Butte, Stefan N Constantinescu, Megan A Cooper, Clifton L Dalgard, Jacques Fellay, James R Heath, Yu-Lung Lau, Richard P Lifton, Tom Maniatis, Trine H Mogensen, Horst von Bernuth, Alban Lermine, Michel Vidaud, Anne Boland, Jean-François Deleuze, Robert Nussbaum, Amanda Kahn-Kirby, France Mentre, Sarah Tubiana, Guy Gorochov, Florence Tubach, Pierre Hausfater, COVID-STORM Clinicians Foti Giuseppe Bellani Giacomo Citerio Giuseppe Contro Ernesto Pesci Alberto Valsecchi Maria Grazia Cazzaniga Marina, Orchestra Working Group Abel Laurent Berkell Matilda Carelli Valerio Fiorentino Alessia Malhotra Surbi Mattiaccio Alessandro Pippucci Tommaso Seri Marco Tacconelli Evelina, Isabelle Meyts, Shen-Ying Zhang, Anne Puel, Luigi D Notarangelo, Stephanie Boisson-Dupuis, Helen C Su, Bertrand Boisson, Emmanuelle Jouanguy, Jean-Laurent Casanova, Qian Zhang, Laurent Abel, Aurélie Cobat","Background
We previously reported that impaired type I IFN activity, due to inborn errors of TLR3- and TLR7-dependent type I interferon (IFN) immunity or to autoantibodies against type I IFN, account for 15–20% of cases of life-threatening COVID-19 in unvaccinated patients. Therefore, the determinants of life-threatening COVID-19 remain to be identified in ~ 80% of cases.
Methods
We report here a genome-wide rare variant burden association analysis in 3269 unvaccinated patients with life-threatening COVID-19, and 1373 unvaccinated SARS-CoV-2-infected individuals without pneumonia. Among the 928 patients tested for autoantibodies against type I IFN, a quarter (234) were positive and were excluded.
Results
No gene reached genome-wide significance. Under a recessive model, the most significant gene with at-risk variants was TLR7, with an OR of 27.68 (95%CI 1.5–528.7, P = 1.1 × 10−4) for …",genetic,0.4
,,"Mutational analysis of SARS-CoV-2 ORF8 during six months of COVID-19 pandemic
A Alkhansa, G Lakkis, L El Zein - Gene reports, 2021
Cited by 35 Related articles All 5 versions",2021/6/1,23.0,https://pmc.ncbi.nlm.nih.gov/articles/PMC7813478/pdf/main.pdf,,,,101024,"genetic, genomic, molecular biology, cilia, SARS-CoV-2",Cited by 35,loubna EL ZEIN,,,Mutational analysis of SARS-CoV-2 ORF8 during six months of COVID-19 pandemic,,Gene reports,,https://scholar.google.com/citations?view_op=view_citation&hl=en&user=5SSW3zUAAAAJ&citation_for_view=5SSW3zUAAAAJ:ufrVoPGSRksC,,Elsevier,"Ahmad Alkhansa, Ghayas Lakkis, Loubna El Zein","SARS-CoV-2, the causal agent of COVID 19, is a new human pathogen that appeared in Wuhan, late December 2019. SARS-CoV-2 is a positive sense RNA virus, having four structural and six accessory proteins including that encoded by ORF8 gene known to be one of the most hypervariable and rapidly evolving genes. Thus, global characterization of mutations in this gene is important for pathogenicity and diagnostics. 240 different nonsynonymous mutations and 2 deletions were identified in 45,400 ORF8 nucleotide sequences during six months pandemic with about half of these variants were deleterious for ORF8, and the quarter of them were located in conserved amino acids. Genetic diversity analysis showed two main regions that harbor L84S and S24L. L84S is by far the most predominant mutation, followed by S24L that appeared first in USA. Phylogenetic analysis of ORF8 variants revealed the …",genetic,0.604
,,"Next‐generation sequencing in a series of 80 fetuses with complex cardiac malformations and/or heterotaxy
H Liu, AG Giguet‐Valard, T Simonet, E Szenker‐Ravi… - Human mutation, 2020
Cited by 32 Related articles All 9 versions",2020/12,41.0,https://onlinelibrary.wiley.com/doi/pdfdirect/10.1002/humu.24132,,,,2167-2178,"genetic, genomic, molecular biology, cilia, SARS-CoV-2",Cited by 32,loubna EL ZEIN,,,Next‐generation sequencing in a series of 80 fetuses with complex cardiac malformations and/or heterotaxy,,Human mutation,,https://scholar.google.com/citations?view_op=view_citation&hl=en&user=5SSW3zUAAAAJ&citation_for_view=5SSW3zUAAAAJ:zYLM7Y9cAGgC,12.0,,"Hui Liu, Anna‐Gaëlle Giguet‐Valard, Thomas Simonet, Emmanuelle Szenker‐Ravi, Laetitia Lambert, Catherine Vincent‐Delorme, Sophie Scheidecker, Mélanie Fradin, Fanny Morice‐Picard, Sophie Naudion, Viorica Ciorna‐Monferrato, Estelle Colin, Florence Fellmann, Sophie Blesson, Pierre‐Simon Jouk, Christine Francannet, Florence Petit, Sébastien Moutton, Daphné Lehalle, Nicolas Chassaing, Loubna El Zein, Anne Bazin, Claire Bénéteau, Tania Attié‐Bitach, Sylvie M Hanu, Marie‐Pierre Brechard, Jean Chiesa, Laurent Pasquier, Caroline Rooryck, Lionel Van Maldergem, Christelle Cabrol, Salima El Chehadeh, Alexandre Vasiljevic, Bertrand Isidor, Carine Abel, Julien Thevenon, Sylvie Di Filippo, Adeline Vigouroux‐Castera, Jocelyne Attia, Chloé Quelin, Sylvie Odent, Juliette Piard, Fabienne Giuliano, Audrey Putoux, Philippe Khau Van Kien, Catherine Yardin, Renaud Touraine, Bruno Reversade, Patrice Bouvagnet","Herein, we report the screening of a large panel of genes in a series of 80 fetuses with congenital heart defects (CHDs) and/or heterotaxy and no cytogenetic anomalies. There were 49 males (61%/39%), with a family history in 28 cases (35%) and no parental consanguinity in 77 cases (96%). All fetuses had complex CHD except one who had heterotaxy and midline anomalies while 52 cases (65%) had heterotaxy in addition to CHD. Altogether, 29 cases (36%) had extracardiac and extra‐heterotaxy anomalies. A pathogenic variant was found in 10/80 (12.5%) cases with a higher percentage in the heterotaxy group (8/52 cases, 15%) compared with the non‐heterotaxy group (2/28 cases, 7%), and in 3 cases with extracardiac and extra‐heterotaxy anomalies (3/29, 10%). The inheritance was recessive in six genes (DNAI1, GDF1, MMP21, MYH6, NEK8, and ZIC3) and dominant in two genes (SHH and TAB2). A …",genetic,0.6
,,"A novel alpha cardiac actin (ACTC1) mutation mapping to a domain in close contact with myosin heavy chain leads to a variety of congenital heart defects, arrhythmia and possibly midline defects
C Augiere, S Megy, R El Malti, A Boland, L El Zein… - PLoS One, 2015
Cited by 23 Related articles All 22 versions",2015/6/10,10.0,https://journals.plos.org/plosone/article?id=10.1371/journal.pone.0127903,,,,e0127903,"genetic, genomic, molecular biology, cilia, SARS-CoV-2",Cited by 23,loubna EL ZEIN,,,A Novel Alpha Cardiac Actin (ACTC1) Mutation Mapping to a Domain in Close Contact with Myosin Heavy Chain Leads to a Variety of Congenital Heart Defects …,,PLoS One,,https://scholar.google.com/citations?view_op=view_citation&hl=en&user=5SSW3zUAAAAJ&citation_for_view=5SSW3zUAAAAJ:9yKSN-GCB0IC,6.0,Public Library of Science,"Céline Augiere, Simon Megy, Rajae El Malti, Anne Boland, Loubna El Zein, Bernard Verrier, André Megarbane, Jean-François Deleuze, Patrice Bouvagnet","Background
A Lebanese Maronite family presented with 13 relatives affected by various congenital heart defects (mainly atrial septal defects), conduction tissue anomalies and midline defects. No mutations were found in GATA4 and NKX2-5.
Methods and Results
A set of 399 poly(AC) markers was used to perform a linkage analysis which peaked at a 2.98 lod score on the long arm of chromosome 15. The haplotype analysis delineated a 7.7 meganucleotides genomic interval which included the alpha-cardiac actin gene (ACTC1) among 36 other protein coding genes. A heterozygous missense mutation was found (c.251T>C, p.(Met84Thr)) in the ACTC1 gene which changed a methionine residue conserved up to yeast. This mutation was absent from 1000 genomes and exome variant server database but segregated perfectly in this family with the affection status. This mutation and 2 other ACTC1 mutations (p.(Glu101Lys) and p.(Met125Val)) which result also in congenital heart defects are located in a region in close apposition to a myosin heavy chain head region by contrast to 3 other alpha-cardiac actin mutations (p.(Ala297Ser),p.(Asp313His) and p.(Arg314His)) which result in diverse cardiomyopathies and are located in a totally different interaction surface.
Conclusions
Alpha-cardiac actin mutations lead to congenital heart defects, cardiomyopathies and eventually midline defects. The consequence of an ACTC1 mutation may in part be dependent on the interaction surface between actin and myosin.",genomic,0.603
,,"Identification of transcripts overexpressed during airway epithelium differentiation
B Chhin, JT Pham, L El Zein, K Kaiser, O Merrot… - European Respiratory Journal, 2008
Cited by 9 Related articles All 8 versions",2008/6/30,32.0,https://publications.ersnet.org/content/erj/32/1/121.full.pdf,,,,121-128,"genetic, genomic, molecular biology, cilia, SARS-CoV-2",Cited by 9,loubna EL ZEIN,,,Identification of transcripts overexpressed during airway epithelium differentiation,,European Respiratory Journal,,https://scholar.google.com/citations?view_op=view_citation&hl=en&user=5SSW3zUAAAAJ&citation_for_view=5SSW3zUAAAAJ:qjMakFHDy7sC,1.0,European Respiratory Society,"Brigitte Chhin, JT Pham, Loubna El Zein, Karine Kaiser, O Merrot, Patrice Bouvagnet","Human airway epithelium, the defence at the forefront of protecting the respiratory tract, evacuates inhaled particles by a permanent beating of epithelial cell cilia. When deficient, this organelle causes primary ciliary dyskinesia, and, despite numerous studies, data regarding ciliated cell gene expression remain incomplete. The aim of the present study was to identify genes specifically expressed in human ciliated respiratory cells via transcriptional analysis.
The transcriptome of dedifferentiated epithelial cells was subtracted from that of fully redifferentiated cells using complementary DNA representational difference analysis. In order to validate the results, gene overexpression in ciliated cells was confirmed by real-time PCR, and by comparing the present list of genes overexpressed in ciliated cells to lists obtained in previous studies.
A total of 53 known and 12 unknown genes overexpressed in ciliated cells …",cilia,0.604
,,"Rare predicted loss-of-function variants of type I IFN immunity genes are associated with life-threatening COVID-19. Genome Med. 15, 22
D Matuozzo, E Talouarn, A Marchal, P Zhang, J Manry… - 2023
Cited by 8 Related articles",2023,,,,,,,"genetic, genomic, molecular biology, cilia, SARS-CoV-2",Cited by 8,loubna EL ZEIN,,,"Rare predicted loss-of-function variants of type I IFN immunity genes are associated with life-threatening COVID-19. Genome Med. 15, 22",,,,https://scholar.google.com/citations?view_op=view_citation&hl=en&user=5SSW3zUAAAAJ&citation_for_view=5SSW3zUAAAAJ:hqOjcs7Dif8C,,,"D Matuozzo, E Talouarn, A Marchal, P Zhang, J Manry, Y Seeleuthner, Y Zhang, A Bolze, M Chaldebas, B Milisavljevic, A Gervais, P Bastard, T Asano, L Bizien, F Barzaghi, H Abolhassani, A Abou Tayoun, A Aiuti, I Alavi Darazam, LM Allende, R Alonso-Arias, AA Arias, G Aytekin, P Bergman, S Bondesan, YT Bryceson, IG Bustos, O Cabrera-Marante, S Carcel, P Carrera, G Casari, K Chaïbi, R Colobran, A Condino-Neto, LE Covill, OM Delmonte, L El Zein, C Flores, PK Gregersen, M Gut, F Haerynck, R Halwani, S Hancerli, L Hammarström, N Hatipoglu, A Karbuz, S Keles, C Kyheng, R Leon-Lopez, JL Franco, D Mansouri, J Martinez-Picado, O Metin Akcan, I Migeotte, PE Morange, G Morelle, A Martin-Nalda, G Novelli, A Novelli, T Ozcelik, F Palabiyik, Q Pan-Hammarström, RP de Diego, L Planas-Serra, DE Pleguezuelo, C Prando, A Pujol, LF Reyes, JG Riviere, C Rodriguez-Gallego, J Rojas, P Rovere-Querini, A Schlüter, M Shahrooei, A Sobh, P Soler-Palacin, Y Tandjaoui-Lambiotte, I Tipu, C Tresoldi, J Troya, D van de Beek, M Zatz, P Zawadzki, SZ Al-Muhsen, MF Alosaimi, FM Alsohime, H Baris-Feldman, MJ Butte, SN Constantinescu, MA Cooper, CL Dalgard, J Fellay, JR Heath, YL Lau, RP Lifton, T Maniatis, TH Mogensen, H von Bernuth, A Lermine, M Vidaud",,genetic,0.4
,,"Gain-of-function mutations in TRPM4 cause autosomal dominant isolated cardiac conduction disease. Circ Cardiovasc Genet 3: 374–385
H Liu, L El Zein, M Kruse, R Guinamard, A Beckmann… - 2010
Cited by 5 Related articles",2010,,,,,,,"genetic, genomic, molecular biology, cilia, SARS-CoV-2",Cited by 5,loubna EL ZEIN,,,Gain-of-function mutations in TRPM4 cause autosomal dominant isolated cardiac conduction disease. Circ Cardiovasc Genet 3: 374–385,,,,https://scholar.google.com/citations?view_op=view_citation&hl=en&user=5SSW3zUAAAAJ&citation_for_view=5SSW3zUAAAAJ:Tyk-4Ss8FVUC,,Epub 2010/06/22,"H Liu, L El Zein, M Kruse, R Guinamard, A Beckmann, A Bozio, G Kurtbay, A Megarbane, I Ohmert, G Blaysat, E Villain, O Pongs, P Bouvagnet",,genetic,0.4
,,"Wild wheat rhizosphere-associated plant growth-promoting bacteria exudates: effect on root development in modern wheat and composition
H Zhour, F Bray, I Dandache, G Marti, S Flament… - International Journal of Molecular Sciences, 2022
Cited by 3 Related articles All 17 versions",2022/12/3,23.0,https://www.mdpi.com/1422-0067/23/23/15248,,,,15248,"genetic, genomic, molecular biology, cilia, SARS-CoV-2",Cited by 3,loubna EL ZEIN,,,Wild wheat rhizosphere-associated plant growth-promoting bacteria exudates: effect on root development in modern wheat and composition,,International Journal of Molecular Sciences,,https://scholar.google.com/citations?view_op=view_citation&hl=en&user=5SSW3zUAAAAJ&citation_for_view=5SSW3zUAAAAJ:UebtZRa9Y70C,23.0,MDPI,"Houssein Zhour, Fabrice Bray, Israa Dandache, Guillaume Marti, Stéphanie Flament, Amélie Perez, Maëlle Lis, Llorenç Cabrera-Bosquet, Thibaut Perez, Cécile Fizames, Ezekiel Baudoin, Ikram Madani, Loubna El Zein, Anne-Aliénor Véry, Christian Rolando, Hervé Sentenac, Ali Chokr, Jean-Benoît Peltier","Diazotrophic bacteria isolated from the rhizosphere of a wild wheat ancestor, grown from its refuge area in the Fertile Crescent, were found to be efficient Plant Growth-Promoting Rhizobacteria (PGPR), upon interaction with an elite wheat cultivar. In nitrogen-starved plants, they increased the amount of nitrogen in the seed crop (per plant) by about twofold. A bacterial growth medium was developed to investigate the effects of bacterial exudates on root development in the elite cultivar, and to analyze the exo-metabolomes and exo-proteomes. Altered root development was observed, with distinct responses depending on the strain, for instance, with respect to root hair development. A first conclusion from these results is that the ability of wheat to establish effective beneficial interactions with PGPRs does not appear to have undergone systematic deep reprogramming during domestication. Exo-metabolome analysis revealed a complex set of secondary metabolites, including nutrient ion chelators, cyclopeptides that could act as phytohormone mimetics, and quorum sensing molecules having inter-kingdom signaling properties. The exo-proteome-comprised strain-specific enzymes, and structural proteins belonging to outer-membrane vesicles, are likely to sequester metabolites in their lumen. Thus, the methodological processes we have developed to collect and analyze bacterial exudates have revealed that PGPRs constitutively exude a highly complex set of metabolites; this is likely to allow numerous mechanisms to simultaneously contribute to plant growth promotion, and thereby to also broaden the spectra of plant genotypes (species and …",cilia,0.4
,,"Diagnostik und Therapie der primären ziliären Dyskinesie
H Omran - Kinder-und Jugendmedizin, 2006
Cited by 1 Related articles",2006,6.0,,,,,171-178,"genetic, genomic, molecular biology, cilia, SARS-CoV-2",Cited by 1,loubna EL ZEIN,,,Diagnostik und Therapie der primären ziliären Dyskinesie,,Kinder-und Jugendmedizin,,https://scholar.google.com/citations?view_op=view_citation&hl=en&user=5SSW3zUAAAAJ&citation_for_view=5SSW3zUAAAAJ:WF5omc3nYNoC,3.0,Schattauer GmbH,Heymut Omran,"Die primäre ziliäre Dyskinesie (PCD) ist eine klinisch und genetisch heterogene hereditäre Erkrankung. Der komplexe Phänotyp der Erkrankung erklärt sich durch angeborene Dysfunktionen respiratorischer Flimmerhärchen (Zilien), embryonaler Zilien und von Spermienschwänzen. Aufgrund einer verminderten mukoziliären Reinigung der Atemwege entwickeln Betroffene rezidivierende Infektionen der oberen und unteren Atemwege. Embryonale Ziliendefekte sind dafür verantwortlich, dass die Hälfte der PCD-Patienten einen Situs inversus (Kartagener-Syndrom) aufgrund einer zufälligen Anordnung der Links/Rechts-Körperasymmetrie aufweist. Bei betroffenen Männern verursacht eine Fehlfunktion der Spermienschwänze oft eine verminderte Fertilität (∼60%). Bei klinischem Verdacht kann die Diagnose durch Elektronenmikroskopie, hoch auflösende Immunfluoreszenzmikroskopie, und/oder …",genetic,0.4
,,"Étude des voies de conduction cardiaque: identification des gènes spécifiquement exprimés et impliqués dans des troubles de conduction
L El Zein - 2003
Cited by 1 Related articles All 6 versions",2003/9/16,,https://theses.hal.science/tel-00521428/file/El_Zein_Loubna.pdf,,,,,"genetic, genomic, molecular biology, cilia, SARS-CoV-2",Cited by 1,loubna EL ZEIN,,,Étude des voies de conduction cardiaque: identification des gènes spécifiquement exprimés et impliqués dans des troubles de conduction,Université Claude Bernard-Lyon I,,,https://scholar.google.com/citations?view_op=view_citation&hl=en&user=5SSW3zUAAAAJ&citation_for_view=5SSW3zUAAAAJ:u5HHmVD_uO8C,,,Loubna El Zein,"Notre objectif est d'identifier un gène muté responsable d'une forme familiale de bloc de conduction cardiaque. Cette maladie, à transmission autosomique dominante, a été localisée sur le chromosome 19q13.3 dans un intervalle de 10 cM. L'étude de liaison nous a permis de réduire l'intervalle à 7 cM. Par l'approche de gènes candidats nous avons cherché des mutations dans les parties codantes de 9 gènes, mais aucune anomalie n'a été identifiée. Les données du séquençage du génome humain montrent qu'il y a plus de 100 gènes dans cet intervalle. Nous avons donc entrepris l'approche de la RDA (Representational Difference Analysis) afin de sélectionner les gènes spécifiquement exprimés dans les voies de conduction cardiaque, en supposant que le gène responsable de la maladie est exprimé spécifiquement dans ce tissu. Ce travail nécessite l'extraction spécifique des transcrits des voies de conduction cardiaque (impossible chez l'homme). Nous avons donc choisi de travailler sur le coeur de bovin. Nous avons réalisé toutes les étapes jusqu'à l'obtention des clones. Après séquençage et tri informatique, nous avons obtenus une quarantaine de clones correspondants seulement à une quinzaine de gènes dont la fonction et la localisation chromosomique sur le génome humain est connue. Nous avons vérifié la spécificité tissulaire par RT-PCR et la localisation cellulaire des transcrits spécifiques est testée par l'hybridation In Situ, en cours d'optimisation. En parallèle, nous avons localisé le syndrome de Kartagener lié à l'X en Xq21-q24 chez une famille française à un intervalle de 34 cM, et nous avons exclu deux gènes MID2 et …",genetic,0.4
,,"Cardiogenetics in the year 2000
S Pinson, C Guichard, D Lenoir, L El Zein, P Nizard… - Archives des maladies du coeur et des vaisseaux, 2000
Cited by 1 Related articles All 4 versions",2000/5/1,93.0,,,,Archives des maladies du coeur et des vaisseaux,595-611,"genetic, genomic, molecular biology, cilia, SARS-CoV-2",Cited by 1,loubna EL ZEIN,,,Cardiogenetics in the year 2000,,,,https://scholar.google.com/citations?view_op=view_citation&hl=en&user=5SSW3zUAAAAJ&citation_for_view=5SSW3zUAAAAJ:UeHWp8X0CEIC,5.0,,"S Pinson, C Guichard, D Lenoir, L El Zein, P Nizard, A Bozio, P Bouvagnet",This review article presents the up-to-date of knowledge progression during the past decade in the genetics of cardiopathies. The cardiopathies presented here have all a mendelian type of inheritance but this list is not exhaustive.,genetic,0.6
,,"A common form of dominant human IFNAR1 deficiency impairs IFN-α and-ω but not IFN-β-dependent immunity
F Al Qureshah, J Le Pen, NA de Weerd… - Journal of Experimental Medicine, 2024
Related articles All 11 versions",2024/12/16,222.0,https://rupress.org/jem/article/222/2/e20241413/277159,,,,e20241413,"genetic, genomic, molecular biology, cilia, SARS-CoV-2",,loubna EL ZEIN,,,A common form of dominant human IFNAR1 deficiency impairs IFN-α and-ω but not IFN-β-dependent immunity,,Journal of Experimental Medicine,,https://scholar.google.com/citations?view_op=view_citation&hl=en&user=5SSW3zUAAAAJ&citation_for_view=5SSW3zUAAAAJ:Se3iqnhoufwC,2.0,Rockefeller University Press,"Fahd Al Qureshah, Jérémie Le Pen, Nicole A de Weerd, Marcela Moncada-Velez, Marie Materna, Daniel C Lin, Baptiste Milisavljevic, Fernanda Vianna, Lucy Bizien, Lazaro Lorenzo, Marc Lecuit, Jean-David Pommier, Sevgi Keles, Tayfun Ozcelik, Sigifredo Pedraza-Sanchez, Nicolas de Prost, Loubna El Zein, Hassan Hammoud, Lisa FP Ng, Rabih Halwani, Narjes Saheb Sharif-Askari, Yu Lung Lau, Anthony R Tam, Neha Singh, Sagar Bhattad, Yackov Berkun, Wasun Chantratita, Raúl Aguilar-López, Mohammad Shahrooei, Laurent Abel, Paul Bastard, Emmanuelle Jouanguy, Vivien Béziat, Peng Zhang, Charles M Rice, Aurélie Cobat, Shen-Ying Zhang, Paul J Hertzog, Jean-Laurent Casanova, Qian Zhang","Autosomal recessive deficiency of the IFNAR1 or IFNAR2 chain of the human type I IFN receptor abolishes cellular responses to IFN-α, -β, and -ω, underlies severe viral diseases, and is globally very rare, except for IFNAR1 and IFNAR2 deficiency in Western Polynesia and the Arctic, respectively. We report 11 human IFNAR1 alleles, the products of which impair but do not abolish responses to IFN-α and -ω without affecting responses to IFN-β. Ten of these alleles are rare in all populations studied, but the remaining allele (P335del) is common in Southern China (minor allele frequency ≈2%). Cells heterozygous for these variants display a dominant phenotype in vitro with impaired responses to IFN-α and -ω, but not -β, and viral susceptibility. Negative dominance, rather than haploinsufficiency, accounts for this dominance. Patients heterozygous for these variants are prone to viral diseases, attesting to both the …",genetic,0.4
,,"Correction: Rare predicted loss-of-function variants of type I IFN immunity genes are associated with life-threatening COVID-19 (Genome Medicine,(2023), 15, 1,(22), 10.1186/s13073-023-01173-8)
CVC Cohort, CS Clinicians, C Clinicians, CHG Effort… - Genome medicine, 2024
Related articles All 3 versions",2024/12,16.0,,,,,6,"genetic, genomic, molecular biology, cilia, SARS-CoV-2",,loubna EL ZEIN,,,"Correction: Rare predicted loss-of-function variants of type I IFN immunity genes are associated with life-threatening COVID-19 (Genome Medicine,(2023), 15, 1,(22), 10.1186 …",,Genome medicine,,https://scholar.google.com/citations?view_op=view_citation&hl=en&user=5SSW3zUAAAAJ&citation_for_view=5SSW3zUAAAAJ:8k81kl-MbHgC,1.0,,"CoV-Contact Cohort, COVID-STORM Clinicians, COVID Clinicians, COVID Human Genetic Effort, Daniela Matuozzo, Estelle Talouarn, Astrid Marchal, Peng Zhang, Jeremy Manry, Yoann Seeleuthner, Yu Zhang, Alexandre Bolze, Matthieu Chaldebas, Baptiste Milisavljevic, Adrian Gervais, Paul Bastard, Takaki Asano, Lucy Bizien, Federica Barzaghi, Hassan Abolhassani, Ahmad Abou Tayoun, Alessandro Aiuti, Ilad Alavi Darazam, Luis M Allende, Rebeca Alonso-Arias, Andrés Augusto Arias, Gokhan Aytekin, Peter Bergman, Simone Bondesan, Yenan T Bryceson, Ingrid G Bustos, Oscar Cabrera-Marante, Sheila Carcel, Paola Carrera, Giorgio Casari, Khalil Chaïbi, Roger Colobran, Antonio Condino-Neto, Laura E Covill, Ottavia M Delmonte, Loubna El Zein, Carlos Flores, Peter K Gregersen, Marta Gut, Filomeen Haerynck, Rabih Halwani, Selda Hancerli, Lennart Hammarström, Nevin Hatipoğlu, Adem Karbuz, Sevgi Keles, Christèle Kyheng, Rafael Leon-Lopez, Jose Luis Franco, Davood Mansouri, Javier Martinez-Picado, Ozge Metin Akcan, Isabelle Migeotte, Pierre Emmanuel Morange, Guillaume Morelle, Andrea Martin-Nalda, Giuseppe Novelli, Antonio Novelli, Tayfun Ozcelik, Figen Palabiyik, Qiang Pan-Hammarström, Rebeca Pérez de Diego, Laura Planas-Serra, Daniel E Pleguezuelo, Carolina Prando, Aurora Pujol, Luis Felipe Reyes, Jacques G Rivière, Carlos Rodriguez-Gallego, Julian Rojas, Patrizia Rovere-Querini, Agatha Schlüter, Mohammad Shahrooei, Ali Sobh, Pere Soler-Palacin, Yacine Tandjaoui-Lambiotte, Imran Tipu, Cristina Tresoldi, Jesus Troya, Diederik van de Beek, Mayana Zatz, Pawel Zawadzki, Saleh Zaid Al-Muhsen, Mohammed Faraj Alosaimi, Fahad M Alsohime, Hagit Baris-Feldman, Manish J Butte, Stefan N Constantinescu, Megan A Cooper, Clifton L Dalgard, Jacques Fellay, James R Heath, Yu Lung Lau, Richard P Lifton, Tom Maniatis, Trine H Mogensen, Horst von Bernuth, Alban Lermine, Michel Vidaud, Anne Boland, Jean François Deleuze, Robert Nussbaum, Amanda Kahn-Kirby, France Mentre, Sarah Tubiana, Guy Gorochov, Florence Tubach, Pierre Hausfater, Isabelle Meyts, Shen Ying Zhang, Anne Puel, Luigi D Notarangelo, Stephanie Boisson-Dupuis, Helen C Su, Bertrand Boisson, Emmanuelle Jouanguy, Jean Laurent Casanova, Qian Zhang, Laurent Abel, Aurélie Cobat, Saleh Al-Muhsen, Fahd Al-Mulla, Mark S Anderson, Evangelos Andreakos, Andrés A Arias, Hagit Baris Feldman, Alexandre Belot, Catherine M Biggs, Dusan Bogunovic, Anastasiia Bondarenko, Ahmed A Bousfiha, Petter Brodin, Yenan Bryceson, Carlos D Bustamante, Samya Chakravorty, John Christodoulou, Murkesh Desai, Beth A Drolet, Jamila El Baghdadi, Sara Espinosa-Padilla, José Luis Franco, Antoine Froidure, David Hagin, Sarah E Henrickson, Elena WY Hsieh",The original publication of this article [1] contained an incorrect author name. The incorrect and correct information is listed in this correction article. The original article has been updated.,genetic,0.4
,,"Wild wheat rhizosphere-associated PGPR exudates affect root development in modern wheat
H Zhour, F Bray, I Dandache, G Marti, S Flament… - 2022
Related articles All 2 versions",2022,,,,,,,"genetic, genomic, molecular biology, cilia, SARS-CoV-2",,loubna EL ZEIN,,,Wild wheat rhizosphere-associated PGPR exudates affect root development in modern wheat,,,,https://scholar.google.com/citations?view_op=view_citation&hl=en&user=5SSW3zUAAAAJ&citation_for_view=5SSW3zUAAAAJ:roLk4NBRz8UC,,,"Houssein Zhour, Fabrice Bray, Israa Dandache, Guillaume Marti, Stéphanie Flament, Amélie Perez, Maëlle Lis, Llorenç Cabrera-Bosquet, Thibaut Perez, Cécile Fizames, Ezékiel Baudoin, Ikram Madani, Loubna El Zein, Anne-Aliénor Véry, Christian Rolando, Hervé Sentenac, Ali Chokr, Jean-Benoît Peltier, Miniaturisation pour la Synthèse, MetaToul Agromix, MetaboHUB-Génopole Toulouse Midi-Pyrénées, Paul Sabatier","Wild wheat rhizosphere-associated PGPR exudates affect root development in modern wheat Food and Agriculture Organization of the United Nations Discover About FAO News Multimedia Main topics Statistics Members Publications English العربية Español Français Русский 中文 AGRIS - International System for Agricultural Science and Technology About AGRIS Contribute Acceptable use policy facebook linkedin twitter weibo Close Advanced Search Wild wheat rhizosphere-associated PGPR exudates affect root development in modern wheat 2022 Zhour, Houssein | Bray, Fabrice | Dandache, Israa | Marti, Guillaume | Flament, Stéphanie | Perez, Amélie | Lis, Maëlle | Cabrera-Bosquet, Llorenç | Perez, Thibaut | Fizames, Cécile | Baudoin, Ezékiel | Madani, Ikram | El Zein, Loubna | Véry, Anne-Aliénor | Rolando, Christian | Sentenac, Hervé | Chokr, Ali | Peltier, Jean-Benoît | Miniaturisation pour la Synthèse, l’…",genetic,0.4
,,"Wheat domestication and microbiota: What can we learn from soils and plants of center of origin?
H Zhour, I Dandache, E Baudoin, A Chehade, A El Bitar… - 2021
Related articles",2021,,,,,,,"genetic, genomic, molecular biology, cilia, SARS-CoV-2",,loubna EL ZEIN,,,Wheat domestication and microbiota: What can we learn from soils and plants of center of origin?,,,,https://scholar.google.com/citations?view_op=view_citation&hl=en&user=5SSW3zUAAAAJ&citation_for_view=5SSW3zUAAAAJ:5nxA0vEk-isC,,,"Houssein Zhour, I Dandache, E Baudoin, A Chehade, A El Bitar, L El Zein, AA Taylor, Anne-Aliénor Véry, A Chork, Hervé Sentenac, Jean-Benoît Peltier","Wheat domestication and microbiota: What can we learn from soils and plants of center of origin? Food and Agriculture Organization of the United Nations Discover About FAO News Multimedia Main topics Statistics Members Publications English العربية Español Français Русский 中文 AGRIS - International System for Agricultural Science and Technology About AGRIS Contribute Acceptable use policy facebook linkedin twitter weibo Close Advanced Search Wheat domestication and microbiota: What can we learn from soils and plants of center of origin? 2021 Zhour, Houssein | Dandache, I. | Baudoin, E. | Chehade, A. | El Bitar, A. | El Zein, L. | Taylor, AA | Véry, Anne-Aliénor | Chork, A. | Sentenac, Hervé | Peltier, Jean-Benoît | Biochimie et Physiologie Moléculaire des Plantes (BPMP) ; Université de Montpellier (UM)-Centre National de la Recherche Scientifique (CNRS)-Institut national d’études supérieures …",genetic,0.4
,,"Genetics of congenital heart defects.
L el Zein, P Schön, B Chhin, C Guichard, U Sauer… - Revista Portuguesa de Cardiologia: Orgao Oficial da …, 2004
Related articles All 4 versions",2004/1/1,23.0,,,,Revista Portuguesa de Cardiologia: Orgao Oficial da Sociedade Portuguesa de Cardiologia= Portuguese Journal of Cardiology: an Official Journal of the Portuguese Society of Cardiology,137-142,"genetic, genomic, molecular biology, cilia, SARS-CoV-2",,loubna EL ZEIN,,,Genetics of congenital heart defects.,,,,https://scholar.google.com/citations?view_op=view_citation&hl=en&user=5SSW3zUAAAAJ&citation_for_view=5SSW3zUAAAAJ:IjCSPb-OGe4C,1.0,,"Loubna el Zein, Patrice Schön, Brigitte Chhin, Cécile Guichard, Ursula Sauer, Dominique Bozon, Maria Joao Baptista, Patrice Bouvagnet","Genetics of congenital heart defects. - Abstract - Europe PMC Sign in | Create an account https://orcid.org Europe PMC Menu About Tools Developers Help Contact us Helpdesk Feedback Twitter Blog Tech blog Developer Forum Europe PMC plus Search life-sciences literature (43,861,927 articles, preprints and more) Search Advanced search Feedback This website requires cookies, and the limited processing of your personal data in order to function. By using the site you are agreeing to this as outlined in our privacy notice and cookie policy. Abstract Genetics of congenital heart defects. el Zein L 1 , Schön P , Chhin B , Guichard C , Sauer U , Bozon D , Baptista MJ , Bouvagnet P Author information Affiliations 1. Deutsches Herzzentrum München. (1 author) Revista Portuguesa de Cardiologia : Orgao Oficial da Sociedade Portuguesa de Cardiologia = Portuguese Journal of Cardiology : an Official Journal of the …",genetic,0.6
