Book,Conference,Scholar articles,Publication date,Volume,PDF Link,Patent office,Report number,Source,Pages,Research Interests,Total citations,Researcher Name,Inventors,Patent number,Title,Institution,Journal,Application number,Scholar Link,Issue,Publisher,Authors,Description,Classified_Topic,Classification_Confidence
,,"Dielectric properties of CaCu3Ti4O12 based multiphased ceramics
S Guillemet-Fritsch, T Lebey, M Boulos, B Durand - Journal of the European Ceramic Society, 2006
Cited by 182 Related articles All 9 versions",2006/1/1,26.0,https://hal.science/hal-03599312v1/file/boulos_698.pdf,,,,1245-1257,Materials science,Cited by 182,Madona Boulos,,,Dielectric properties of CaCu3Ti4O12 based multiphased ceramics,,Journal of the European Ceramic Society,,https://scholar.google.com/citations?view_op=view_citation&hl=en&user=vaUt1oYAAAAJ&citation_for_view=vaUt1oYAAAAJ:ufrVoPGSRksC,7,Elsevier,"Sophie Guillemet-Fritsch, Thierry Lebey, Madona Boulos, Bernard Durand","A “soft chemistry” method, the coprecipitation, has been used to synthesize the perovskite CaCu3Ti4O12 (CCT). Three main types of materials were obtained for both powders and sintered ceramics: a monophased consisting of the pure CCT phase, a biphased (CCT+CaTiO3), and a three-phased (CCT+CaTiO3+copper oxide (CuO or Cu2O)). These ceramics, sintered at low temperature, 1050°C, present original dielectric properties. The relative permittivity determined in the temperature range (−150<T<250°C) is significantly higher than the one reported in the literature. Internal barrier layer capacitor is the probable mechanism to explain the particular behaviour. Moreover, the presence of a copper oxide phase beside the perovksite CCT plays an important role for enhancing the dielectric properties.",materials science,0.405
,,"Hydrothermal synthesis of nanosized BaTiO3 powders and dielectric properties of corresponding ceramics
M Boulos, S Guillemet-Fritsch, F Mathieu, B Durand… - Solid State Ionics, 2005
Cited by 148 Related articles All 8 versions",2005/4/29,176.0,https://hal.science/hal-03601642v1/file/boulos_341.pdf,,,,1301-1309,Materials science,Cited by 148,Madona Boulos,,,Hydrothermal synthesis of nanosized BaTiO3 powders and dielectric properties of corresponding ceramics,,Solid State Ionics,,https://scholar.google.com/citations?view_op=view_citation&hl=en&user=vaUt1oYAAAAJ&citation_for_view=vaUt1oYAAAAJ:WF5omc3nYNoC,13-14,Elsevier,"Madona Boulos, Sophie Guillemet-Fritsch, François Mathieu, Bernard Durand, Thierry Lebey, Vincent Bley","BaTiO3 fine powders were synthesized by hydrothermal method at 150 °C or 250 °C for 7 h, starting from a mixture of TiCl3+BaCl2 or TiO2+BaCl2. The size of the crystallites is close to 20 nm whatever the starting mixture and the reaction temperature. These powders are well crystallized and constituted of a mixture of the metastable cubic and stable tetragonal phases. The ceramics obtained after uniaxial pressing and sintering at 1250 °C for 10 h or 20 h present high densification (up to 99.8%). The Curie temperature (Tc) and the electrical permittivity (ɛr) of the ceramics strongly depend on the type of titanium source that has been used for preparing the powder and on the sintering dwell time. Particularly, Tc is shifted towards lower temperature when TiCl3 is used. The permittivity value at Tc of BaTiO3 sintered at 1250 °C for 10 h reaches 7000 and 11,000 with respectively TiCl3 and TiO2 used as titanium source.",materials science,0.4
,,"From synthesis to applications: copper calcium titanate (CCTO) and its magnetic and photocatalytic properties
S Kawrani, M Boulos, D Cornu, M Bechelany - ChemistryOpen, 2019
Cited by 64 Related articles All 13 versions",2019/7,8.0,https://chemistry-europe.onlinelibrary.wiley.com/doi/pdf/10.1002/open.201900133,,,ChemistryOpen,922-950,Materials science,Cited by 64,Madona Boulos,,,From synthesis to applications: copper calcium titanate (CCTO) and its magnetic and photocatalytic properties,,,,https://scholar.google.com/citations?view_op=view_citation&hl=en&user=vaUt1oYAAAAJ&citation_for_view=vaUt1oYAAAAJ:Y0pCki6q_DkC,7,,"Sara Kawrani, Madona Boulos, David Cornu, Mikhael Bechelany","Investigations focusing on electrical energy storage capacitors especially the dielectric ceramic capacitors for high energy storage density are attracting more and more attention in the recent years. Ceramic capacitors possess a faster charge‐discharge rate and improved mechanical and thermal properties compared with other energy storage devices such as batteries. The challenge is to obtain ceramic capacitors with outstanding mechanical, thermal and storage properties over large temperature and frequencies ranges. ABO3 as a type of perovskites showed a strong piezoelectric, dielectric, pyroelectric, and electro‐optic properties useful as energy storage and environmental devices. CaCu3Ti4O12 (CCTO) perovskite with cubic lattice (Im3 symmetry) was discovered to have a colossal dielectric constant (104) that is stable over a wide range of frequencies (10 Hz–1 MHz) and temperature independence (100 …",materials science,0.2
,,"Enhancement of calcium copper titanium oxide photoelectrochemical performance using boron nitride nanosheets
S Kawrani, AA Nada, MF Bekheet, M Boulos, R Viter… - Chemical Engineering Journal, 2020
Cited by 62 Related articles All 8 versions",2020/6/1,389.0,https://www.sciencedirect.com/science/article/am/pii/S138589472030317X,,,,124326,Materials science,Cited by 62,Madona Boulos,,,Enhancement of calcium copper titanium oxide photoelectrochemical performance using boron nitride nanosheets,,Chemical Engineering Journal,,https://scholar.google.com/citations?view_op=view_citation&hl=en&user=vaUt1oYAAAAJ&citation_for_view=vaUt1oYAAAAJ:9yKSN-GCB0IC,,Elsevier,"Sara Kawrani, Amr A Nada, Maged F Bekheet, Madona Boulos, Roman Viter, Stéphanie Roualdes, Philippe Miele, David Cornu, Mikhael Bechelany","Photoelectrochemical water splitting under visible light has attracted attention for renewable hydrogen production. Despite prevalent investigations, many challenges still hindered an efficient energy conversion, such as enhancing the reaction efficiency in visible light. Thus controlling the photoelectrode materials is an essential step in designing new materials for water splitting. CaCu3Ti4O12 (CCTO) has received great attention as photocatalyst under solar light due to its combined band gap as result of the presence in its structure of TiO2 active in UV light and CuO active under visible light. In this work, a cubic CCTO with different amount of exfoliated hexagonal boron nitride has been synthesized. The produced materials were fully characterized. Physico-chemical characterizations demonstrate that bore and nitrogen co-doped CCTO causes an increase in grain boundaries thickness, and thus leads to shift peaks …",materials science,0.204
,,"Segregation of copper oxide on calcium copper titanate surface induced by Graphene Oxide for Water splitting applications
S Kawrani, M Boulos, MF Bekheet, R Viter, AA Nada… - Applied Surface Science, 2020
Cited by 45 Related articles All 6 versions",2020/6/30,516.0,https://www.sciencedirect.com/science/article/am/pii/S0169433220308072,,,,146051,Materials science,Cited by 45,Madona Boulos,,,Segregation of copper oxide on calcium copper titanate surface induced by Graphene Oxide for Water splitting applications,,Applied Surface Science,,https://scholar.google.com/citations?view_op=view_citation&hl=en&user=vaUt1oYAAAAJ&citation_for_view=vaUt1oYAAAAJ:roLk4NBRz8UC,,North-Holland,"Sara Kawrani, Madona Boulos, Maged F Bekheet, Roman Viter, Amr A Nada, Wiebke Riedel, Stéphanie Roualdes, David Cornu, Mikhael Bechelany","Photoelectrochemical cells (PEC) are promising devices for hydrogen production via sunlight energy. One of the important challenges in this area is to design photoactive electrodes able to absorb visible light. A good photoelectrochemical behavior depends on the presence of surface active sites to photogenerate current at the lower possible potential for water splitting. Recent investigations in this field are focusing on perovskite materials such as CaCu3Ti4O12 (CCTO) as visible light active electrode due its outstanding structure in which CCTO encloses in its structure a visible light absorbance component (CuO). The presence CuO on the material surface is mainly responsible for trapping electrons. Therefore, CCTO photoelectrocatalysts were prepared using different amounts of graphene oxide (GO) in this work. Physico-chemical characterizations showed that the oxidation of GO at high temperatures lead to the …",materials science,0.204
,,"The use of calcium sulfoaluminate cement to mitigate the alkali silica reaction in mortars
J Kleib, G Aouad, G Louis, M Zakhour, M Boulos… - Construction and Building Materials, 2018
Cited by 38 Related articles All 4 versions",2018/9/30,184.0,,,,,295-303,Materials science,Cited by 38,Madona Boulos,,,The use of calcium sulfoaluminate cement to mitigate the alkali silica reaction in mortars,,Construction and Building Materials,,https://scholar.google.com/citations?view_op=view_citation&hl=en&user=vaUt1oYAAAAJ&citation_for_view=vaUt1oYAAAAJ:qjMakFHDy7sC,,Elsevier,"Joelle Kleib, Georges Aouad, Ghislain Louis, Mirvat Zakhour, Madona Boulos, Angelique Rousselet, David Bulteel","The mitigation of the alkali silica reaction in concrete has been the interest of many studies by using low-alkali cement or supplementary cementitious materials. In this paper, calcium sulfoaluminate cement, characterized by its low alkali content and low pH, is used as a mean to reach this goal.
Therefore, the main objective is to verify if the composition of a sulfoaluminate cement paste can mitigate the alkali silica reaction compared to that of a Portland cement. The reactive flint aggregate from north of France was used to initiate the alkali silica reaction phenomena with two types of cements: Portland cement CEMI 52.5 N from Holcim, and calcium sulfoaluminate cement Alpenat from Vicat. Alkalis were added by introducing NaOH or NaCl in the mortar mixing solution; six mortars were made. Two references – with Portland or sulfoaluminate cement – without addition of extra amount of alkali, and the four other …",materials science,0.404
,,"Electrical and physical characterization of bulk ceramics and thick layers of barium titanate manufactured using nanopowders
DQ Nguyen, T Lebey, P Castelan, V Bley, M Boulos… - Journal of Materials Engineering and Performance, 2007
Cited by 30 Related articles All 10 versions",2007/10,16.0,https://hal.science/hal-00806095v1/file/nguyen_2431.pdf,,,,626-634,Materials science,Cited by 30,Madona Boulos,,,Electrical and physical characterization of bulk ceramics and thick layers of barium titanate manufactured using nanopowders,,Journal of Materials Engineering and Performance,,https://scholar.google.com/citations?view_op=view_citation&hl=en&user=vaUt1oYAAAAJ&citation_for_view=vaUt1oYAAAAJ:d1gkVwhDpl0C,,Springer US,"Dinh Quang Nguyen, Thierry Lebey, Philippe Castelan, Vincent Bley, Madona Boulos, Sophie Guillemet-Fritsch, Céline Combettes, Bernard Durand","Fine powders of BaTiO3 are synthesized by hydrothermal processing at 250 °C for 7 h. Two different starting mixtures were used, TiCl3 + BaCl2 and TiO2 + BaCl2. The size of the resulting crystallites was close to 20 nm in both cases. The powders were formed into ceramic pellets or thick layers. The samples were characterized for microstructure and electrical permittivity. The impact of the microstructure on the electrical properties is emphasized, and is correlated to the powder characteristics and the powder realization process.",materials science,0.4
,,"Graphene oxide-induced CuO reduction in TiO2/CaTiO3/Cu2O/Cu composites for photocatalytic degradation of drugs via peroxymonosulfate activation
F Tanos, E Makhoul, AA Nada, MF Bekheet, W Riedel… - Applied Surface Science, 2024
Cited by 25 Related articles All 5 versions",2024/5/30,656.0,https://www.sciencedirect.com/science/article/pii/S0169433224004112,,,,159698,Materials science,Cited by 25,Madona Boulos,,,Graphene oxide-induced CuO reduction in TiO2/CaTiO3/Cu2O/Cu composites for photocatalytic degradation of drugs via peroxymonosulfate activation,,Applied Surface Science,,https://scholar.google.com/citations?view_op=view_citation&hl=en&user=vaUt1oYAAAAJ&citation_for_view=vaUt1oYAAAAJ:YOwf2qJgpHMC,,North-Holland,"Fida Tanos, Elissa Makhoul, Amr A Nada, Maged F Bekheet, Wiebke Riedel, Sarah Kawrani, Habib Belaid, Eddy Petit, Roman Viter, Victoriia Fedorenko, Arunas Ramanavicius, Madona Boulos, David Cornu, Antonio Razzouk, Geoffroy Lesage, Marc Cretin, Mikhael Bechelany","Contamination of water bodies is a global environmental and human health issue. Conventional water treatment systems cannot efficiently eliminate organic contaminants, particularly drugs. Photocatalysis is a promising, environmentally friendly oxidation process for the removal of such compounds. A key point is the choice of material to be used as photocatalyst. Here, TiO2/CaTiO3/Cu2O/Cu composites were fabricated by adding different amounts (x) of graphene oxide (GO) (x wt% = 1, 3, and 5 %) to CaCu3Ti4O12 powder using the solid-state synthesis method. The produced pellets were sintered under inert nitrogen atmosphere at 1100 °C for 3 h. X-ray diffraction analysis showed that the Cu metal amount was increased upon GO addition, and the UV–Vis diffuse reflectance spectroscopy showed that the spectral response was extended to the visible range. Then, high performance liquid chromatography …",materials science,0.4
,,"Electrical characteristics of BaTiO3 ceramics from hydrothermal prepared powders
S Guillemet-Fritsch, M Boulos, B Durand, V Bley… - Journal of the European Ceramic Society, 2005
Cited by 13 Related articles All 3 versions",2005/1/1,25.0,,,,,2749-2753,Materials science,Cited by 13,Madona Boulos,,,Electrical characteristics of BaTiO3 ceramics from hydrothermal prepared powders,,Journal of the European Ceramic Society,,https://scholar.google.com/citations?view_op=view_citation&hl=en&user=vaUt1oYAAAAJ&citation_for_view=vaUt1oYAAAAJ:YsMSGLbcyi4C,12,Elsevier,"Sophie Guillemet-Fritsch, Madona Boulos, Bernard Durand, Vincent Bley, Thierry Lebey","BaTiO3 nanopowders were synthesized by hydrothermal method: treatment at 150°C or 250°C for 7h of a mixture of TiCl3 and BaCl2 or TiO2 and BaCl2. After sintering treatment at 1250°C in air for 10h or 20h, the corresponding ceramics were obtained and characterized. The ceramics present a heterogeneous microstructure, depending of the nature of the precursor. The grain size and the grain size distribution in the ceramic bulk are directly related to the powder characteristics, and they govern the electrical properties. For small grain size with low grain size distribution, the permittivity at room temperature is large and the Curie temperature is 100°C. For large grain sizes in very small grains matrix, the permittivity at room temperature is slightly lower and the phase transition occurs at higher temperature (120°C).",materials science,0.4
,"Proceedings Electronic Components and Technology, 2005. ECTC'05.","Origin of the colossal permittivity and possible application of CCT ceramics
T Lebey, V Bley, S Guillemet, M Boulos, B Durand - … Electronic Components and Technology, 2005. ECTC' …, 2005
Cited by 11 Related articles All 4 versions",2005/5/31,,https://www.academia.edu/download/42435887/Origin_of_the_colossal_permittivity_and_20160208-709-r4of5.pdf,,,,1248-1253,Materials science,Cited by 11,Madona Boulos,,,Origin of the colossal permittivity and possible application of CCT ceramics,,,,https://scholar.google.com/citations?view_op=view_citation&hl=en&user=vaUt1oYAAAAJ&citation_for_view=vaUt1oYAAAAJ:UeHWp8X0CEIC,,IEEE,"Thierry Lebey, V Bley, S Guillemet, Madona Boulos, Bernard Durand","The coprecipitation, a ""soft chemistry"" method is used to elaborate different CCT powders. After sintering three main types of materials were obtained: a monophased consisting of the pure CCT phase, a biphased (CCT + CaTiO/sub 3/), and a three-phased (CCT + CaTiO/sub 3/ + copper oxide (CuO or Cu/sub 2/O)). Values of the relative permittivity up to 8 10/sup 5/ at 1 kHz may be obtained for the real part of the permittivity in some cases. The influence of the structure (presence of additional phases) on the dielectric properties of the ceramics is discussed.",materials science,0.205
,,"Elaboration and characterization of barium titanate powders obtained by the mechanical activation of barium nitrate and titanate oxide, and electrical properties of the ceramics sintered by SPS
T Al-Naboulsi, M Boulos, C Tenailleau, P Dufour… - Journal of Ceramic Processing Research, 2016
Cited by 9 Related articles All 7 versions",2016,17.0,https://hal.science/hal-01477140v1/file/Al_Naboulsi_16679.pdf,,,,870-875,Materials science,Cited by 9,Madona Boulos,,,"Elaboration and characterization of barium titanate powders obtained by the mechanical activation of barium nitrate and titanate oxide, and electrical properties of the …",,Journal of Ceramic Processing Research,,https://scholar.google.com/citations?view_op=view_citation&hl=en&user=vaUt1oYAAAAJ&citation_for_view=vaUt1oYAAAAJ:IjCSPb-OGe4C,8,,"Tawfik Al-Naboulsi, Madona Boulos, Christophe Tenailleau, Pascal Dufour, Mirvat Zakhour, Sophie Guillemet-Fritsch","The current work aims to reduce the energy required to obtain a high quality barium titanate nanocrystals via solid-state reaction. In order to achieve this challenge, Ba(NO3)2 and TiO2 were mechanically activated by high-energy ball milling, and then heat treated at moderate temperature (600 oC). When stoichiometric mixture was used, the formation of BT and minor BaCO3 and TiO2 impurities was observed. The use of Ba(NO3)2 excess leads to the formation of BT and a minor BaCO3 impurity. A simple acid wash treatment was used to remove the carbonate impurity and to provide a high purity BT. The powders were characterized by XRD, BET, Raman spectroscopy, and SEM-FEG. Spark Plasma Sintering (SPS) technique was used to get the dense nanoceramics. These materials show, at room temperature and at 1 kHz, colossal permittivity (ε = 105) associated with low dielectric loss (tg δ = 0.07).",materials science,0.204
,,"Thermal expansion, polarization and phase diagrams ofBa1− yBi2y/3Ti1− xZrxO3 and Ba1− yLayTi1− y/4O3 compounds
M Gorev, V Bondarev, I Flerov, M Maglione, A Simon… - Journal of Physics: Condensed Matter, 2009
Cited by 9 Related articles All 13 versions",2009/1/20,21.0,https://hal.science/hal-00362482/document,,,,075902,Materials science,Cited by 9,Madona Boulos,,,"Thermal expansion, polarization and phase diagrams ofBa1− yBi2y/3Ti1− xZrxO3 and Ba1− yLayTi1− y/4O3 compounds",,Journal of Physics: Condensed Matter,,https://scholar.google.com/citations?view_op=view_citation&hl=en&user=vaUt1oYAAAAJ&citation_for_view=vaUt1oYAAAAJ:LkGwnXOMwfcC,7,IOP Publishing,"Michail Gorev, Vitaly Bondarev, Igor Flerov, Mario Maglione, Annie Simon, Philippe Sciau, Madona Boulos, Sophie Guillemet-Fritsch","The thermal expansion properties of the ceramic compositions Ba 1− y La y Ti 1− y/4 O 3 (y= 0.0, 0.026, 0.036, 0.054) and Ba 1− y Bi 2y/3 Ti 1− x Zr x O 3 (y= 0.10; x= 0.0, 0.04, 0.05, 0.10, 0.15) were determined in the temperature range 120–700 K. We report the temperature-dependent measurements of the strain, thermal expansion coefficient and the magnitude of root mean square polarization. The results obtained are discussed together with the data on the structure and dielectric properties.",Unclassified,0.0
,,"CaCu3Ti4O12 perovskite materials for advanced oxidation processes for water treatment
E Makhoul, M Boulos, M Cretin, G Lesage, P Miele… - Nanomaterials, 2023
Cited by 8 Related articles All 7 versions",2023/7/20,13.0,https://www.mdpi.com/2079-4991/13/14/2119,,,Nanomaterials,2119,Materials science,Cited by 8,Madona Boulos,,,CaCu3Ti4O12 Perovskite Materials for Advanced Oxidation Processes for Water Treatment,,,,https://scholar.google.com/citations?view_op=view_citation&hl=en&user=vaUt1oYAAAAJ&citation_for_view=vaUt1oYAAAAJ:KlAtU1dfN6UC,14,MDPI,"Elissa Makhoul, Madona Boulos, Marc Cretin, Geoffroy Lesage, Philippe Miele, David Cornu, Mikhael Bechelany","The many pollutants detected in water represent a global environmental issue. Emerging and persistent organic pollutants are particularly difficult to remove using traditional treatment methods. Electro-oxidation and sulfate-radical-based advanced oxidation processes are innovative removal methods for these contaminants. These approaches rely on the generation of hydroxyl and sulfate radicals during electro-oxidation and sulfate activation, respectively. In addition, hybrid activation, in which these methods are combined, is interesting because of the synergistic effect of hydroxyl and sulfate radicals. Hybrid activation effectiveness in pollutant removal can be influenced by various factors, particularly the materials used for the anode. This review focuses on various organic pollutants. However, it focuses more on pharmaceutical pollutants, particularly paracetamol, as this is the most frequently detected emerging pollutant. It then discusses electro-oxidation, photocatalysis and sulfate radicals, highlighting their unique advantages and their performance for water treatment. It focuses on perovskite oxides as an anode material, with a particular interest in calcium copper titanate (CCTO), due to its unique properties. The review describes different CCTO synthesis techniques, modifications, and applications for water remediation.",materials science,0.204
,,"Porous calcium copper titanate electrodes for paracetamol degradation by electro-oxidation via CuO-induced peroxymonosulfate activation
E Makhoul, F Tanos, MF Bekheet, W Riedel, E Petit… - Environmental Science: Nano, 2023
Cited by 6 Related articles All 5 versions",2023,10.0,https://pubs.rsc.org/en/content/articlehtml/2023/en/d3en00317e,,,,3156-3170,Materials science,Cited by 6,Madona Boulos,,,Porous calcium copper titanate electrodes for paracetamol degradation by electro-oxidation via CuO-induced peroxymonosulfate activation,,Environmental Science: Nano,,https://scholar.google.com/citations?view_op=view_citation&hl=en&user=vaUt1oYAAAAJ&citation_for_view=vaUt1oYAAAAJ:Zph67rFs4hoC,11,Royal Society of Chemistry,"Elissa Makhoul, Fida Tanos, Maged F Bekheet, Wiebke Riedel, Eddy Petit, Roman Viter, Iryna Tepliakova, Arunas Ramanavicius, Antonio Razzouk, Geoffroy Lesage, Marc Cretin, Madona Boulos, David Cornu, Mikhael Bechelany","Some drugs cannot be efficiently eliminated using routine wastewater treatments and therefore are considered persistent organic pollutants (POPs). POPs can be removed using advanced oxidation processes. Among these processes, the combination of electrocatalysis and a sulfate-based advanced oxidation process via peroxymonosulfate (PMS) activation is an attractive approach due to its high efficiency, low energy consumption and non-selective attack. It is well known that the type of anode strongly affects the electrocatalysis performance for water treatment. Here, we evaluated perovskites as electrode material due to their unique structural properties and high chemical stability. We fabricated porous anodes of calcium copper titanate (CaCu3Ti4O12; CCTO) with different percentages (20%, 30% and 40%) of polymethyl methacrylate (PMMA) by ball-milling. The samples that included PMMA displayed 50 …",materials science,0.2
,,"Colossal and frequency stable permittivity of barium titanate nanoceramics derived from mechanical activation and SPS sintering
T Al-Naboulsi, M Boulos, C Tenailleau, P Dufour… - International Journal of Engineering Research & …, 2015
Cited by 6 Related articles All 5 versions",2015,1.0,https://hal.science/hal-02089346v1/file/Al-Naboulsi_23561.pdf,,,,25-33,Materials science,Cited by 6,Madona Boulos,,,Colossal and frequency stable permittivity of barium titanate nanoceramics derived from mechanical activation and SPS sintering,,International Journal of Engineering Research & Science,,https://scholar.google.com/citations?view_op=view_citation&hl=en&user=vaUt1oYAAAAJ&citation_for_view=vaUt1oYAAAAJ:_FxGoFyzp5QC,7,,"Tawfik Al-Naboulsi, Madona Boulos, Christophe Tenailleau, Pascal Dufour, Mirvat Zakhour, Sophie Guillemet-Fritsch","Highly dense barium titanate nanoceramics have been successfully prepared via a mechanical activation synthesis method and Spark Plasma sintering. Attractive electrical properties have been evidenced in these materials: a colossal permittivity, (3.5. 105) and low loss (0.07) at room temperature and 1 kHz, that are stable over a wide frequency range (from 40 Hz to 40 kHz). Surprisingly, the ferroelectric transition is still observed, for the first time to our knowledge, in these colossal permittivity materials.",materials science,0.206
,,"Ceramics based on Lanthanum-doped Barium Titanate, method of preparation and uses
S Guillemet, M Boulos, B Durand, T Lebey, Q Nguyen - US Patent 7,939,007, 2011
Cited by 6 Related articles All 4 versions",2011/5/10,,https://patentimages.storage.googleapis.com/89/15/df/ef0de0815eaf92/US7939007.pdf,US,,,,Materials science,Cited by 6,Madona Boulos,"Sophie Guillemet, Madona Boulos, Bernard Durand, Thierry Lebey, Quang Nguyen",7939007.0,"Ceramics based on Lanthanum-doped Barium Titanate, method of preparation and uses",,,12226420.0,https://scholar.google.com/citations?view_op=view_citation&hl=en&user=vaUt1oYAAAAJ&citation_for_view=vaUt1oYAAAAJ:eQOLeE2rZwMC,,,,"The present invention relates to a method of preparing ceramics based on lanthanum-doped barium titanate, which comprises the following steps:(a) flash sintering of lanthanum-doped barium titanate powders; and (b) heat treatment of the material thus obtained, in an air atmosphere or in an oxidising atmosphere. The invention also relates to ceramics based on lanthanum-doped barium titanate, possessing a very high real part of the relative dielectric permittivity, and to their use for obtaining capacitors of high capacitance and high capacitance per unit volume for high-voltage withstand capability.",materials science,0.2
,,"Lanthanum doped barium titanate materials with optimized properties for high capacity materials application
M Boulos, S Guillemet-Fritsch, MQ Nguyen… - Silicates Industriels, 2009
Cited by 4 Related articles",2009,74.0,https://hal.science/hal-03474958/document,,,,15-22,Materials science,Cited by 4,Madona Boulos,,,Lanthanum doped barium titanate materials with optimized properties for high capacity materials application,,Silicates Industriels,,https://scholar.google.com/citations?view_op=view_citation&hl=en&user=vaUt1oYAAAAJ&citation_for_view=vaUt1oYAAAAJ:Se3iqnhoufwC,1-2,,"Madona Boulos, Sophie Guillemet-Fritsch, Manh Quan Nguyen, Zarel Valdez-Nava, Jean Farenc, Bernard Durand","A series of lanthanum doped barium titanate, of formula Ba1-xLaxTi1-x/4O3 (0 ≤ x ≤ 0.138), were prepared and characterized. A soft chemistry technique, the coprecipitation method, was used to synthesize the powders. First, the oxalate precursors were obtained, starting from an aqueous solution containing TiCl3, BaCl2.2H2O and LaCl3.7H2O, coprecipitated with an alcoholic solution of oxalic acid. After calcination at 850°C, the oxide powders of composition Ba1-xLaxTi1-x/4O3 were obtained. The oxide powders crystallize in the cubic perovskite phase. SEM-FEG micrographs show that the powders are highly agglomerated. The size of the microcrystallites was estimated to 30 nm. Ceramics have been prepared by conventional sintering treatment (10 or 20 h at 1250°C or 1275°C). The ceramics are well densified without any abnormal grain growth. The Curie temperature (Tc) decreases linearly as the lanthanum content increases and, at the same time, an increase in the relative permittivity (εr) maximum at Tc occurs and reaches 10 000 in the most favourable case. This optimal composition is retained for possible applications.",materials science,0.403
,,"Cobalt-substituted porous calcium copper titanate electrodes for paracetamol degradation by an electro-oxidation/peroxymonosulfate system
E Makhoul, F Tanos, R Manouguian, MF Bekheet… - Applied Surface Science, 2024
Cited by 3 Related articles All 4 versions",2024/10/1,669.0,https://www.sciencedirect.com/science/article/pii/S0169433224011437,,,,160430,Materials science,Cited by 3,Madona Boulos,,,Cobalt-substituted porous calcium copper titanate electrodes for paracetamol degradation by an electro-oxidation/peroxymonosulfate system,,Applied Surface Science,,https://scholar.google.com/citations?view_op=view_citation&hl=en&user=vaUt1oYAAAAJ&citation_for_view=vaUt1oYAAAAJ:_kc_bZDykSQC,,North-Holland,"Elissa Makhoul, Fida Tanos, Rebecca Manouguian, Maged F Bekheet, Wiebke Riedel, Eddy Petit, Geoffroy Lesage, Marc Cretin, Madona Boulos, David Cornu, Mikhael Bechelany","Developing cobalt-substituted perovskite electroactive membranes with an efficient Co/Cu combination mode is an important environmental challenge for removing drugs via peroxymonosulfate (PMS) activation. In this work, cobalt (Co)-substituted calcium copper titanatewas synthesized with an easy ball milling process and used as an anode in electro-oxidation in the presence of PMS for paracetamol degradation. The Co-CCTO anode with a Co ratio of 0.5 showed the highest removal efficiency (100 % of 10 ppm paracetamol after 180 min) due to the increase of the active sites and the appearance of the Co2+/Co3+ cycle that accelerates the charge transfer with Co incorporation into the lattice. Scavenger experiments showed that sulfate radicals (SO4̇−), oxygen radicals (O2̇-), hydroxyl radicals (̇OH), and singlet oxygen (1O2) were generated in the electro-oxidation-PMS reaction system and that SO4̇−, 1O2 …",materials science,0.2
,,"A novel Magnéli-phase Ti9O17-containing anode by controlled reductive decomposition of calcium copper titanate perovskite under hydrogen atmosphere for paracetamol degradation
E Makhoul, F Tanos, MF Bekheet, W Riedel, E Petit… - Applied Materials Today, 2023
Cited by 3 Related articles All 2 versions",2023/12/1,35.0,https://www.sciencedirect.com/science/article/am/pii/S2352940723002536,,,,101983,Materials science,Cited by 3,Madona Boulos,,,A novel Magnéli-phase Ti9O17-containing anode by controlled reductive decomposition of calcium copper titanate perovskite under hydrogen atmosphere for paracetamol degradation,,Applied Materials Today,,https://scholar.google.com/citations?view_op=view_citation&hl=en&user=vaUt1oYAAAAJ&citation_for_view=vaUt1oYAAAAJ:ULOm3_A8WrAC,,Elsevier,"Elissa Makhoul, Fida Tanos, Maged F Bekheet, Wiebke Riedel, Eddy Petit, Geoffroy Lesage, Marc Cretin, Madona Boulos, David Cornu, Mikhael Bechelany","CaCu3Ti4O12 (CCTO) materials show high efficacy in water treatment due to their perovskite structure and exceptional chemical stability. Their combination with electro-oxidation and sulfate-based advanced processes represents a promising approach for water treatment applications. CCTO can be modified through various processes to enhance its activity in water treatment. In this study, CCTO was synthesized using ball milling, and the effects of different sintering treatments were evaluated. The treatment with different atmospheres led to CCTO decomposition. Upon sintering under nitrogen, CCTO broke down into the CaTiO3, Cu2O, and rutile TiO2 phases. Conversely, sintering under hydrogen (CCTOsingle bondH2) led to the reduction of Cu and TiO2 and the creation of Cu and Magnéli phase Ti9O17. CCTOsingle bondH2 exhibited the highest electrochemical properties due to the presence of Magnéli phases …",materials science,0.204
,,"Elaboration de poudres de titanates par chimie douce, caractérisation, mise en forme de céramiques et de couches, et propriétés électriques: application aux matériaux à très fortes valeurs de permitivité
M Boulos - 2005
Cited by 2 Related articles",2005/1/1,,,,,,,Materials science,Cited by 2,Madona Boulos,,,"Elaboration de poudres de titanates par chimie douce, caractérisation, mise en forme de céramiques et de couches, et propriétés électriques: application aux matériaux à très …",Toulouse 3,,,https://scholar.google.com/citations?view_op=view_citation&hl=en&user=vaUt1oYAAAAJ&citation_for_view=vaUt1oYAAAAJ:u5HHmVD_uO8C,,,Madona Boulos,"Des grains nanométriques de titanate de baryum ont été obtenus par synthèse hydrothermale à 150 et 250°C et à partir de précurseur BaCl2. 2H2O/TiCl3 ou TiO2,. Le frittage à 1250°C pendant 10 ou 20 h a conduit à descéramiques de densité supérieure à 95%. Ces céramiques présentent une structure bimodale constituée de gros grains (60 µm) dans une matrice de petits grains (1µm). Des permittivités électriques relatives supérieures à 7000 (poudre ex-TiCl3) ou à 11000 (poudre ex-TiO2) sont notées à la température de Curie. Les couches épaisses présentent une permittivité supérieure à 4000. Des poudres de BaTiO3 dopé au lanthane ont été préparées par coprécipitation. Les céramiques correspondantes présentent une microstructure homogène. La température de Curie diminue et la permittivité relative augmente jusqu'à 10 000 avec l'augmentation de la teneur en La3+. Les matériaux frittés par SPS montrent des propriétés électriques exceptionnelles. Des matériaux à base de CaCu3Ti4O12 a été préparés par coprécipitation. Les céramiques obtenues présentent de très bonnes caractéristiques électriques liées à la présence de phases supplémentaires de CuO.",materials science,0.4
,,"Ecoconception des ciments: synthèse, hydratation et durabilité
J Kleib - 2018
Cited by 1 Related articles All 4 versions",2018/12/6,,https://theses.hal.science/tel-02901920/document,,,,,Materials science,Cited by 1,Madona Boulos,,,"Ecoconception des ciments: synthèse, hydratation et durabilité",Ecole nationale supérieure Mines-Télécom Lille Douai; Université libanaise,,,https://scholar.google.com/citations?view_op=view_citation&hl=en&user=vaUt1oYAAAAJ&cstart=20&pagesize=80&citation_for_view=vaUt1oYAAAAJ:MXK_kJrjxJIC,,,Joelle Kleib,"Les ciments sulfoalumineux sont des liants hydrauliques qui, jusqu’aujourd’hui ne sont pas normalisés et ne possèdent donc pas une composition fixe. La teneur en ye’elimite – la phase principale de ce ciment- peut varier de 5 à 70 %. Or la composition du ciment sulfoalumineux (la composition du clinker ainsi que le pourcentage de gypse ajouté) est un paramètre critique qui contrôle sa réactivité, ses performances mécaniques, ainsi que sa durabilité. L’objectif principal de cette thèse est donc l’étude de l’influence de la composition des ciments sulfoalumineux sur leurs propriétés techniques, telles que les performances mécaniques et durabilité. Trois axes principaux ont été abordés. Tout d’abord une étude de l’influence de la composition du ciment sulfoalumineux (25-75 % en masse de ye’elimite) sur ses propriétés hydrauliques et mécaniques ainsi que sur la valeur limite en élément trace (Zn) a été menée. Dans ce but trois ciment sulfoalumineux (25, 50 et 75 % en masse de ye’elimite) ont été synthétisés. Ensuite l’effet de la variabilité de ce ciment sur sa durabilité dans l’eau pure et sulfatée a été investigué par rapport à un ciment sulfoalumineux commercial. Enfin, une étude des potentialités du ciment sulfoalumineux commercial à inhiber la réaction alcali silice dans les mortiers, lors de l’utilisation d’un granulat réactif (Silex), a été conduite. Il en résulte de cette étude qu’une augmentation de taux de ye’elimite dans le ciment sulfoalumineux engendre une augmentation des performances mécaniques. La valeur limite en Zn est de 0,3 % indépendamment de la composition du ciment sulfoalumineux. Par contre cette dernière influence la …",materials science,0.4
,,"Higher Graphene Oxide-Induced Cuo Reduction in Tio2/Catio3/Cu2o/Cu Composites for Photocatalysis Via Peroxymonosulfate Activation*
F Tanos, E Makhoul, AA NADA, MF Bekheet, W Riedel…
Related articles",2022/6/23,,,,,,,Materials science,,Madona Boulos,,,Higher Graphene Oxide-Induced Cuo Reduction in Tio2/Catio3/Cu2o/Cu Composites for Photocatalysis Via Peroxymonosulfate Activation,,SSRN,,https://scholar.google.com/citations?view_op=view_citation&hl=en&user=vaUt1oYAAAAJ&cstart=20&pagesize=80&citation_for_view=vaUt1oYAAAAJ:3fE2CSJIrl8C,,,"Fida Tanos, Elissa Makhoul, Amar A Nada, Maged F Bekheet, Wiebke Riedel, Sarah Kawrani, Habib Belaid, Eddy Petit, Roman Viter, Victoriia Fedorenko, Arunas Ramanavicius, Madona Boulos, David Cornu, Antonio Razzouk, Geoffroey Lesage, Marc Cretin, Mikhael Bechelany",,Unclassified,0.0
,,"Synthesis, Characterizations and applications of oxides materials based on CaCu3Ti4O12
S Kawrani - 2019
Related articles All 5 versions",2019/12/16,,https://theses.hal.science/tel-02492225/file/KAWRANI_2019_archivage.pdf,,,,,Materials science,,Madona Boulos,,,"Synthesis, Characterizations and applications of oxides materials based on CaCu3Ti4O12",Université Montpellier,,,https://scholar.google.com/citations?view_op=view_citation&hl=en&user=vaUt1oYAAAAJ&cstart=20&pagesize=80&citation_for_view=vaUt1oYAAAAJ:8k81kl-MbHgC,,,Sara Kawrani,"Perovskite oxides exhibit a large variety of properties because of their structures and chemical compositions. Well known properties of the perovskite oxides are Ferroelectricity in BaTiO3-based oxides and superconductivity in YBa2Cu3O7. The major limit of these compounds is their phase transitions at high temperature, which lead to modify the perovskite properties. CaCu3Ti4O12 (CCTO) exhibit a cubic structure stable at high temperature, it is a double-perovskite (ABO3). CCTO was known as high dielectric material, and can play a key role in photoelectrochemical activity due to its structure. In addition, CCTO can occur a phase transition into the antiferromagnetically ordered phase below Neel temperature TN = 25 K. On the other hand, 2D nanomaterials including graphene oxide (GO) and hexagonal boron nitrides (h-BN) were widely used due their exceptional properties.The aim of this thesis is to investigate the photoelectrochemical, dielectric, and magnetic properties of CCTO based composites. Composites made of CCTO/GO and CCTO/h-BN ceramics were fabricated by solid-state reaction. With the addition of 2D nanosheets materials, the photoelectrochemical performance is enhanced by increasing the generation of photocurrent. CCTO with 3%wt of h-BN showed the insertion of bore (B) and nitrogen (N) into CCTO lattice, leading to Ti-B-O, Ti-N-O bonds and oxygen vacancies on the surface which reduce the bang gap energy and increase the density of generated photocurrent. With 3% of GO, Ti4+ and Cu2+ were reduced to active species Ti3+ and Cu+ respectively and oxygen vacancies were generated at the surface for charge …",materials science,0.403
,3ème Colloque International Francophone: Nouveaux Matériaux et Durabilité (NoMaD),"Etude des potentialités des ciments sulfo-alumineux pour inhiber la réaction alcali-silice
J Kleib, G Aouad, G Louis, M Zakhour, M Boulos… - 3ème Colloque International Francophone: Nouveaux …, 2018
Related articles",2018/11/7,,,,,,,Materials science,,Madona Boulos,,,Etude des potentialités des ciments sulfo-alumineux pour inhiber la réaction alcali-silice,,,,https://scholar.google.com/citations?view_op=view_citation&hl=en&user=vaUt1oYAAAAJ&cstart=20&pagesize=80&citation_for_view=vaUt1oYAAAAJ:UebtZRa9Y70C,,,"J Kleib, G Aouad, G Louis, M Zakhour, M Boulos, A Rousselet, D Bulteel",,materials science,0.4
,,"Thermal expansion, polarization and phase diagrams of Ba {sub 1-y} Bi {sub 2y/3} Ti {sub 1-x} Zr {sub x} O {sub 3} and Ba {sub 1-y} La {sub y} Ti {sub 1-y/4} O {sub 3} compounds
M Gorev, V Bondarev, I Flerov, M Maglione, A Simon… - Journal of Physics. Condensed Matter, 2009
Related articles",2009/2/18,21.0,https://www.osti.gov/etdeweb/biblio/21297301,,,,,Materials science,,Madona Boulos,,,"Thermal expansion, polarization and phase diagrams of Ba {sub 1-y} Bi {sub 2y/3} Ti {sub 1-x} Zr {sub x} O {sub 3} and Ba {sub 1-y} La {sub y} Ti {sub 1-y/4} O {sub 3} compounds",,Journal of Physics. Condensed Matter,,https://scholar.google.com/citations?view_op=view_citation&hl=en&user=vaUt1oYAAAAJ&cstart=20&pagesize=80&citation_for_view=vaUt1oYAAAAJ:Tyk-4Ss8FVUC,,,"Michail Gorev, Vitaly Bondarev, Igor Flerov, Mario Maglione, Annie Simon, Philippe Sciau, Madona Boulos, Sophie Guillemet-Fritsch","The thermal expansion properties of the ceramic compositions Ba{sub 1-y}La{sub y}Ti{sub 1-y/4}O{sub 3} (y = 0.0, 0.026, 0.036, 0.054) and Ba{sub 1-y}Bi{sub 2y/3}Ti{sub 1-x}Zr{sub x}O{sub 3} (y = 0.10; x = 0.0, 0.04, 0.05, 0.10, 0.15) were determined in the temperature range 120-700 K. We report the temperature-dependent measurements of the strain, thermal expansion coefficient and the magnitude of root mean square polarization. The results obtained are discussed together with the data on the structure and dielectric properties.",Unclassified,0.0
,,"CERAMIQUES A BASE DE TITANATE DE BARYUM DOPE AU LANTHANE, PROCEDE DE PREPARATION ET UTILISATIONS
S Guillemet-Fritsch, B Durand, M Boulos, Q Nguyen… - 2007
Related articles",2007,,,,,,,Materials science,,Madona Boulos,"S Guillemet-Fritsch, B Durand, M Boulos, Q Nguyen, Thierry Lebey",,"CERAMIQUES A BASE DE TITANATE DE BARYUM DOPE AU LANTHANE, PROCEDE DE PREPARATION ET UTILISATIONS",,,,https://scholar.google.com/citations?view_op=view_citation&hl=en&user=vaUt1oYAAAAJ&cstart=20&pagesize=80&citation_for_view=vaUt1oYAAAAJ:kNdYIx-mwKoC,,,,"CERAMIQUES A BASE DE TITANATE DE BARYUM DOPE AU LANTHANE, PROCEDE DE PREPARATION ET UTILISATIONS - Archive ouverte HAL Accéder directement au contenu Documentation FR Français (FR) Anglais (EN) Se connecter HAL science ouverte Recherche Loading... Recherche avancée Information de documents Titres Titres Sous-titre Titre de l'ouvrage Titre du volume (Série) Champ de recherche par défaut (multicritères) + texte intégral des PDF Résumé Texte intégral indexé des documents PDF Mots-clés Type de document Sous-type de document Tous les identifiants du document Identifiant HAL du dépôt Langue du document (texte) Pays (Texte) Ville À paraître (true ou false) Ajouter Auteur Auteur (multicritères) Auteur (multicritères) Auteur : Nom complet Auteur : Nom de famille Auteur : Prénom Auteur : Complément de nom, deuxième prénom Auteur : Organisme payeur Auteur : IdHal (…",materials science,0.404
,,"Caractérisation de céramiques massives et de couches épaisses préparées à partir des nanopoudres de BaTiO3.
DQ Nguyen, T Lebey, V Bley, M Boulos… - European Journal of Electrical Engineering, 2006
Related articles All 2 versions",2006,9.0,https://hal.science/hal-03481662/document,,,,433-448,Materials science,,Madona Boulos,,,Caractérisation de céramiques massives et de couches épaisses préparées à partir des nanopoudres de BaTiO3.,,European Journal of Electrical Engineering,,https://scholar.google.com/citations?view_op=view_citation&hl=en&user=vaUt1oYAAAAJ&cstart=20&pagesize=80&citation_for_view=vaUt1oYAAAAJ:2osOgNQ5qMEC,4-5,,"Dinh Quang Nguyen, Thierry Lebey, Vincent Bley, Madona Boulos, Sophie Guillemet-Fritsch, Céline Combettes",Des poudres fines de BaTiO3 (BT) sont synthétisées par la méthode hydrothermale ? 250 ?C pendant 7 heures. Deux mélanges précurseurs différents sont utilisés : TiCl3 + BaCl2 et TiO2 + BaCl2. La taille des cristallites résultante est voisine de 20 nm indépendamment du mélange initial. Ces poudres sont alors employées pour préparer des céramiques massives (pastilles) et des couches épaisses déposées sur substrat plan. L'influence des précurseurs et du type de mise en oeuvre est mise en évidence en étudiant la permittivité tant dans le domaine des températures que des fréquences.,materials science,0.4
,"Proceedings of 2005 International Symposium on Electrical Insulating Materials, 2005.(ISEIM 2005).","High dielectric constant in CaCu/sub 3/Ti/sub 4/O/sub 12/multiphased ceramics
T Lebey, S Guillemet, V Bley, M Boulos, B Durand - Proceedings of 2005 International Symposium on …, 2005
Related articles All 2 versions",2005/6/5,3.0,,,,,784-787,Materials science,,Madona Boulos,,,High dielectric constant in CaCu/sub 3/Ti/sub 4/O/sub 12/multiphased ceramics,,,,https://scholar.google.com/citations?view_op=view_citation&hl=en&user=vaUt1oYAAAAJ&cstart=20&pagesize=80&citation_for_view=vaUt1oYAAAAJ:u-x6o8ySG0sC,,IEEE,"T Lebey, S Guillemet, V Bley, M Boulos, B Durand","Different CCT powders containing several phases, CaCu/sub 3/Ti/sub 4/O/sub 12/ (major phase), CaTiO/sub 3/ and CuO are elaborated by a ""soft chemistry"" method. Three main types of sintered ceramics are realized: a monophased consisting of the pure CCT phase, a biphased (CCT + CaTiO/sub 3/), and a three-phased (CCT + CaTiO/sub 3/ + copper oxide (CuO or Cu/sub 2/O)). All of them present original dielectric properties. Values up to 8 /spl times/ 10/sup 5/ at 1 kHz are obtained for the relative permittivity with relatively low losses. The origin of such huge permittivity values and the influence of the structure (presence of additional phases) on the dielectric properties of the ceramics are discussed.",materials science,0.2
,,"Hydrothermal synthesis of nanosized BaTiO
M Boulos, S Guillemet-Fritsch, F Mathieu, B Durand…
Related articles All 2 versions",,,https://www.academia.edu/download/41767302/Hydrothermal_synthesis_of_nanosized_BaTi20160130-30347-1mem5sd.pdf,,,,,Materials science,,Madona Boulos,,,Hydrothermal synthesis of nanosized BaTiO3,,,,https://scholar.google.com/citations?view_op=view_citation&hl=en&user=vaUt1oYAAAAJ&cstart=20&pagesize=80&citation_for_view=vaUt1oYAAAAJ:0EnyYjriUFMC,,,"Madona Boulos, Sophie Guillemet-Fritsch, François Mathieu, Bernard Durand, Thierry Lebey, Vincent Bley",". The size of the crystallites is close to 20 nm whatever the starting mixture and the reaction temperature. These powders are well crystallized and constituted of a mixture of the metastable cubic and stable tetragonal phases. The ceramics obtained after uniaxial pressing and sintering at 1250 C for 10 h or 20 h present high densification (up to 99.8%). The Curie temperature (T c
) and the electrical permittivity (r
) of the ceramics strongly depend on the type of titanium source that has been used for preparing the powder and on the sintering dwell time. Particularly, T c is shifted towards lower temperature when TiCl",materials science,0.4
,,"Electrical characteristics of BaTiO3 ceramics and thick films from hydrothermal prepared powders
S Guillemet, M Boulos, B Durand, V Bley, T Lebey
Related articles All 2 versions",,,http://web1.see.asso.fr/electroceramics/html/cdrom/pdf/Papers/D01-04-Ora.pdf,,,,,Materials science,,Madona Boulos,,,Electrical characteristics of BaTiO3 ceramics and thick films from hydrothermal prepared powders,,,,https://scholar.google.com/citations?view_op=view_citation&hl=en&user=vaUt1oYAAAAJ&cstart=20&pagesize=80&citation_for_view=vaUt1oYAAAAJ:W7OEmFMy1HYC,,,"Sophie Guillemet, Madona Boulos, Bernard Durand, Vincent Bley, Thierry Lebey","It is known that the dielectric properties of BaTiO3 ceramics strongly depend on the sintering ability of the starting powders and therefore of their morphological characteristics (size distribution, crystallite size, agglomeration state). Finally divided BaTiO3 powders were synthesized by hydrothermal method: treatment at 150 C and 250 C for 7 hours of a mixture of TiCl3 and BaCl2 or TiO2 and BaCl2. Then the powders were spread in thick film using the doctor blade method or compacted in pellets by uniaxial pressing and finally sintered by heating in air. The sintering parameters were adjusted to optimise the density of the final materials. The microstructure, densities and dielectric constants of the ceramics and films have been determined and correlated to the powder quality.",materials science,0.405
,,"R-074 ÉTUDE DES POTENTIALITÉS DES CIMENTS SULFO-ALUMINEUX POUR INHIBER LA RÉACTION ALCALI-SILICE
J KLEIB, G AOUAD, G LOUIS, M ZAKHOUR… - NoMaD 2018
Related articles",,,,,,,,Materials science,,Madona Boulos,,,R-074 ÉTUDE DES POTENTIALITÉS DES CIMENTS SULFO-ALUMINEUX POUR INHIBER LA RÉACTION ALCALI-SILICE,,NoMaD 2018,,https://scholar.google.com/citations?view_op=view_citation&hl=en&user=vaUt1oYAAAAJ&cstart=20&pagesize=80&citation_for_view=vaUt1oYAAAAJ:zYLM7Y9cAGgC,,,"Joelle KLEIB, Georges AOUAD, Ghislain LOUIS, Mirvat ZAKHOUR, Madona BOULOS, Angélique ROUSSELET, David BULTEEL","La Réaction Alcali-Silice (RAS) est une des pathologies qui affecte la durabilité du béton. Le résultat de cette réaction est le gonflement du béton. À ce jour, l’essentiel des travaux concernant la RAS reposent sur l’utilisation du ciment Portland (OPC). L’objectif de cette étude est de voir si le ciment sulfoalumineux (CSA) peut être une alternative à l’OPC lors de l’utilisation des granulats réactifs. Le ciment CSA est connu pour sa faible teneur en alcalins et son pH plus faible que celui de l’OPC dans la solution interstitielle de sa matrice cimentaire. Ces deux caractéristiques sont connues pour influencer la RAS. Dans ce but, un granulat réactif qu’est le silex a été utilisé dans cette étude pour initier le phénomène de la RAS avec deux types de ciment: le ciment Portland CEMI 52, 5 de Holcim et le ciment sulfoalumineux Alpenat de Vicat. Les alcalins ont été ajoutés dans la solution de gâchage par un dopage NaOH ou …",materials science,0.4
