Book,Conference,Scholar articles,Publication date,Volume,PDF Link,Patent office,Report number,Source,Pages,Research Interests,Total citations,Researcher Name,Inventors,Patent number,Title,Institution,Journal,Application number,Scholar Link,Issue,Publisher,Authors,Description,Classified_Topic,Classification_Confidence
,,"Electrochemical properties and actuation mechanisms of polyacrylamide hydrogel for artificial muscle application
M Bassil, J Davenas, MEL Tahchi - Sensors and Actuators B: Chemical, 2008
Cited by 130 Related articles All 7 versions",2008/9/25,134.0,https://www.academia.edu/download/45689046/j.snb.2008.05.02520160516-12353-md8ktt.pdf,,,,496-501,"Artificial muscle, Hydrogel, Smart materials",Cited by 130,Maria BASSIL,,,Electrochemical properties and actuation mechanisms of polyacrylamide hydrogel for artificial muscle application,,Sensors and Actuators B: Chemical,,https://scholar.google.com/citations?view_op=view_citation&hl=en&user=MmRP7t4AAAAJ&citation_for_view=MmRP7t4AAAAJ:u5HHmVD_uO8C,2,Elsevier,"Maria Bassil, Joel Davenas, M EL Tahchi","This paper presents a comprehensive study of the electromechanical behavior of PAAM hydrogel actuators. In this study, we developed a new method for the characterization of the pH gradient inside the gel actuator. Then we analyzed the volume variation kinetics of the gel responding to various pH stimulations and investigated the electroactivity of PAAM actuators in a fully hydrated gel. Finally we explain the bending mechanism of the hydrogel actuator based on the phenomenon of diffusion of hydroxide and hydronium ions showing the correlation between the electrical, chemical and mechanical properties of such devices.",artificial muscle,0.612
,,"A review on the current research on graphene-based aerogels and their applications
G Nassar, E Daou, R Najjar, M Bassil, R Habchi - Carbon Trends, 2021
Cited by 83 Related articles All 2 versions",2021/7/1,4.0,https://www.sciencedirect.com/science/article/pii/S2667056921000420,,,Carbon Trends,100065,"Artificial muscle, Hydrogel, Smart materials",Cited by 83,Maria BASSIL,,,A review on the current research on graphene-based aerogels and their applications,,,,https://scholar.google.com/citations?view_op=view_citation&hl=en&user=MmRP7t4AAAAJ&citation_for_view=MmRP7t4AAAAJ:YOwf2qJgpHMC,,Elsevier,"Gaelle Nassar, Elissa Daou, Rita Najjar, Maria Bassil, Roland Habchi","Graphene aerogels (GAs) are amongst the lightest materials in the world. They attracted increasing interest in academia and industry because of their exceptional and unique properties, like high mechanical strength, electrical conductivity, thermal resistance, and adsorption capacity. In this review, we describe advances in research and development of a variety of methods that lead to the synthesis of graphene-based aerogels. First, the main common methods for producing GAs are examined, such as chemical reduction, hydrothermal reduction, crosslinking, polymerization methods, and template-directed reduction. Furthermore, the advancement of the 3D printing of GAs is presented. These methods resulted in GAs with porous hierarchical textures, low densities, and improved electrical conductivities, robust mechanical properties, better stability, and excellent adsorption potential. Then, the promising potential …",smart materials,0.404
,,"Artificial muscular microfibers: hydrogel with high speed tunable electroactivity
M Bassil, M Ibrahim, M El Tahchi - Soft Matter, 2011
Cited by 52 Related articles All 2 versions",2011,7.0,,,,,4833-4838,"Artificial muscle, Hydrogel, Smart materials",Cited by 52,Maria BASSIL,,,Artificial muscular microfibers: hydrogel with high speed tunable electroactivity,,Soft Matter,,https://scholar.google.com/citations?view_op=view_citation&hl=en&user=MmRP7t4AAAAJ&citation_for_view=MmRP7t4AAAAJ:qjMakFHDy7sC,10,Royal Society of Chemistry,"Maria Bassil, Michael Ibrahim, Mario El Tahchi","The advancement in polymer muscle-like actuator technologies is of immense importance in the development of biologically inspired designs for tissue substitutes where the mechanical robustness is combined with fast physico-chemical responsiveness, biocompatibility and electroactivity. The multiformability (films, fibres, tubules,…) and the multifunctionality (response to temperature, pH, electromagnetic excitation,…) of hydrogels make them a great candidate for electro-bio-active artificial implantable muscular fibers and as soft actuators for gentle micro-scale manipulations. With an end objective to conceive and fabricate a system with instantaneous response to external stimuli, we present the results of an experimental method used to prepare long thin self-assembled hydrogel fibers with aspect ratio greater than 105 (length/diameter). We show for the first time that these fibers are electroactive and dynamically …",hydrogel,0.604
,,"Influence of hydrolyzed polyacrylamide hydrogel stiffness on podocyte morphology, phenotype, and mechanical properties
M Abdallah, M Martin, MR El Tahchi, S Balme… - ACS applied materials & interfaces, 2019
Cited by 45 Related articles All 8 versions",2019/8/19,11.0,https://hal.science/hal-02274931/file/ACS%20Applied%20Materials%20%26%20Interfaces%202019%2C%2011%2C%2032623-32632.pdf,,,,32623-32632,"Artificial muscle, Hydrogel, Smart materials",Cited by 45,Maria BASSIL,,,"Influence of hydrolyzed polyacrylamide hydrogel stiffness on podocyte morphology, phenotype, and mechanical properties",,ACS applied materials & interfaces,,https://scholar.google.com/citations?view_op=view_citation&hl=en&user=MmRP7t4AAAAJ&citation_for_view=MmRP7t4AAAAJ:8k81kl-MbHgC,36,American Chemical Society,"Maya Abdallah, Marta Martin, Mario R El Tahchi, Sebastien Balme, Wissam H Faour, Bela Varga, Thierry Cloitre, Orsolya Pall, Frederic JG Cuisinier, Csilla Gergely, Maria J Bassil, Mikhael Bechelany","Chronic kidney disease is characterized by a gradual decline in renal function that progresses toward end-stage renal disease. Podocytes are highly specialized glomerular epithelial cells which form with the glomerular basement membrane (GBM) and capillary endothelium the glomerular filtration barrier. GBM is an extracellular matrix (ECM) that acts as a mechanical support and provides biophysical signals that control normal podocytes behavior in the process of glomerular filtration. Thus, the ECM stiffness represents an essential characteristic that controls podocyte function. Hydrolyzed Polyacrylamide (PAAm) hydrogels are smart polyelectrolyte materials. Their biophysical properties can be tuned as desired to mimic the natural ECM. Therefore, these hydrogels are investigated as new ECM-like constructs to engineer a podocyte-like basement membrane that forms with cultured human podocytes a functional …",hydrogel,0.604
,,"Polyaniline–titania solid electrolyte for new generation photovoltaic single-layer devices
M Ibrahim, M Bassil, UB Demirci, T Khoury… - Materials Chemistry and Physics, 2012
Cited by 27 Related articles All 7 versions",2012/4/16,133.0,,,,,1040-1049,"Artificial muscle, Hydrogel, Smart materials",Cited by 27,Maria BASSIL,,,Polyaniline–titania solid electrolyte for new generation photovoltaic single-layer devices,,Materials Chemistry and Physics,,https://scholar.google.com/citations?view_op=view_citation&hl=en&user=MmRP7t4AAAAJ&citation_for_view=MmRP7t4AAAAJ:9yKSN-GCB0IC,2-3,Elsevier,"Michael Ibrahim, Maria Bassil, Umit B Demirci, Tony Khoury, Georges El Haj Moussa, Mario El Tahchi, Philippe Miele","In this study, in situ chemical oxidative polymerization of very low quantities of aniline doped with HCl using ammonium persulfate inside an aqueous solution of 10wt.% of titanium dioxide was used to prepare a novel photovoltaic paint. Photoelectrical properties of the composite have been observed and the operating principle of the photovoltaic device is presented. We report an enhancement of the absorption of TiO2 powder in the visible range due to the sensitization by conductive polyaniline. Under illumination an open circuit voltage of 593mV and a short circuit current density of 0.502Am−2 were recorded. The surface conductivity of PANI–TiO2 pellets is measured using the four-point probe technique. The percolation theory together with variable range hopping explained the behavior of the surface conductivity of the composites. Morphological analysis using Transmission Electron Microscope showed the …",smart materials,0.4
,,"Enhancement of podocyte attachment on polyacrylamide hydrogels with gelatin-based polymers
M Abdallah, S Nagarajan, M Martin, M Tamer… - ACS applied bio materials, 2020
Cited by 12 Related articles All 5 versions",2020/10/29,3.0,"https://hal.science/hal-03134548/file/ACS%20Applied%20Bio%20Materials,%202020,%203,%207531%E2%80%937539.pdf",,,,7531-7539,"Artificial muscle, Hydrogel, Smart materials",Cited by 12,Maria BASSIL,,,Enhancement of podocyte attachment on polyacrylamide hydrogels with gelatin-based polymers,,ACS applied bio materials,,https://scholar.google.com/citations?view_op=view_citation&hl=en&user=MmRP7t4AAAAJ&citation_for_view=MmRP7t4AAAAJ:Zph67rFs4hoC,11,American Chemical Society,"Maya Abdallah, Sakthivel Nagarajan, Marta Martin, Marleine Tamer, Wissam H Faour, Maria Bassil, Frederic JG Cuisinier, Csilla Gergely, Bela Varga, Orsolya Pall, Philippe Miele, Sebastien Balme, Mario El Tahchi, Mikhael Bechelany","Biological activities of cells such as survival and differentiation processes are mainly maintained by a specific extracellular matrix (ECM). Hydrogels have recently been employed successfully in tissue engineering applications. In particular, scaffolds made of gelatin methacrylate-based hydrogels (GelMA) showed great potential due to their biocompatibility, biofunctionality, and low mechanical strength. The development of a hydrogel having tunable and appropriate mechanical properties as well as chemical and biological cues was the aim of this work. A synthetic and biological hybrid hydrogel was developed to mimic the biological and mechanical properties of native ECM. A combination of gelatin methacrylate and acrylamide (GelMA-AAm)-based hydrogels was studied, and it showed tunable mechanical properties upon changing the polymer concentrations. Different GelMA-AAm samples were prepared and …",hydrogel,0.605
,,"Electrochemical and electromechanical properties of fully hydrolyzed polyacrylamide forapplications in biomimetics
M Bassil, M El Tahchi, E Souaid, J Davenas, G Azzi… - Smart materials and structures, 2008
Cited by 12 Related articles All 6 versions",2008/8/20,17.0,,,,,055017,"Artificial muscle, Hydrogel, Smart materials",Cited by 12,Maria BASSIL,,,Electrochemical and electromechanical properties of fully hydrolyzed polyacrylamide forapplications in biomimetics,,Smart materials and structures,,https://scholar.google.com/citations?view_op=view_citation&hl=en&user=MmRP7t4AAAAJ&citation_for_view=MmRP7t4AAAAJ:u-x6o8ySG0sC,5,IOP Publishing,"Maria Bassil, Mario El Tahchi, E Souaid, Joel Davenas, G Azzi, R Nabbout","This paper focuses on the development of fully hydrolyzed polyacrylamide (PAAM) hydrogel for applications in biomimetics. We present an analysis of the motion of actuators based on PAAM hydrogel in order to obtain the elementary background needed for the design of actuating devices based on this material, which has a high compatibility with living tissues. The gel properties are investigated, the electroactivity of the hydrogel is shown and a qualitative–quantitative study demonstrating the basics of motion of such actuators is presented.",hydrogel,0.607
,,"Molecular dynamics in smart hydrogel systems
M Bassil, M Ibrahim, R Habchi, J Davenas, G Boiteux… - Journal of non-crystalline solids, 2010
Cited by 9 Related articles All 5 versions",2010/4/1,356.0,,,,,754-756,"Artificial muscle, Hydrogel, Smart materials",Cited by 9,Maria BASSIL,,,Molecular dynamics in smart hydrogel systems,,Journal of non-crystalline solids,,https://scholar.google.com/citations?view_op=view_citation&hl=en&user=MmRP7t4AAAAJ&citation_for_view=MmRP7t4AAAAJ:2osOgNQ5qMEC,11-17,North-Holland,"Maria Bassil, Michael Ibrahim, Roland Habchi, Joel Davenas, Gisèle Boiteux, Mario El Tahchi","Intelligent hydrogels, particularly hydrolyzed polyacrylamide (PAAM) interact with their environment in a preprogrammed and intelligent manner. Since the dynamics property is critical to the applications of this material, we investigate in this study the ion exchange, between the hydrogel and its surrounding environment, induced by a chemical stimulation. Understanding the fundamental phenomena of PAAM contracting mechanisms is necessary in order to respond to emerging technology demands for high performance systems based on such materials.",hydrogel,0.607
,,"A Closer Look at the Polyacrylamide Fibers for Natural-Like Artificial Muscle Fabrication
M Bassil, J Davenas, M El Tahchi - Advances in Science and Technology, 2009
Cited by 8 Related articles All 4 versions",2009/2/10,61.0,,,,,85-90,"Artificial muscle, Hydrogel, Smart materials",Cited by 8,Maria BASSIL,,,A Closer Look at the Polyacrylamide Fibers for Natural-Like Artificial Muscle Fabrication,,Advances in Science and Technology,,https://scholar.google.com/citations?view_op=view_citation&hl=en&user=MmRP7t4AAAAJ&citation_for_view=MmRP7t4AAAAJ:d1gkVwhDpl0C,,Trans Tech Publications Ltd,"Maria Bassil, Joel Davenas, Mario El Tahchi","Polyacrylamide (PAAM) gels suits better the artificial muscle fabrication despite their response time which stays low compared to natural human muscle. This main problem is due to their bulky form where the ions exchange takes a long time compared to the microsecond scale in human muscle. Thus a successful artificial muscle will need to replicate the small scales of the muscle fibers that can achieve fast response. In this study we develop a technique for PAAM gel fibers fabrication with micrometric diameter, 1D structure, aiming to convert isotropic swelling into a directional one and we propose an electrical activation mode for a linear actuation mechanism.",artificial muscle,0.61
,,"A review on the current research on graphene-based aerogels and their applications, Carbon Trends 4 (2021), 100065
G Nassar, E Daou, R Najjar, M Bassil, R Habchi - 2021
Cited by 6 Related articles",2021,,,,,,,"Artificial muscle, Hydrogel, Smart materials",Cited by 6,Maria BASSIL,,,"A review on the current research on graphene-based aerogels and their applications, Carbon Trends 4 (2021), 100065",,,,https://scholar.google.com/citations?view_op=view_citation&hl=en&user=MmRP7t4AAAAJ&citation_for_view=MmRP7t4AAAAJ:_kc_bZDykSQC,,,"G Nassar, E Daou, R Najjar, M Bassil, R Habchi",,smart materials,0.4
,,"Evaluating the effect of the surface morphology on the colorimetric sensitivity of poly-vinyl-pyrrolidone polydiacetylene composites
R Kassis, M Bassil, A Al Choueiry - Materials Research Express, 2018
Cited by 5 Related articles All 3 versions",2018/10/22,6.0,https://iopscience.iop.org/article/10.1088/2053-1591/aae6f5/pdf,,,,015706,"Artificial muscle, Hydrogel, Smart materials",Cited by 5,Maria BASSIL,,,Evaluating the effect of the surface morphology on the colorimetric sensitivity of poly-vinyl-pyrrolidone polydiacetylene composites,,Materials Research Express,,https://scholar.google.com/citations?view_op=view_citation&hl=en&user=MmRP7t4AAAAJ&citation_for_view=MmRP7t4AAAAJ:0EnyYjriUFMC,1,IOP Publishing,"Roben Kassis, Maria Bassil, Antoine Al Choueiry","In this paper, we report the generation of Poly-vinyl-pyrrolidone (PVP) microfibers doped with two types of polydiacetylene (PDA): 10, 12-tricosadyinoic acid (TCDA) and 10, 12-pentacosadiynoic acid (PCDA). The colorimetric transition behavior of the fibrous samples upon exposure to acetone stimulus is evaluated and compared to PVP layers doped with TCDA and PCDA. The quasi-instantaneous color shift of PVP-PDA microfibers and layers is quantitatively characterized by mean of UV-visible spectrometry and the colorimetric response (CR) is calculated from the absorption spectrums. The results show that PVP can be successfully used as a low cost host matrix for the development of PDA chemo and biosensors. In addition, the chemosensors exhibit sigmoidal behavior upon exposure to different acetone solutions and samples doped with TCDA present a higher sensitivity than samples doped with PCDA due to …",smart materials,0.4
,,"Formation mechanism of polyaniline self‐assembled needles and urchin‐like structures assisted by magnesium oxide
M Ibrahim, M Bassil, T Khoury, UB Demirci, M El Tahchi… - Polymer international, 2015
Cited by 5 Related articles All 5 versions",2015/4,64.0,,,,,505-512,"Artificial muscle, Hydrogel, Smart materials",Cited by 5,Maria BASSIL,,,Formation mechanism of polyaniline self‐assembled needles and urchin‐like structures assisted by magnesium oxide,,Polymer international,,https://scholar.google.com/citations?view_op=view_citation&hl=en&user=MmRP7t4AAAAJ&citation_for_view=MmRP7t4AAAAJ:ufrVoPGSRksC,4,"John Wiley & Sons, Ltd","Michael Ibrahim, Maria Bassil, Tony Khoury, Umit B Demirci, Mario El Tahchi, Philippe Miele","The polyaniline (PANI) morphological structure is strongly correlated with the preparation procedure, yielding diverse geometries such as nano‐tubes, belts, rods, fibres and particles. In this study, the synthesis of a novel PANI morphology of consisting of hollow needles and urchin‐like structures is presented and its formation mechanism is explained. The polymer was synthesized by chemical oxidative polymerization of aniline in the presence of magnesium oxide as a structural directing agent. The morphological study of the urchin‐like PANI was conducted using scanning electron microscopy and in situ monitoring of needle growth was done using optical microscopy. The structure and functional groups of these novel structures were characterized using Fourier transform infrared spectroscopy. Additionally, the formation mechanism is modelled based on the multi‐layer theory where a core–shell structure exists …",smart materials,0.4
,,"Electrospinning of highly aligned and covalently cross‐linked hydrogel microfibers
M Bassil, J AL Moussawel, M Ibrahim, G Azzi… - Journal of Applied Polymer Science, 2014
Cited by 5 Related articles All 3 versions",2014/11/15,131.0,https://www.academia.edu/download/93796341/app.4109220221107-1-1a14vgd.pdf,,,,,"Artificial muscle, Hydrogel, Smart materials",Cited by 5,Maria BASSIL,,,Electrospinning of highly aligned and covalently cross‐linked hydrogel microfibers,,Journal of Applied Polymer Science,,https://scholar.google.com/citations?view_op=view_citation&hl=en&user=MmRP7t4AAAAJ&citation_for_view=MmRP7t4AAAAJ:WF5omc3nYNoC,22,,"Maria Bassil, Judy AL Moussawel, Michael Ibrahim, Georges Azzi, Mario El Tahchi","Smart polyelectrolyte hydrogels are increasingly studied toward the realization of soft microactuators. This study focuses on the fabrication of highly aligned and covalently cross‐linked polyacrylamide hydrogel microfibers by electrospinning technique following two‐stage polymerization. The engineering of the reaction timescale of the precursor, such that the material gels shortly after spinning, is described and the design of the electrospinning setup, to generate highly aligned fibers, is presented. In addition the effect of the operating parameters on the fibers average diameter is investigated. The generated fibers are 15 cm long with average diameter ranging between 100 nm and 1.10 μm. The fibers diameter is controlled by adjusting the thickener type and concentration in the precursor and the electrospinning processing parameters. Thinner fibers are generated at lower thickener molecular weights and …",hydrogel,0.605
,,"Muscles artificiels à base d’hydrogel électroactif
M Bassil - 2009
Cited by 4 Related articles All 7 versions",2009/9/15,,https://theses.hal.science/tel-00688340/document,,,,,"Artificial muscle, Hydrogel, Smart materials",Cited by 4,Maria BASSIL,,,Muscles artificiels à base d’hydrogel électroactif,Université Claude Bernard-Lyon I,,,https://scholar.google.com/citations?view_op=view_citation&hl=en&user=MmRP7t4AAAAJ&citation_for_view=MmRP7t4AAAAJ:Y0pCki6q_DkC,,,Maria Bassil,"Les hydrogels de Polyacrylamide (PAAM) hydrolysés sont des matériaux électroactifs biocompatibles non biodégradables. Ils possèdent des propriétés très proches de celles du muscle naturel et leur mode opérationnel basé sur la diffusion d’ions est similaire à celui existant dans les tissus musculaires naturels. Compte tenu de ces caractéristiques, ces hydrogels sont de bons candidats pour la conception de nouveaux muscles artificiels. Le problème qui limite leur utilisation réside dans leur temps de réponse qui reste encore inférieur à celui du système de fibres musculaires naturelles. Leur fonction actuatrice est limitée par le phénomène de diffusion en raison de leur structure massique qui est à l’origine de cycles de fonctionnement relativement lents. Dans le but de développer un nouveau système artificiel mimant le comportement du muscle squelettique naturel cette étude se divise en deux grandes étapes. La première étape vise le développement d’une étude de la synthèse de l’hydrogel de PAAM et de son mode de fonctionnement. Dans cette étude les effets des paramètres gouvernant la polymérisation sur les propriétés des hydrogels sont évalués. Les propriétés électrochimiques et le mécanisme d’activation des actuateurs soumis à une excitation électrique sont étudiés et le mode de fonctionnement des actuateurs est caractérisé et expliqué. La seconde étape est la proposition et le développement d’une nouvelle architecture de muscle artificiel à base de PAAM. Cette architecture consiste en une structure fibreuse du gel encapsulée par une couche en gel conducteur jouant le rôle d’électrodes. La structure fibreuse permet au …",hydrogel,0.603
,,"Templating polyacrylamide hydrogel for interconnected microstructure and improved performance
M Bassil, G El Haj Moussa, M El Tahchi - Journal of Applied Polymer Science, 2018
Cited by 3 Related articles All 3 versions",2018/5/5,135.0,https://www.academia.edu/download/93796345/app.4620520221107-1-18wmpw4.pdf,,,,46205,"Artificial muscle, Hydrogel, Smart materials",Cited by 3,Maria BASSIL,,,Templating polyacrylamide hydrogel for interconnected microstructure and improved performance,,Journal of Applied Polymer Science,,https://scholar.google.com/citations?view_op=view_citation&hl=en&user=MmRP7t4AAAAJ&citation_for_view=MmRP7t4AAAAJ:UebtZRa9Y70C,17,,"Maria Bassil, Georges El Haj Moussa, Mario El Tahchi","In this study, the pressure and temperature are monitored during acrylamide polymerization and their effects on the mechanical properties and swelling of the resulting hydrogel are investigated. The polymerization kinetic and network formation mechanism are correlated to the environmental thermodynamic conditions under which the hydrogels are polymerized. Then, the swelling and Young's modulus are measured and shown to be tunable along a wide range of values. The swelling ratio varies between 50 and 2262 while Young's modulus varies between 10.99 and 40.70 kPa. In addition, the formation of macroporous hydrogel with channel like structures along the vacuum direction under a reduced pressure of 5 mbar is reported. The macroporous hydrogel has a modulus of 40.70 kPa and shrink approximatively three times faster than the hydrogel polymerized under normal pressure and has a modulus of 10 …",hydrogel,0.605
,,"Dye-Sensitized Solar Cells Based on a Natural Low Cost Halochromic Sensitizer
MI Ibrahim, MJ Bassil, UB Demirci, GEH Moussa… - MRS Online Proceedings Library (OPL), 2011
Cited by 1 Related articles All 7 versions",2011/1,1286.0,https://www.academia.edu/download/93796353/opl.2011.1120221107-1-8e9mb9.pdf,,,,mrsf10-1286-e08-33,"Artificial muscle, Hydrogel, Smart materials",Cited by 1,Maria BASSIL,,,Dye-Sensitized Solar Cells Based on a Natural Low Cost Halochromic Sensitizer,,MRS Online Proceedings Library (OPL),,https://scholar.google.com/citations?view_op=view_citation&hl=en&user=MmRP7t4AAAAJ&citation_for_view=MmRP7t4AAAAJ:W7OEmFMy1HYC,,Cambridge University Press,"Michael I Ibrahim, Maria J Bassil, Umit B Demirci, Georges El Haj Moussa, Mario R El Tahchi, Philippe Miele","Since their re-introduction as new generation solar cells in 1991, dye-sensitized solar cells (DSSCs) have been studied extensively to improve their efficiency and their stability. Few papers have reported the usage of natural dyes in the fabrication of DSSCs. We are most interested in these dyes being easy to extract, low cost and with tunable absorption. For example, Anthocyanin is extracted from red cabbage and is present in a multitude of colors ranging from red to yellow to violet according to the pH. In this study, two industrial types of titanium dioxide powders, the Degussa P 25 and the Crystal 128 with different particle sizes 21 and 200 nm respectively, were used to prepare DSSCs. The dye used is anthocyanin and its color is varied by varying the pH of the medium. The pH effect on the light absorption of anthocyanin in the visible range and the optical properties of titanium dioxide dyed with anthocyanin and …",smart materials,0.4
,,"Development of a Flexible Conductive Polymer Membrane on Electroactive Hydrogel Microfibers
MJ Bassil, MI Ibrahim, E Souaid, GEH Moussa… - MRS Online Proceedings Library (OPL), 2009
Cited by 1 Related articles All 4 versions",2009/1,1234.0,https://www.academia.edu/download/89470635/PROC-1234-QQ01-0920220811-1-1kydw41.pdf,,,,1234-QQ01-09,"Artificial muscle, Hydrogel, Smart materials",Cited by 1,Maria BASSIL,,,Development of a Flexible Conductive Polymer Membrane on Electroactive Hydrogel Microfibers,,MRS Online Proceedings Library (OPL),,https://scholar.google.com/citations?view_op=view_citation&hl=en&user=MmRP7t4AAAAJ&citation_for_view=MmRP7t4AAAAJ:IjCSPb-OGe4C,,Cambridge University Press,"Maria Joseph Bassil, Michael Ibrahim Ibrahim, Eddy Souaid, Georges El Haj Moussa, Mario Remond El Tahchi, Gisèle Boiteux, Joël Davenas, Senentxu Lanceros-Mendez, Joseph K Farah","Conducting polymers and hydrogels are two classes of polymers that currently receive an increasing attention in the field of biomaterials, particularly for their application in the assembly of artificial muscles. In this paper we present the development of Polyacrylamide (PAAM) microfibers and polyaniline (PANI) - poly vinyl alcohol (PVA) conductive gel membrane.The fabricated PAAM microfibers have diameters between 1 and 12μm depending on the preparation parameters. These microfibers respond instantaneously to 100mV electrical stimulation, which solves the problem of time response of the hydrogels. On the other hand, we showed that the inclusion of conducting chains within a crosslinked gel matrix allows combining the conductivity of the PANI with the mechanical flexibility of PVA in order to provide flexible gel membranes that can adhere to the PAAM microfibers to ensure their electrical stimulation.",hydrogel,0.604
,,"Photovoltaic properties of polyaniline-titania composite for hybrid solar cells applications
MI Ibrahim, MJ Bassil, UB Demirci, GEH Moussa… - MRS Online Proceedings Library (OPL), 2009
Cited by 1 Related articles All 5 versions",2009/1,1211.0,https://www.academia.edu/download/93796347/PROC-1211-R03-1820221107-1-ht0i1f.pdf,,,,1211-R03-18,"Artificial muscle, Hydrogel, Smart materials",Cited by 1,Maria BASSIL,,,Photovoltaic properties of polyaniline-titania composite for hybrid solar cells applications,,MRS Online Proceedings Library (OPL),,https://scholar.google.com/citations?view_op=view_citation&hl=en&user=MmRP7t4AAAAJ&citation_for_view=MmRP7t4AAAAJ:UeHWp8X0CEIC,,Cambridge University Press,"Michael Ibrahim Ibrahim, Maria Joseph Bassil, Umit B Demirci, Georges El Hajj Moussa, Vincent Salles, Mario Remond El Tahchi, Philippe Miele","Solar energy harvesting has been extensively studied in the last three decades to provide a green energy source. Hybrid photovoltaics (HPV) based on titania (TiO2) are researched for their easiness of production and low cost. Nanostructured mesoporous titania films and conductive polymers were used recently to form hybrid solar cells [1]. TiO2, mainly an n-type semiconductor with a band gap of 4.2 eV, is employed in several applications from which paints form the highest world use of titania making it an attractive material to use in HPV industry. On the other side, our targeted conductive polymer is polyaniline (PANI), a hole conductor polymer, which is used in such HPV cells due to its high charge-carriers mobility, absorption coefficient in the visible range and environmental stability. PANI and nanocrystalline TiO2 films fabricated using spin coating or layer by layer assembly techniques behave as a p-n …",smart materials,0.4
,30th Annual Conference of the European Society for Biomaterials ESB 2019,"Influence of Polyacrylamide Hydrogel Stiffness on Podocyte morphology, phenotype and mechanical properties.
M Abdallah, MM Fernandez, S Balme, F Cuisinier… - 30th Annual Conference of the European Society for …, 2019
Related articles",2019/9/9,,,,,,,"Artificial muscle, Hydrogel, Smart materials",,Maria BASSIL,,,"Influence of Polyacrylamide Hydrogel Stiffness on Podocyte morphology, phenotype and mechanical properties.",,,,https://scholar.google.com/citations?view_op=view_citation&hl=en&user=MmRP7t4AAAAJ&citation_for_view=MmRP7t4AAAAJ:MXK_kJrjxJIC,,,"Maya Abdallah, Marta Martin Fernandez, Sebastien Balme, Frédéric Cuisinier, Csilla Gergely, Maria Bassil, Mario El Tahchi, Wissam H Faour, Mikhael Bechelany","Chronic kidney disease (CKD) is characterized by a gradual decline in renal function that progresses toward end-stage renal disease (ESRD). Podocytes are highly specialized glomerular epithelial cells, which form with the glomerular basement membrane (GBM) and capillary endothelium, the glomerular filtration barrier (GFB). GBM is an extracellular matrix (ECM) that acts as a mechanical support and provides biophysical signals that control normal podocytes behavior in the process of glomerular filtration. Thus the modulus of elasticity E or stiffness of “ECM” represents an essential characteristic that controls podocyte functions. The biophysical properties of hydrolyzed Polyacrylamide (PAAm) gels resemble to in vivo ECM and thus provide an opportunity to be applied as ECM-like membranes to study cellular behaviors. Therefore, hydrolyzed PAAm hydrogels were investigated for their potential use as new ECM-like constructs to engineer a basement membrane that form with cultured human podocytes a functional glomerular-like filtration barrier. Such ECM-like polyacrylamide hydrogel construct will provide the unique opportunity of understanding in an in vivo-like setting podocyte cells biological responses by controlling the physical properties of the PAAm membranes. In this work, several PAAm hydrogel layers were prepared by changing the crosslinker concentration. The macromolecular microstructure and stiffness were evaluated by Scanning Electron Microscopy (SEM) and Atomic Force Microscopy (AFM) techniques respectively. Accordingly, the mechanical properties and the polymeric network porosity can be effectively …",hydrogel,0.603
,Conference Balard,"Controlling the Stiffness and Porosity of Polyacrylamide Hydrogel Matrices and Evaluating their Effect on Podocyte-Behavior
M Abdhalah, M Bassil, W Faour, M El Tahchi, S Balme… - Conference Balard, 2018
Related articles All 4 versions",2018,,,,,,,"Artificial muscle, Hydrogel, Smart materials",,Maria BASSIL,,,Controlling the Stiffness and Porosity of Polyacrylamide Hydrogel Matrices and Evaluating their Effect on Podocyte-Behavior,,,,https://scholar.google.com/citations?view_op=view_citation&hl=en&user=MmRP7t4AAAAJ&citation_for_view=MmRP7t4AAAAJ:5nxA0vEk-isC,,,"Maya Abdhalah, Maria Bassil, W Faour, Mario El Tahchi, Sebastien Balme, Mikhael Bechelany","Controlling the Stiffness and Porosity of Polyacrylamide Hydrogel Matrices and Evaluating their Effect on Podocyte-Behavior - Université de Montpellier Accéder directement au contenu Documentation FR Se connecter Portail HAL Um Recherche Loading... Recherche avancée Information de documents Titres Titres Sous-titre Titre de l'ouvrage Titre du volume (Série) Champ de recherche par défaut (multicritères) + texte intégral des PDF Résumé Texte intégral indexé des documents PDF Mots-clés Type de document Sous-type de document Tous les identifiants du document Identifiant HAL du dépôt Langue du document (texte) Pays (Texte) Ville À paraître (true ou false) Ajouter Auteur Auteur (multicritères) Auteur (multicritères) Auteur : Nom complet Auteur : Nom de famille Auteur : Prénom Auteur : Complément de nom, deuxième prénom Auteur : Organisme payeur Auteur : IdHal (chaîne de caractères) Auteur : …",hydrogel,0.604
,,"Synthesis and characterization of a low-cost aerogel structure using classical drying methods for thermal insulation
A Nachawaty, M Bassil, A Choueiry, M Tahchi… - International Journal of Structural Integrity, 2017
Related articles",2017/4/10,8.0,,,,,256-263,"Artificial muscle, Hydrogel, Smart materials",,Maria BASSIL,,,Synthesis and characterization of a low-cost aerogel structure using classical drying methods for thermal insulation,,International Journal of Structural Integrity,,https://scholar.google.com/citations?view_op=view_citation&hl=en&user=MmRP7t4AAAAJ&cstart=20&pagesize=80&citation_for_view=MmRP7t4AAAAJ:Se3iqnhoufwC,2,Emerald Publishing Limited,"Abir Nachawaty, Maria Bassil, Antoine Choueiry, Mario Tahchi, Roland Habchi","Purpose
Lightweight insulators are of major importance for the industry, in particular for thermal insulation in buildings. The purpose of this paper is to present a low-cost method to obtain aerogels with high insulating properties.
Design/methodology/approach
Silica aerogel structures have been obtained by a low-cost sol-gel synthesis method. Surface modification, using dimethyldichlorosilane and trimethylchlorosilane, has been applied in order to get different thermal and optical properties.
Findings
The samples show very promising thermal properties as tested through an infrared camera observation. A 5-mm-thick piece of aerogel is able to withstand the temperature of a brazing flame and reduce the heat by at least 150 degrees on its opposite side. The samples have a vitreous like structure as observed by SEM, some surface cracking is observed but they stay within acceptable limits.
Originality/value
A very good …",hydrogel,0.4
,,"Biosynthesis and Characterization of Bacterial Cellulose Produced by a Wild Strain of Acetobacter spp.
F Yassine, M Ibrahim, M Bassil, A Chokr, A Serghei… - MRS Online Proceedings Library, 2012
Related articles All 4 versions",2012/12,1498.0,,,,,109-114,"Artificial muscle, Hydrogel, Smart materials",,Maria BASSIL,,,Biosynthesis and Characterization of Bacterial Cellulose Produced by a Wild Strain of Acetobacter spp.,,MRS Online Proceedings Library,,https://scholar.google.com/citations?view_op=view_citation&hl=en&user=MmRP7t4AAAAJ&cstart=20&pagesize=80&citation_for_view=MmRP7t4AAAAJ:YsMSGLbcyi4C,1,Springer International Publishing,"Fatima Yassine, Michael Ibrahim, Maria Bassil, Ali Chokr, Anatoli Serghei, Antoine El Samrani, Mario El Tahchi, Gisele Boiteux","Many advances in nanomaterials synthesis have been recorded during the last 30 years. Bacterial cellulose (BC) produced by bacteria belonging to the genera Acetobacter, Rhizobium, Agrobacterium, and Sarcina is acquiring major importance as one of many eco-friendly materials with great potential in the biomedical field. The shape of BC bulk is sensitive to the container shape and incubation conditions such as agitation, carbon source, rate of oxygenation, electromagnetic radiation, temperature, and pH. The challenge is to control the dimension and the final shape of biosynthesized cellulose, by the optimization of culture conditions. The production of 3D structures based on BC is important for many industrial and biomedical applications such as paper and textile industries, biological implants, burn dressing material, and scaffolds for tissue regeneration. In our work, wild strains of Acetobacter spp. were …",smart materials,0.404
,,"Self-Assembled Nano-Needles of Polyaniline, Efficient Structures in Controlling Electrical Conductivity
MI Ibrahim, MJ Bassil, UB Demirci, GEH Moussa… - MRS Online Proceedings Library (OPL), 2011
Related articles All 6 versions",2011/1,1312.0,https://www.academia.edu/download/93796344/opl.2011.11320221107-1-6h9vif.pdf,,,,mrsf10-1312-ii07-01,"Artificial muscle, Hydrogel, Smart materials",,Maria BASSIL,,,"Self-Assembled Nano-Needles of Polyaniline, Efficient Structures in Controlling Electrical Conductivity",,MRS Online Proceedings Library (OPL),,https://scholar.google.com/citations?view_op=view_citation&hl=en&user=MmRP7t4AAAAJ&cstart=20&pagesize=80&citation_for_view=MmRP7t4AAAAJ:Tyk-4Ss8FVUC,,Cambridge University Press,"Michael I Ibrahim, Maria J Bassil, Umit B Demirci, Georges El Haj Moussa, Mario R El Tahchi, Philippe Miele","Polyaniline (PANI) is one of the most interesting conducting polymers with a wide and controllable conductivity range, synthesized easily via chemical or electrical route, stable chemically and environmentally, having high absorption in the visible range and high mobility of charge carriers. Under different conditions, PANI morphology can be controlled yielding to the creation of nano-tubes, belts, rods, fibers and particles.In this study, the chemical oxidative polymerization which consists of mixing aniline hydrochloride (A-HCl) with ammonium peroxydisulfate (APS) was used to synthesize HCl doped PANI. Fixing the weight ratio A-HCl/APS defined by the IUPAC while varying their quantities leads to the formation of PANI nanoparticles with variable diameters. In addition, PANI nano-needles of 60 nm average diameter at the center are also obtained. Different methods are used to investigate of 1-D morphologies. The …",hydrogel,0.4
,,"Artificial muscle fabrication based on electroactive hydrogel
M Bassil - 2009
Related articles",2009/9/15,,,,,,,"Artificial muscle, Hydrogel, Smart materials",,Maria BASSIL,,,Artificial muscle fabrication based on electroactive hydrogel,,,,https://scholar.google.com/citations?view_op=view_citation&hl=en&user=MmRP7t4AAAAJ&cstart=20&pagesize=80&citation_for_view=MmRP7t4AAAAJ:4TOpqqG69KYC,,< bound method Organization. get_name_with_acronym of< Organization: TEL-Thèses en ligne>>,Maria Bassil,"Hydrolyzed Polyacrylamide (PAAM) hydrogels are electroactive, biocompatible and non-biodegradable materials. Their main attractive characteristic is their operative similarity with biological muscles and particularly their life-like movement. They suit better the artificial muscle fabrication despite their response time which stays low compared to natural human muscle due to their bulky structure and due to the kinetics of the size dependence of their volume change. In order to copy the natural skeletal muscle design into a new artificial muscle system this study is divided into two steps. The first step is the development of a comprehensive study of the hydrogel itself in order to obtain the elementary background needed for the design of actuating devices based on this material. The effect of polymerization parameter on the hydrogel properties is investigated. The electrochemical properties and actuation mechanisms of …",artificial muscle,0.609
,MRS 2008 Fall Meeting,"Copying the natural skeletal muscle design for a new artificial muscle system
M Bassil, M Ibrahim, M El Tahchi, J Farad, J Davenas - MRS 2008 Fall Meeting, 2008
Related articles",2008/12/1,,,,,,,"Artificial muscle, Hydrogel, Smart materials",,Maria BASSIL,,,Copying the natural skeletal muscle design for a new artificial muscle system,,,,https://scholar.google.com/citations?view_op=view_citation&hl=en&user=MmRP7t4AAAAJ&cstart=20&pagesize=80&citation_for_view=MmRP7t4AAAAJ:_FxGoFyzp5QC,,,"Maria Bassil, Mona Ibrahim, Mario El Tahchi, J Farad, Joel Davenas","Copying the natural skeletal muscle design for a new artificial muscle system - Archive ouverte HAL Recherche Accéder directement au contenu Pied de page Logo Logo Documentation FR Français (FR) Anglais (EN) Se connecter HAL science ouverte Recherche Loading... Recherche avancée Information de documents Titres Titres Sous-titre Titre de l'ouvrage Titre du volume (Série) Champ de recherche par défaut (multicritères) + texte intégral des PDF Résumé Texte intégral indexé des documents PDF Mots-clés Type de document Sous-type de document Tous les identifiants du document Identifiant HAL du dépôt Langue du document (texte) Pays (Texte) Ville À paraître (true ou false) Ajouter Auteur Auteur (multicritères) Auteur (multicritères) Auteur : Nom complet Auteur : Nom de famille Auteur : Prénom Auteur : Complément de nom, deuxième prénom Auteur : Organisme payeur Auteur : IdHal (chaîne de …",artificial muscle,0.609
,,"Aoki, Hidemitsu, 37 Aoshima, Sadahito, 455 Archambault, Deana, 137 Arlindo, Elen PS, 183
AS Badami, E Baer, B Balamurugan, PR Bandaru…
Related articles",,,,,,,,"Artificial muscle, Hydrogel, Smart materials",,Maria BASSIL,,,"Aoki, Hidemitsu, 37 Aoshima, Sadahito, 455 Archambault, Deana, 137 Arlindo, Elen PS, 183",,,,https://scholar.google.com/citations?view_op=view_citation&hl=en&user=MmRP7t4AAAAJ&cstart=20&pagesize=80&citation_for_view=MmRP7t4AAAAJ:hqOjcs7Dif8C,,,"Anand S Badami, Eric Baer, B Balamurugan, Prabhakar R Bandaru, Rinti Banerjee, Justin R Barone, Maria J Bassil, Mark W Beach, Rachel L Beingessner, M Benelmekki, Roberto Benson, Frederick L Beyer, Gabor Borzsonyi, Guillaume Brotons, Naresh K Budhavaram, Yaniel Cabrera, Adrian Camenzind, Gregoire Cardoen, Daniel O Carlsson, Federico Carpi, Joel Carr, Peggy Cebe, Aihua Chen, Lih-Yue Chen, Wei-Jen Chen, ZY Cheng, Chin-Lung Chiang, Alessandro Chiolerio, Dorina Magdalena Chipara, Mohammad W Dewan, Dermot Diamond, Shawn M Dirk, Ping Du, Xuan-Ming Duan, Andrew J Duncan, Deepti Dyondi, Shunji Egusa, Georges El Haj Moussa, Mario R El Tahchi, A Enders, J Estevez, BR Evans, Gulsen A Evingur, Yueying Fan, Rouhollah D Farahani, Hicham Fenniri, Armando Ferreira, Yoel Fink, Larisa Florea, Stephen A Fossey, Gabriele Frediani, Carl P Frick, Gunjan Gadodia, Todd Gardner, Georgi Georgiev","opl_1312_0_authorindex 509..512 Page 1 AUTHOR INDEX Abdelsayed, Victor, 349 Abe, Hiroshi, 423 Adhikari, Ananta Raj, 361 Aga, Roberto S., Jr., 45 Allia, Paolo, 293 Alvarado-Tenorio, Bonifacio, 201 Alvi, Farah, 385 Aoki, Hidemitsu, 37 Aoshima, Sadahito, 455 Archambault, Deana, 137 Arlindo, Elen PS, 183 Badami, Anand S., 373 Baer, Eric, 19 Balamurugan, B., 171 Bandaru, Prabhakar R., 281 Banerjee, Rinti, 143 Barone, Justin R., 437 Bassil, Maria J., 275 Beach, Mark W., 373 Beingessner, Rachel L., 485 Benelmekki, M., 337 Benson, Roberto, 263 Beyer, Frederick L., 409 Borzsonyi, Gabor, 485 Brotons, Guillaume, 247 Budhavaram, Naresh K., 437 Cabrera, Yaniel, 331, 479 Camenzind, Adrian, 241 Cardoen, Gregoire, 423 Carlsson, Daniel O., 415 Carpi, Federico, 3 Carr, Joel, 19 Cebe, Peggy, 331, 479 Chen, Aihua, 449 Chen, Lih-Yue, 189 Chen, Wei-Jen, 219 Cheng, Z.-Y., 25 Chiang, Chin-Lung, 219 …",artificial muscle,0.4
