Book,Conference,Scholar articles,Publication date,Volume,PDF Link,Patent office,Report number,Source,Pages,Research Interests,Total citations,Researcher Name,Inventors,Patent number,Title,Institution,Journal,Application number,Scholar Link,Issue,Publisher,Authors,Description,Classified_Topic,Classification_Confidence
,,"Unveiling the influence of artificial intelligence and machine learning on financial markets: A comprehensive analysis of AI applications in trading, risk management, and financial operations
M El Hajj, J Hammoud - Journal of Risk and Financial Management, 2023
Cited by 111 Related articles All 4 versions",2023/10/5,16.0,https://www.mdpi.com/1911-8074/16/10/434,,,,434,Finance,Cited by 111,Mohammad El Hajj,,,"Unveiling the influence of artificial intelligence and machine learning on financial markets: A comprehensive analysis of AI applications in trading, risk management, and …",,Journal of Risk and Financial Management,,https://scholar.google.com/citations?view_op=view_citation&hl=en&user=RCm_6qkAAAAJ&citation_for_view=RCm_6qkAAAAJ:UeHWp8X0CEIC,10.0,MDPI,"Mohammad El Hajj, Jamil Hammoud","This study explores the adoption and impact of artificial intelligence (AI) and machine learning (ML) in financial markets, utilizing a mixed-methods approach that includes a quantitative survey and a qualitative analysis of existing research papers, reports, and articles. The quantitative results demonstrate the growing adoption of AI and ML technologies in financial institutions and their most common applications, such as algorithmic trading, risk management, fraud detection, credit scoring, and customer service. Additionally, the qualitative analysis identifies key themes, including AI and ML adoption trends, challenges and barriers to adoption, the role of regulation, workforce transformation, and ethical and social considerations. The study highlights the need for financial professionals to adapt their skills and for organizations to address challenges, such as data privacy concerns, regulatory compliance, and ethical considerations. The research contributes to the knowledge on AI and ML in finance, helping policymakers, regulators, and professionals understand their benefits and challenges.",finance,0.604
,,"The cryptocurrencies in emerging markets: Enhancing financial inclusion and economic empowerment
M El Hajj, I Farran - Journal of Risk and Financial Management, 2024
Cited by 17 Related articles All 6 versions",2024/10/17,17.0,https://www.mdpi.com/1911-8074/17/10/467,,,,467,Finance,Cited by 17,Mohammad El Hajj,,,The cryptocurrencies in emerging markets: Enhancing financial inclusion and economic empowerment,,Journal of Risk and Financial Management,,https://scholar.google.com/citations?view_op=view_citation&hl=en&user=RCm_6qkAAAAJ&citation_for_view=RCm_6qkAAAAJ:Tyk-4Ss8FVUC,10.0,MDPI,"Mohammad El Hajj, Imad Farran","The present study discusses how adopting cryptos affects financial inclusion in developing economies. Primary constructs like financial inclusion (FI), perceived economic empowerment (PEE), trust in financial institutions (TFI), user satisfaction (US), and cryptocurrency adoption (CA) were tested through Structural Equation Modeling (SEM). The results indicated that CA significantly and positively influenced FI, US, TFI, and PEE. These relationships extend to the interaction effects: US, TFI, and PEE, all positively related to FI. This is a reflection of cryptocurrencies as an opportunity to redress most of the afflictions characteristic of traditional finance systems and to promote financial inclusion and economic empowerment in developing countries. Future research should also investigate whether digital literacy and regulatory environments support cryptocurrency access.",finance,0.605
,,"Ethics in the age of artificial intelligence: unveiling challenges and opportunities in business culture
B Diab, M El Hajj - Cogent Business & Management, 2024
Cited by 1 Related articles All 5 versions",2024/12/31,11.0,https://www.tandfonline.com/doi/pdf/10.1080/23311975.2024.2408440,,,Cogent Business & Management,2408440,Finance,Cited by 1,Mohammad El Hajj,,,Ethics in the age of artificial intelligence: unveiling challenges and opportunities in business culture,,,,https://scholar.google.com/citations?view_op=view_citation&hl=en&user=RCm_6qkAAAAJ&citation_for_view=RCm_6qkAAAAJ:IjCSPb-OGe4C,1.0,Cogent,"Bassel Diab, Mohammad El Hajj","This paper aims to examine the role of organizational culture, mainly ethics, in the field of artificial intelligence. In particular, it investigates the contribution of ethics in implementing artificial models developed for financial decision making in organizations. The research methodology is based on developing an artificial model using a ready dataset from a developed country, Poland, which includes financial ratios of bankrupt and non-bankrupt companies, and then testing this model on a self-developed dataset of bankrupt companies in a developing country, Lebanon. However, the research suffers one limitation related to gathering accounting and financial data necessary to build new datasets in Lebanon which in turn should open up future lines of research. Nevertheless, the ultimate goal was to conclude if the same model would be reliable in both cultures due to its dependence on objective measures and criteria (i …",finance,0.4
Open Internationalization Strategy,,"Reopening of Stock Markets and Efficiency: The case of Central and Eastern Europe
M El Hajj - Open Internationalization Strategy, 2021
Cited by 1 Related articles All 2 versions",2021/2/22,,,,,,278-296,Finance,Cited by 1,Mohammad El Hajj,,,Reopening of Stock Markets and Efficiency: The case of Central and Eastern Europe,,,,https://scholar.google.com/citations?view_op=view_citation&hl=en&user=RCm_6qkAAAAJ&citation_for_view=RCm_6qkAAAAJ:u-x6o8ySG0sC,,Routledge,Mohammad El Hajj,"This chapter presents a description of the stock markets of Central and Eastern Europe, and describes the methodology and data used, and outlines the main findings. The major feature of tests related to the weak-form efficiency of markets is to analyze the presence of a random walk for securities’ returns. Random walk means that successive variations in returns are independent and identically distributed, so the future prices cannot be predicted from information contained in past price changes. Since the late 1990s, it has been observed that stock markets in Central and Eastern Europe indicate rapid economic growth mainly related to European economic and financial integration and foreign direct investment (FDI) inflows. The Hungarian stock market has existed since 1864, with strong activity on commodities, and was developed in 1890 when Hungarian government bonds were regularly traded on the stock …",finance,0.4
,,"Le marché des actions de Beyrouth est-il efficient?
S Nivoix, M El Hajj - La Revue des Sciences de Gestion, 2019
Cited by 1 Related articles All 9 versions",2019,297298.0,,,,,67-75,Finance,Cited by 1,Mohammad El Hajj,,,Le marché des actions de Beyrouth est-il efficient?,,La Revue des Sciences de Gestion,,https://scholar.google.com/citations?view_op=view_citation&hl=en&user=RCm_6qkAAAAJ&citation_for_view=RCm_6qkAAAAJ:d1gkVwhDpl0C,3.0,Direction et Gestion,"Sophie Nivoix, Mohammad El Hajj","La littérature académique concernant l’efficience des marchés est foisonnante, mais certains marchés boursiers ont fait l’objet de moins d’attention que d’autres. C’est le cas du marché des actions de Beyrouth, dont la taille modeste1 le rend moins visible face à ses voisins du Moyen-Orient (Jordanie, Israël, Palestine), du Golfe (Arabie Saoudite, Émirats Arabes Unis, Bahreïn, Koweït, Oman, Qatar) ou d’Afrique du Nord (Égypte, Maroc, Tunisie). Les crises politiques et sociales subies par le Liban depuis la fin des années 1970 ont dissuadé nombre d’investisseurs internationaux. Cependant, dans l’optique d’une diversification de leurs portefeuilles, ceux-ci ont intérêt à connaître au mieux les opportunités offertes par chacun des marchés, tant sur le plan des rentabilités que des risques. En outre, la possibilité d’anticiper les rentabilités futures en cas d’intégration incomplète des informations publiques, et donc la …",finance,0.4
,,"The Weak-form Efficiency of the Stock Market: The case of Central and Eastern Europe
M El Hajj - 2015
Cited by 1 Related articles",2015/3/7,,,,,,,Finance,Cited by 1,Mohammad El Hajj,,,The Weak-form Efficiency of the Stock Market: The case of Central and Eastern Europe,Poitiers,,,https://scholar.google.com/citations?view_op=view_citation&hl=en&user=RCm_6qkAAAAJ&citation_for_view=RCm_6qkAAAAJ:qjMakFHDy7sC,,,Mohammad El Hajj,"L'objectif de cette recherche est d'étudier l'efficience des marchés des actions des pays d'Europe Centrale et de l'Est suite à la réouverture de leurs places Boursières après la chute des régimes communistes. Non seulement ces économies ont connu des changements majeurs depuis leur entrée dans l'Union Européenne, et l'adoption de l'Euro pour une partie d'entre elles, mais elles représentent globalement un vaste ensemble d'actifs financiers susceptibles d'attirer les investisseurs internationaux. Les pays que nous avons analysés sont la Pologne, la république Tchèque, la Hongrie, la Roumanie, la Bulgarie, la Slovaquie, la Slovénie, et les pays Baltes (Estonie, Lettonie et Lituanie). Mis à part pour la Slovaquie, les différents marchés considérés présentent des corrélations sérielles, ce qui nous a permis de rejeter l'hypothèse d'efficience faible. Par ailleurs, les rentabilités des marchés de ces dix pays affichent des distributions gaussiennes. Nous avons également observé une homoscédasticité des données pour les différents marchés. Enfin, l'observation du ratio de variance a indiqué l'absence de martingale pour la Bulgarie, la république Tchèque, l'Estonie, la Hongrie, la Lituanie, la Pologne, la Roumanie et la Slovaquie. Cela confirme l'absence d'efficience de forme faible pour ces places Boursières, contrairement au cas de la Lettonie et de la Slovénie, qui présentent un aspect d'efficience faible. Les tests sur modèles ARCH et GARCH concernant l'hétéroscédasticité ont confirmé le rejet de la marche au hasard des rentabilités pour els 10 pays, et donc une absence d'efficience faible. La portée empirique de ces résultats est …",finance,0.4
,,,2021/9,10.0,,,,,27-32,Finance,,Mohammad El Hajj,,,Capital Budgeting techniques: The case of Lebanese SMEs,,International Journal of Business and Management Invention,,https://scholar.google.com/citations?view_op=view_citation&hl=en&user=RCm_6qkAAAAJ&citation_for_view=RCm_6qkAAAAJ:2osOgNQ5qMEC,9.0,https://www.ijbmi.org/papers/Vol(10)9/Ser-1/D1009012732.pdf,"Mohammad El Hajj, Imad Farran",,finance,0.4
,Atlas-AFMI,"“(Ré-) ouverture des marchés d’actions et efficience: le cas des Bourses d’Europe Centrale et Orientale
S Nivoix, M El Hajj - Atlas-AFMI, 2016
Related articles All 4 versions",2016/6/6,,,,,,,Finance,,Mohammad El Hajj,,,“(Ré-) ouverture des marchés d’actions et efficience: le cas des Bourses d’Europe Centrale et Orientale,,,,https://scholar.google.com/citations?view_op=view_citation&hl=en&user=RCm_6qkAAAAJ&citation_for_view=RCm_6qkAAAAJ:9yKSN-GCB0IC,,,"Sophie Nivoix, Mohammad El Hajj","“(Ré-)ouverture des marchés d’actions et efficience : le cas des Bourses d’Europe Centrale et Orientale - Archive ouverte HAL Recherche Accéder directement au contenu Pied de page Logo Logo Documentation FR Français (FR) Anglais (EN) Se connecter HAL science ouverte Recherche Loading... Recherche avancée Information de documents Titres Titres Sous-titre Titre de l'ouvrage Titre du volume (Série) Champ de recherche par défaut (multicritères) + texte intégral des PDF Résumé Texte intégral indexé des documents PDF Mots-clés Type de document Sous-type de document Tous les identifiants du document Identifiant HAL du dépôt Langue du document (texte) Pays (Texte) Ville À paraître (true ou false) Ajouter Auteur Auteur (multicritères) Auteur (multicritères) Auteur : Nom complet Auteur : Nom de famille Auteur : Prénom Auteur : Complément de nom, deuxième prénom Auteur : Organisme payeur …",finance,0.4
