Book,Conference,Scholar articles,Publication date,Volume,PDF Link,Patent office,Report number,Source,Pages,Research Interests,Total citations,Researcher Name,Inventors,Patent number,Title,Institution,Journal,Application number,Scholar Link,Issue,Publisher,Authors,Description,Classified_Topic,Classification_Confidence
,,"& KHOLLADI, M.(2010). Specifying Behavioral Concepts by engineering language of RMODP
J LAASSIRI, S EL HAJJI, M BOUHDADI, MA AOUDE… - Journal of Theoretical and Applied Information …
Cited by 59 Related articles",,15.0,,,,,,"Ai, machine learning, security",Cited by 59,Mohamad Aoude,,,"& KHOLLADI, M.(2010). Specifying Behavioral Concepts by engineering language of RMODP",,Journal of Theoretical and Applied Information Technology,,https://scholar.google.com/citations?view_op=view_citation&hl=en&user=ksJmyecAAAAJ&citation_for_view=ksJmyecAAAAJ:roLk4NBRz8UC,1.0,,"J LAASSIRI, SAÏD EL HAJJI, M BOUHDADI, MA AOUDE, HP JAGADISH, MK LOHIT",,machine learning,0.2
,2012 symposium on broadband networks and fast internet (RELABIRA),"Ensured confidentiality authentication and key agreement protocol for EPS
JBB Abdo, H Chaouchi, M Aoude - 2012 symposium on broadband networks and fast …, 2012
Cited by 52 Related articles All 2 versions",2012/5/28,,https://www.academia.edu/download/101811052/relabira.2012.623509820230504-1-jzpiwd.pdf,,,,73-77,"Ai, machine learning, security",Cited by 52,Mohamad Aoude,,,Ensured confidentiality authentication and key agreement protocol for EPS,,,,https://scholar.google.com/citations?view_op=view_citation&hl=en&user=ksJmyecAAAAJ&citation_for_view=ksJmyecAAAAJ:0EnyYjriUFMC,,IEEE,"Jacques Bou Bou Abdo, Hakima Chaouchi, Mohammad Aoude","The revenue from Security v/s its financial and performance cost debate has its fingerprints shown in EPS's 3GPP Technical specification, where some contradiction between the security philosophy v/s design caught the attention of the research community. Example of these contradictions is the shown in 3GPP's technical specification where the user's identity must be confidential to third parties, while in the design, the user's permanent Identifier is sent in plaintext over radio channel. Radio channels is susceptible to eavesdropping thus Users can be tracked for a short period before the temporary identifier is used, but this time is more than enough for a terrorist attack. Most of the papers published related to this topic, are proposing solutions for the above contradiction. In our work, some of these papers' security robustness will be evaluated by exploiting its vulnerabilities, and simulating newly proposed attack …",security,0.604
,"2011 Third Pacific-Asia Conference on Circuits, Communications and System (PACCS)","Modeling and performance analysis of QAM-OFDM system with AWGN channel
TP Surekha, T Ananthapadmanabha, C Puttamadappa - 2011 Third Pacific-Asia Conference on Circuits …, 2011
Cited by 22 Related articles",2011/7/17,,,,,,1-4,"Ai, machine learning, security",Cited by 22,Mohamad Aoude,,,Modeling and performance analysis of QAM-OFDM system with AWGN channel,,,,https://scholar.google.com/citations?view_op=view_citation&hl=en&user=ksJmyecAAAAJ&citation_for_view=ksJmyecAAAAJ:Se3iqnhoufwC,,IEEE,"TP Surekha, T Ananthapadmanabha, C Puttamadappa","Modeling and Simulation can play an important role during all phases of the design and engineering of communication systems. Orthogonal Frequency Division Multiplexing (OFDM) was originally developed from the multi-carrier modulation techniques used in high frequency military radios. In this paper, a simulink based simulation system is implemented using Additive White Gaussian Noise channel (AWGN) to study the performance analysis of Bit Error rate (BER) vs Signal to Noise ratio (SNR). The effect of noise over AWGN channel is observed by using Constellation diagrams and results are concluded by comparing the simulated data with BER Tool.",machine learning,0.4
,,"The impact of integrating computer simulations on the achievement of grade 11 Emirati students in uniform circular motion
MF N Aoude - 2015
Cited by 7 Related articles All 3 versions",2015,,https://scholarworks.uaeu.ac.ae/cgi/viewcontent.cgi?article=1221&context=all_theses,,,,,"Ai, machine learning, security",Cited by 7,Mohamad Aoude,,,The impact of integrating computer simulations on the achievement of grade 11 Emirati students in uniform circular motion,,,,https://scholar.google.com/citations?view_op=view_citation&hl=en&user=ksJmyecAAAAJ&citation_for_view=ksJmyecAAAAJ:UebtZRa9Y70C,,,Mohamad Fadi N Aoude,"Education has been affected by the advancement of technology, especially computer software. This thesis focuses on the impact of computer simulations on students’ acquisition of Physics concepts related to the topic of Uniform Circular Motion. The main purpose of this thesis is to examine to what extent can computer simulations help students of grade 11 from Al Ain, United Arab Emirates (UAE), learn factual, conceptual and procedural knowledge related to Uniform Circular Motion. It also aims to investigate how simulations affect students of different abilities in terms of their achievement in Physics. A quazi-experimental method was used, where participants were divided into an experimental group and a control group. The experimental group was taught using computer simulations, and the control group was instructed with the help of real-life videos and animations. The main instrument was an achievement test administered before and after the intervention. The study showed a statistically significant advantage for the experimental group over the control group, especially in the procedural knowledge dimension. In addition, results showed that students of medium and low academic levels benefit from the simulations more than students of high level. Results drawn from this study provide valuable information on effective integration of technology in physics teaching, because it examines the impact of simulations on different knowledge dimensions, as well as their effect on students of different abilities. As a result, it encompasses a large spectrum of variables in terms of the effectiveness of simulations, giving room for further researches on …",machine learning,0.4
,2012 International Symposium on Wireless Communication Systems (ISWCS),"Interference cancellation in coded OFDM/OQAM
M Aoude, R Vallet, S Nedic - 2012 International Symposium on Wireless …, 2012
Cited by 7 Related articles All 4 versions",2012/8/28,,https://www.researchgate.net/profile/Slobodan-Nedic/publication/260957433_Interference_cancellation_in_coded_OFDMOQAM/links/0a85e532c0f02c6a4d000000/Interference-cancellation-in-coded-OFDM-OQAM.pdf,,,,181-185,"Ai, machine learning, security",Cited by 7,Mohamad Aoude,,,Interference cancellation in coded OFDM/OQAM,,,,https://scholar.google.com/citations?view_op=view_citation&hl=en&user=ksJmyecAAAAJ&citation_for_view=ksJmyecAAAAJ:Tyk-4Ss8FVUC,,IEEE,"Mohamad Aoude, Robert Vallet, Slobodan Nedic","This paper addresses the concatenation of a convolutional code and COFDM/OQAM modulation transmitted over a time-dispersive radio channel. The proposed receiver is composed of a suitable OFDM/OQAM filter-bank demodulator, followed by an intersymbol and inter(-subchannel) interferences canceller and a SISO (Soft Input - Soft Output) decoder put in Turbo-like mode. The iterative algorithms are based on message passing on bipartite graphs. As an example, performance comparison with the linear subchannel equalization is presented.",machine learning,0.4
,2012 Symposium on Broadband Networks and Fast Internet (RELABIRA),"The SINR based handover for LTE with uplink consideration
F Zaarour, M Aoude - 2012 Symposium on Broadband Networks and Fast …, 2012
Cited by 6 Related articles",2012/5/28,,,,,,91-96,"Ai, machine learning, security",Cited by 6,Mohamad Aoude,,,The SINR based handover for LTE with uplink consideration,,,,https://scholar.google.com/citations?view_op=view_citation&hl=en&user=ksJmyecAAAAJ&citation_for_view=ksJmyecAAAAJ:hqOjcs7Dif8C,,IEEE,"Farah Zaarour, Mohamad Aoude","In the scope of mobile systems and specifically the beyond 3G systems, handover presents a challenge due to the role it plays in achieving seamless mobility. In LTE, the current standardized mechanism is the received signal received power (RSRP) which is performed on the downlink path. Yet, due to the imbalances which are embedded between the uplink and the downlink path it necessary to take the uplink effect into consideration. To achieve this goal, a linear combination between the uplink and the downlink signal to interference and noise ratio (SINR) was considered. Results show that in the case of asymmetric traffic distribution between the two paths in an interference limited scenario, the algorithm provided no gain. Yet in case of high imbalance between the two paths (uplink & downlink) and in attempt to move to a cell with lower imbalance, the algorithm provided a limited gain in the average throughput …",machine learning,0.4
,,"Device-to-device communication in 5G: Towards efficient scheduling
J Fayek, M Aoude, M Raad, R Raad - 2018
Cited by 5 Related articles All 3 versions",2018,,https://ro.uow.edu.au/articles/journal_contribution/Device-to-Device_Communication_in_5G_Towards_Efficient_Scheduling/27748233/1/files/50507991.pdf,,,,,"Ai, machine learning, security",Cited by 5,Mohamad Aoude,,,Device-to-device communication in 5G: Towards efficient scheduling,,,,https://scholar.google.com/citations?view_op=view_citation&hl=en&user=ksJmyecAAAAJ&citation_for_view=ksJmyecAAAAJ:9yKSN-GCB0IC,,University of Wollongong,"Jana Fayek, Mohamad Aoude, Mohamad Raad, Raad Raad","5G wireless networks are expected to carry large traffic volumes due to the growth of mobile devices and the increasing demand for high data rates from applications. Device to device communication is one of the suggested technologies to support this increasing load and enhance the capacity of networks. However, the implementation of D2D communication reveals many barriers that include communication scheduling, for which the architecture remains complex and obscure. In this paper, an overview of the available literature on the implementation of networks supporting D2D communication is presented, emphasizing the complexity of the offered solutions. This paper also offers a study of the impact of different device distribution models on the throughput of the devices. The paper introduces the challenges and makes the case for the need to find a more efficient D2D scheduler providing less complexity.",machine learning,0.4
,,"Lightweight security solutions for LTE/LTE-A Networks
S Hussein - 2014
Cited by 5 Related articles All 6 versions",2014/12/8,,https://theses.hal.science/tel-01144657/document,,,,,"Ai, machine learning, security",Cited by 5,Mohamad Aoude,,,Lightweight security solutions for LTE/LTE-A Networks,Université Paris Sud-Paris XI,,,https://scholar.google.com/citations?view_op=view_citation&hl=en&user=ksJmyecAAAAJ&citation_for_view=ksJmyecAAAAJ:UeHWp8X0CEIC,,,Soran Hussein,"Recently, the 3rd Group Project Partnership (3GPP) has developed Long Term Evolution/ Long Term Evolution-Advanced (LTE/LTE-A) systems which have been approved by the International Telecommunication Union (ITU) as 4th Generation (4G) mobile telecommunication networks. Security is one of critical issues which should be handled carefully to protect user's and mobile operator's information. Thus, the 3GPP has standardized algorithms and protocols in order to secure the communications between different entities of the mobile network. However, increasing the security level in such networks should not compel heavy constrains on these networks such as complexity and energy. Indeed, energy efficiency has become recently a critical need for mobile network operators for reduced carbon emissions and operational costs. The security services in mobile networks such as authentication, data confidentiality and data integrity are mostly performed using cryptographic techniques.However, most of the standardized solutions already adopted by the3GPP depend on encryption algorithms which possess high computational complexity which in turn contributes in consuming further energy at the different network communication parties.Data confidentiality which mainly refers to the protection of the user’s information privacy is achieved at the Packet Data Convergence Protocol (PDCP) sub-layer in the LTE/LTE-A protocol stack by one of the three standardized algorithms (EEA1, EEA2 and EEA3). However, each of the three algorithms requires high computational complexity since they rely on Shannon’s theory of encryption algorithms by …",security,0.603
,2022 International Conference on Smart Systems and Power Management (IC2SPM),"Implementation and optimization of neural networks for tiny hardware devices
H Al Zein, M Aoude, Y Harkous - 2022 International Conference on Smart Systems and …, 2022
Cited by 4 Related articles",2022/11/10,,,,,,191-196,"Ai, machine learning, security",Cited by 4,Mohamad Aoude,,,Implementation and optimization of neural networks for tiny hardware devices,,,,https://scholar.google.com/citations?view_op=view_citation&hl=en&user=ksJmyecAAAAJ&citation_for_view=ksJmyecAAAAJ:Y0pCki6q_DkC,,IEEE,"Hadi Al Zein, Mohamad Aoude, Youssef Harkous","Traditionally, neural network inferencing on tiny hardware devices took place in a centralized server-based manner. With more real-time applications coming into play, where security and latency are a concern, there has become a need to move inferencing to the edge. This paper describes a machine learning pipeline to carry neural networks from their initial forms to compressed forms deployable on tiny hardware devices, while maintaining acceptable accuracies of the optimized models. We will review the different software optimization techniques used to compress neural networks to their deployable forms. The prototype is a proof of concept showing that applying knowledge distillation from a highly accurate ResNet20 model to a simple CNN student model, followed by post-training quantization, achieves good multi-class accuracy on a constrained Arduino Nano 33 BLE Sense at low power consumption and …",machine learning,0.608
,2008 3rd International Conference on Information and Communication Technologies: From Theory to Applications,"Scheduling algorithms performance of HSDPA over wireless channels
M Aoude, K Rahal - 2008 3rd International Conference on Information and …, 2008
Cited by 4 Related articles",2008/4/7,,,,,,1-5,"Ai, machine learning, security",Cited by 4,Mohamad Aoude,,,Scheduling algorithms performance of HSDPA over wireless channels,,,,https://scholar.google.com/citations?view_op=view_citation&hl=en&user=ksJmyecAAAAJ&citation_for_view=ksJmyecAAAAJ:u-x6o8ySG0sC,,IEEE,"Mohammad Aoude, Kassem Rahal","This paper studies the performance of scheduling algorithms for High Speed Downlink Packet Access (HSDPA) over wireless channels. The throughput performance has been considered with the three scheduling algorithms: Round Robin, Maximum C/I, and Fair Channel Dependent Scheduling (FCDS). A simulation approach is adopted with two scenarios: File Downloading and Voice Streaming. The simulation results showed that HSDPA provide high data rates depending on the scheduling algorithm used.",machine learning,0.4
,"The 57th IEEE Semiannual Vehicular Technology Conference, 2003. VTC 2003-Spring.","Filtered OFDM/OQAM transmission system
MA Aoude, RA Vallet - The 57th IEEE Semiannual Vehicular Technology …, 2003
Cited by 4 Related articles",2003/4/22,2.0,,,,,1430-1432,"Ai, machine learning, security",Cited by 4,Mohamad Aoude,,,Filtered OFDM/OQAM transmission system,,,,https://scholar.google.com/citations?view_op=view_citation&hl=en&user=ksJmyecAAAAJ&citation_for_view=ksJmyecAAAAJ:ufrVoPGSRksC,,IEEE,"Mohamad A Aoude, Robert A Vallet","In this article we consider computationally efficient FFT-based technique for the design of pulse shaping filters with arbitrary length and overlapping factors, for OFDM system. We implemented an OFDM/OQAM transmission system based on shaping filters. The carrier spacing is carefully selected so that the carriers are spectrally orthogonal and the receiver can separate them. In this way, spectral overlapping among sub-carriers is allowed and a spectral efficiency higher than ordinary frequency division multiplexing is achieved. In addition, the implementation of OFDM is simple and very efficient because of the use of FFT algorithm and polyphase filtering.",machine learning,0.4
,,"PERFORMANCE ANALYSIS OF QPSK OFDM WITH FADING, FREQUENCY OFFSET, AND CHANNEL ESTIMATION ERROR.
M Aoude - Journal of Theoretical & Applied Information …, 2010
Cited by 3 Related articles",2010/1/1,11.0,,,,,,"Ai, machine learning, security",Cited by 3,Mohamad Aoude,,,"PERFORMANCE ANALYSIS OF QPSK OFDM WITH FADING, FREQUENCY OFFSET, AND CHANNEL ESTIMATION ERROR.",,Journal of Theoretical & Applied Information Technology,,https://scholar.google.com/citations?view_op=view_citation&hl=en&user=ksJmyecAAAAJ&citation_for_view=ksJmyecAAAAJ:2osOgNQ5qMEC,,,Mohamad Aoude,"OFDM is a promising wireless transmission technique for high speed data transmissions. The potential benefits and obstacles are presented. The effects of fading, frequency offset, and channel estimation error are analyzed both mathematically and through computer simulations.",machine learning,0.4
,2009 International Conference on Advances in Computational Tools for Engineering Applications,"Design and analysis of UMTS-WLAN interoperability and service continuity using the SIP protocol
M Aoude, A Yamout - 2009 International Conference on Advances in …, 2009
Cited by 3 Related articles",2009/7/15,,,,,,269-274,"Ai, machine learning, security",Cited by 3,Mohamad Aoude,,,Design and analysis of UMTS-WLAN interoperability and service continuity using the SIP protocol,,,,https://scholar.google.com/citations?view_op=view_citation&hl=en&user=ksJmyecAAAAJ&citation_for_view=ksJmyecAAAAJ:IjCSPb-OGe4C,,IEEE,"Mohamad Aoude, Ahmad Yamout",The purpose of this paper is to demonstrate a reliable construction of wireless local area network (WLAN) and universal mobile telecommunications systems (UMTS) interoperating system. The proposed system shall provide high data rates alongside a significant coverage area. It is known that WLAN makes available high data rates within a very restricted coverage. On the other hand UMTS provides comparatively extended coverage with low data rates. Prior papers planned to integrate WLAN with UMTS to get the best of both systems. Accordingly several types of integration solutions have been evaluated upon success of integration between the 3G and the IEEE 802.11a systems. This approach is especially pragmatic in shadow of the fact that the evolved UMTS system fielding had been delayed due to economic factors. To accomplish an inclusive handover between both technologies this work made use of …,machine learning,0.4
,,"Specifying Behavioral Concepts by engineering language of RM-ODP
J LAASSIRI, S EL HAJJI, M BOUHDADI, MA AOUDE… - Journal of Theoretical and Applied Information …, 2010
Cited by 1 Related articles All 4 versions",2010/5/1,15.0,https://jatit.org/volumes/fifteenth_volume_1_2010.php,,,,,"Ai, machine learning, security",Cited by 1,Mohamad Aoude,,,Specifying Behavioral Concepts by engineering language of RM-ODP,,Journal of Theoretical and Applied Information Technology,,https://scholar.google.com/citations?view_op=view_citation&hl=en&user=ksJmyecAAAAJ&citation_for_view=ksJmyecAAAAJ:qjMakFHDy7sC,1.0,,"JALAL LAASSIRI, SAÏD EL HAJJI, MOHAMED BOUHDADI, Mohamad A AOUDE, H PUJAR JAGADISH, M KADLASKAR LOHIT, RIAZ AHMED MOHAMMAD, MD RUMEN AHMED, MD RUHUL AMIN ROBIN, MD ASADUZZAMAN, MD MAHBUB HOSSAIN, MD ABDUL AWAL, M UMASHANKAR, C CHANDRASEKAR, P CHANDRA SEKHAR, BV SANKER RAM, KS SARMA, J ASHOK, KAMALAKAR RAMINENI, EG RAJAN, Y LABBI, DBEN ATTOUS, KHADOUDJA GHANEM, ALICE CAPLIER, MK KHOLLADI","Distributed systems can be very large and complex and the many different considerations which influence their design can result in a substantial body of specification, which needs a structuring framework if it is to be managed successfully. The purpose of the RM-ODP is to define such a framework. The Reference Model for Open Distributed Processing (RM-ODP) provides a framework within which support of distribution, inter-working and portability can be integrated. It defines: an object model, architectural concepts and architecture for the development of ODP systems in terms of five viewpoints. However, RM-ODP is a meta-norm, and several ODP standards have to be defined. Indeed, the viewpoint languages are abstract in sense that they define what concepts should be supported and not how these concepts should be represented using the UML/OCL meta-modeling approach. In this paper, we report on the definition and address of the syntax and semantics for a fragment of ODP object concepts defined in the RM-ODP foundations part and in the Engineering language. These concepts are suitable for describing and constraining ODP engineering viewpoint specifications. We give new approach and model it by using the RM-ODP engineering language.",machine learning,0.4
,2023 Fifth International Conference on Advances in Computational Tools for Engineering Applications (ACTEA),"Achieving Higher Accuracy in Biometric Authentication with Multimodal Techniques
FS Rihan, FA Khalil, MA Aoude - 2023 Fifth International Conference on Advances in …, 2023
Related articles",2023/7/5,,,,,,158-161,"Ai, machine learning, security",,Mohamad Aoude,,,Achieving Higher Accuracy in Biometric Authentication with Multimodal Techniques,,,,https://scholar.google.com/citations?view_op=view_citation&hl=en&user=ksJmyecAAAAJ&citation_for_view=ksJmyecAAAAJ:u5HHmVD_uO8C,,IEEE,"Firas Saad Rihan, Fadel Alabbas Khalil, Mohamad A Aoude","Biometric authentication is an important aspect of security systems that identify individuals based on unique biological traits. Unimodal biometric systems do, however, have security and accuracy issues. In order to increase accuracy, this article suggests a multimodal biometric authentication method that combines fingerprint, voice, face, and iris data. By minimizing the false acceptance rate (FAR) and false rejection rate (FRR), as well as by its higher accuracy when compared to existing techniques, the performance of the proposed technique is assessed. The article emphasizes the value of multimodal approaches to biometric authentication as well as how they could improve the precision and security of identification systems. The development of more dependable and robust biometric authentication systems is significantly impacted by the proposed technique.",security,0.605
,2017 11th International Conference on Telecommunication Systems Services and Applications (TSSA),"Quantitative study of thresholding for device-to-device communication in 5G networks
J Fayek, M Aoude, M Raad, R Raad - 2017 11th International Conference on …, 2017
Related articles",2017/10/26,,,,,,1-5,"Ai, machine learning, security",,Mohamad Aoude,,,Quantitative study of thresholding for device-to-device communication in 5G networks,,,,https://scholar.google.com/citations?view_op=view_citation&hl=en&user=ksJmyecAAAAJ&citation_for_view=ksJmyecAAAAJ:eQOLeE2rZwMC,,IEEE,"Jana Fayek, Mohamad Aoude, Mohamad Raad, Raad Raad","Device-to-device (D2D) communication was introduced as one of the technologies expected to tackle the increasing demand for high data rates and the growing usage of smartphones with its consequent traffic volumes. Interference is the main problem from which D2D suffers, for which several schedulers were developed. Most of the current scheduling techniques show a significant level of complexity. One way to reduce interference for D2D is to exclude some devices in a cell from D2D communication. In this paper we propose the use of a simple noise thresholding regardless of the scheduler. A device can take part in a D2D connection only if after their transmission, the value of interference in the cell remains below a specific threshold. This paper presents a comparison between the throughput of D2D devices for the case when devices are excluded based on the noise level in a cell compared to the case where …",machine learning,0.4
,,"CAPACITY CONSIDERATIONS IN MIMO SYSTEMS AND IMPACT OF TRANSMIT-SIDE SPACIAL FADING CORRELATION ON THE PERFORMANCE OF NON-ORTHOGONAL SPACE_TIME CODES.
MA AOUDE - Journal of Theoretical & Applied Information …, 2010
Related articles All 3 versions",2010/5/1,15.0,https://www.academia.edu/download/5535621/2vol15no1.pdf,,,,,"Ai, machine learning, security",,Mohamad Aoude,,,CAPACITY CONSIDERATIONS IN MIMO SYSTEMS AND IMPACT OF TRANSMIT-SIDE SPACIAL FADING CORRELATION ON THE PERFORMANCE OF NON-ORTHOGONAL SPACE_TIME CODES.,,Journal of Theoretical & Applied Information Technology,,https://scholar.google.com/citations?view_op=view_citation&hl=en&user=ksJmyecAAAAJ&citation_for_view=ksJmyecAAAAJ:LkGwnXOMwfcC,,,MOHAMAD A AOUDE,"High data rates are a primary concern for wireless system designers today. It is likely that future breakthroughs in wireless communications will be driven mainly by the demand for high data rate applications. Streaming video for example, requires two to three orders of magnitude higher data rates than speech. A simple solution for increasing data rate is to increase channel bandwidth. This however is not usually considered, as it is very costly. Use of multiple element arrays (MEA) at both transmitter & receiver on the other hand can result in the realization of these higher data rates. So far, only partial consideration has been given to the analysis of space-time coding in the practical case of correlated fading. In this work, we will expand newly published results on the performance of space-time codes in the presence of spatial fading correlation, by quantifying the impact of the fading on different classes of spacetime codes. Explicitly, we show that in the case of two and above receive antenna, transmit-side correlation has a more brutal impact on the performance of non-orthogonal space-time codes. Orthogonal spacetime codes offer maximum potency against transmit correlation.",machine learning,0.4
,"2009 Global Congress on Communications, Signals and Coding (GC-CSC 2009)","WiMAX Radio Network Planning Case Study Beirut City
MA Aoude - 2009 Global Congress on Communications, Signals …, 2009
Related articles All 4 versions",2009,3.0,,,,,14-22,"Ai, machine learning, security",,Mohamad Aoude,,,WiMAX Radio Network Planning Case Study Beirut City,,,,https://scholar.google.com/citations?view_op=view_citation&hl=en&user=ksJmyecAAAAJ&citation_for_view=ksJmyecAAAAJ:WF5omc3nYNoC,1.0,Mosharaka for Research and Studies,Mohamad A Aoude,"The main objective of Radio Network Planning (RNP) is to build a network that provides sufficient coverage and capacity, meets the quality requirements, and allows for flexible future system growth. A better design is the one that requires a lower number of network equipments and resources. Therefore, the main issues to be considered while planning a WiMAX network are area coverage, user capacity, quality of service guarantees, and cost. The major blocks of WiMAX RNP are coverage analysis, capacity analysis, and frequency planning. In this paper study, we mainly focus on the WiMAX RNP. The area of interest studied is Beirut city. This paper deals deal with the fixed wireless type of WiMAX based upon the 802.16 d standard, where the receivers are placed above rooftops, and the mobile type of WiMAX based upon the 802.16 e standard, where the receivers can be anywhere in the area of interest, including …",machine learning,0.4
,,"A FRAMEWORK FOR AN APPLICATION BASED MOBILE CACHE CONSISTENCY METHOD
E DOHA, ALI HAMIDAH IBRAHIM, O MOHAMED… - Journal of Theoretical and Applied Information …, 2009
Related articles All 4 versions",2009/1,11.0,https://www.jatit.org/volumes/eleventh_volume_2_2010.php,,,,,"Ai, machine learning, security",,Mohamad Aoude,,,A FRAMEWORK FOR AN APPLICATION BASED MOBILE CACHE CONSISTENCY METHOD,,Journal of Theoretical and Applied Information Technology,,https://scholar.google.com/citations?view_op=view_citation&hl=en&user=ksJmyecAAAAJ&citation_for_view=ksJmyecAAAAJ:YsMSGLbcyi4C,2.0,,"ELSHARIEF DOHA, ALI HAMIDAH IBRAHIM, OTHMAN MOHAMED, TARUN KANTI BOSE, AL NAHID ABDULLAH, MD TARIKUL ISLAM, RIPON KUMAR SAHA, LO CHIH-YAO, RANGANATHAN GOVINDASAMY, KARIM ZAROUR, NACEREDDINE ZAROUR, SOUHEILA KHALFI, E yas El-Qawasmeh, Abdallah AlAshqur, Ossama Abu-Eid","In a mobile environment, maintaining cache consistency is challenging. Applying one type of consistency levels either strict or weak is not suitable all the time, as the consistency requirements mainly depend on the mobile application system and differ from one to another. Also forcing the mobile client to use its cache data for the purpose of reading only limits the functionality of the caching. The stateful scheme Multi-level Mobile Cache Consistency Protocol that works in client-server architecture supports different levels of consistency. The Mobile client is able to issue updates transactions, and determine the consistency requirements upon its interest. Based on the Multi-Level Mobile Cache Consistency Protocol this paper presents a framework of stateful strategy; Application Based Multi-level Mobile Cache Consistency Method (ABMMCCM) that preserves the advantages of multi-level mobile cache consistency protocol and enhances its drawbacks. In ABMMCCM the consistency requirements are designed at the server side based on the application requirements, and each data item has a single consistency requirement entry. The proposed framework is initially compared to Multi-level Mobile Cache Consistency Protocol, and it appears that ABMMCCM reduces the number of messages transfer between the base server and the mobile client, which helps in better utilizing the wireless network, and reduces the overhead from the mobile client and the base server.",machine learning,0.4
,"2009 Global Congress on Communications, Signals and Coding (GC-CSC 2009)","Real-time video applications over interoperability system between UMTS and WLAN
MA Aoude, R Harb - 2009 Global Congress on Communications, Signals …, 2009
Related articles All 2 versions",2009,3.0,,,,,9-13,"Ai, machine learning, security",,Mohamad Aoude,,,Real-time video applications over interoperability system between UMTS and WLAN,,,,https://scholar.google.com/citations?view_op=view_citation&hl=en&user=ksJmyecAAAAJ&citation_for_view=ksJmyecAAAAJ:d1gkVwhDpl0C,1.0,Mosharaka for Research and Studies,"Mohamad A Aoude, Rimah Harb","The article goal is to build an interoperability system between 3G UMTS and IEEE 802.11 wireless LANs. This system is able to support video conferencing applications in a way that enables UMTS users to benefit from data rates up to 54Mbps made available within WLANs. On the other hand, it enables Wireless users to benefit from extended coverage, seamless mobility, and QOS guarantees supported within UMTS. We saw potential in the interoperability system between UMTS and WLAN able to cover the delay in launching the Long Term Evolution system (LTE) for a temporary period of time. Different articles have approached this problem from different perspectives. These approaches can be classified in two basic categories: Hardware-based approaches and Software-based approaches. The Hardware approach followers intend to define hard changes in the network such as defining a GPRS Support Node …",machine learning,0.4
,"2008 Global Congress on Communications, Networking and Information Technology (GC-CNIT 2008)","Performance of routing and scheduling for VoIP over wireless ad-hoc networks
MA Aoude, J Haddad - … Global Congress on Communications, Networking and …, 2008
Related articles All 4 versions",2008,2.0,,,,,1-7,"Ai, machine learning, security",,Mohamad Aoude,,,Performance of routing and scheduling for VoIP over wireless ad-hoc networks,,,,https://scholar.google.com/citations?view_op=view_citation&hl=en&user=ksJmyecAAAAJ&cstart=20&pagesize=80&citation_for_view=ksJmyecAAAAJ:zYLM7Y9cAGgC,1.0,Mosharaka for Research and Studies,"Mohamad A Aoude, Jihad Haddad","This paper studies the performance of the different routing algorithms used in wireless Ad-hoc networks in collaboration with different scheduling algorithms when using Voice over Internet Protocol VOIP. The performance has been considered with the five routing protocols: Ad-hoc On-Demand Distance Vector (AODV), Dynamic Source Routing (DSR), Optimized Link State Routing (OLSR), Location Aided Routing (LAR) and the Zone Routing Protocol (ZRP). While the scheduling algorithms used are the four different schedulers: Strict Priority (SP), Round Robin (RR), Weighted Fair Queue (WFQ) and the Self Clocked Fair Queue (SCFQ). The simulation is done via the QualNet simulator in which different scenarios are designed with a VOIP application being established between the nodes. The simulation results showed that the Dynamic Source Routing together with the Round Robin Scheduler provide the best …",machine learning,0.4
,,"Rounding mechanism and chatter in centerless grinding
HA Awdi - 1989
Related articles",1989,,,,,,,"Ai, machine learning, security",,Mohamad Aoude,,,Rounding mechanism and chatter in centerless grinding,University of Connecticut,,,https://scholar.google.com/citations?view_op=view_citation&hl=en&user=ksJmyecAAAAJ&cstart=20&pagesize=80&citation_for_view=ksJmyecAAAAJ:W7OEmFMy1HYC,,,Hassan A Awdi,"The purpose of this work is to examine the application of CBN wheels to centerless grinding In the process of this type of grinding, support for the nominally cylindrical workpiece is provided by a work blade and a regulating wheel. The workpiece is known to be prone to lobing caused by the geometric instability, and is also prone to chatter caused by the dynamic instability. Both mechanisms can be modelled by feedback control theory, from which information about the system stability is used to predict the unstable lobe and chatter frequencies for any configuration of machine elements. The suppression of chatter is considered which involves the introduction of flexibility into the grinding wheel structure An experimental analysis of the characteristics of a machine is undertaken to determine a value of flexibility required to suppress chatter.",machine learning,0.405
,,"Research Online
J Fayek, M Aoude, M Raad, R Raad
Related articles",,,https://www.academia.edu/download/101733116/343452364.pdf,,,,,"Ai, machine learning, security",,Mohamad Aoude,,,Research Online,,,,https://scholar.google.com/citations?view_op=view_citation&hl=en&user=ksJmyecAAAAJ&cstart=20&pagesize=80&citation_for_view=ksJmyecAAAAJ:_FxGoFyzp5QC,,,"Jana Fayek, Mohamad Aoude, Mohamad Raad, Raad Raad","Abstract 5G wireless networks are expected to carry large traffic volumes due to the growth of mobile devices and the increasing demand for high data rates from applications. Device to device communication is one of the suggested technologies to support this increasing load and enhance the capacity of networks. However, the implementation of D2D communication reveals many barriers that include communication scheduling, for which the architecture remains complex and obscure. In this paper, an overview of the available literature on the implementation of networks supporting D2D communication is presented, emphasizing the complexity of the offered solutions. This paper also offers a study of the impact of different device distribution models on the throughput of the devices. The paper introduces the challenges and makes the case for the need to find a more efficient D2D scheduler providing less complexity.",machine learning,0.4
