Book,Conference,Scholar articles,Publication date,Volume,PDF Link,Patent office,Report number,Source,Pages,Research Interests,Total citations,Researcher Name,Inventors,Patent number,Title,Institution,Journal,Application number,Scholar Link,Issue,Publisher,Authors,Description,Classified_Topic,Classification_Confidence
,,"Seymour’s second neighborhood conjecture for m-free, k-transitive, k-anti-transitive digraphs and some approaches
M Daamouch - Discrete Applied Mathematics, 2021
Cited by 12 Related articles All 2 versions",2021/12/15,304.0,,,,,332-341,Graph theory,Cited by 12,Moussa Daamouch,,,"Seymour’s second neighborhood conjecture for m-free, k-transitive, k-anti-transitive digraphs and some approaches",,Discrete Applied Mathematics,,https://scholar.google.com/citations?view_op=view_citation&hl=en&user=DKV2FpoAAAAJ&citation_for_view=DKV2FpoAAAAJ:9yKSN-GCB0IC,,North-Holland,Moussa Daamouch,"Abstract Seymour’s Second Neighborhood Conjecture (SSNC) asserts that every finite oriented graph has a vertex whose second out-neighborhood is at least as large as its first out-neighborhood. Such a vertex is called a Seymour vertex. In this paper, we prove that SSNC holds for some particular cases of m-free digraphs (digraphs having no directed cycles with length at most m). A digraph D=(V, E) is k-transitive if for any directed u v-path of length k, we have (u, v)∈ E. For k≤ 6, we prove that every k-transitive digraph with no sink (vertex of out-degree zero) has at least two Seymour vertices. A digraph D=(V, E) is k-anti-transitive if for any directed u v-path of length k, we have (u, v)∉ E. For k≤ 4, we prove that every k-anti-transitive digraph with no sink has at least two Seymour vertices. In k-transitive and k-anti-transitive digraphs, the Seymour vertices found are explicitly identified.",graph theory,0.405
,,"Seymour’s second neighborhood conjecture for 5-anti-transitive oriented graphs
M Daamouch - Discrete Applied Mathematics, 2020
Cited by 10 Related articles",2020/10/15,285.0,https://www.sciencedirect.com/science/article/pii/S0166218X2030336X,,,,454-457,Graph theory,Cited by 10,Moussa Daamouch,,,Seymour’s second neighborhood conjecture for 5-anti-transitive oriented graphs,,Discrete Applied Mathematics,,https://scholar.google.com/citations?view_op=view_citation&hl=en&user=DKV2FpoAAAAJ&citation_for_view=DKV2FpoAAAAJ:u5HHmVD_uO8C,,North-Holland,Moussa Daamouch,"Abstract k≥ 2 be an integer. A digraph D=(V, E) is k-anti-transitive if for every pair of vertices u, v∈ V, the existence of a directed path of length k from u to v implies that (u, v)∉ E. Under this definition, digraphs without transitive triangles are 2-anti-transitive digraphs. In this paper, we prove that Seymour’s Second Neighborhood Conjecture (SSNC) holds for 5-anti-transitive oriented graphs and, as a consequence, it holds for every oriented graph whose underlining graph contains no cycle of length 6. SSNC asserts that every oriented finite simple graph has a vertex whose second out-neighborhood is at least as large as its first out-neighborhood.",graph theory,0.405
,,"Seymour’s second neighborhood conjecture for some oriented graphs with no sink
M Daamouch - Discrete Mathematics Letters, 2020
Cited by 7 Related articles All 4 versions",2020/6/18,4.0,https://www.researchgate.net/profile/Moussa-Daamouch/publication/342347861_Seymour's_second_neighborhood_conjecture_for_some_oriented_graphs_with_no_sink/links/5eef7d62299bf1faac6924c2/Seymours-second-neighborhood-conjecture-for-some-oriented-graphs-with-no-sink.pdf,,,,19-22,Graph theory,Cited by 7,Moussa Daamouch,,,Seymour’s Second Neighborhood Conjecture for Some Oriented Graphs With no Sink,,Discrete Mathematics Letters,,https://scholar.google.com/citations?view_op=view_citation&hl=en&user=DKV2FpoAAAAJ&citation_for_view=DKV2FpoAAAAJ:u-x6o8ySG0sC,,,Moussa Daamouch,"Seymour’s Second Neighborhood Conjecture (SNC) asserts that every oriented graph has a vertex whose second out-neighborhood is at least as large as its first out-neighborhood. Such a vertex is called a Seymour vertex. In this paper, we prove that every k-transitive oriented graph with minimum out-degree δ≥ k− 2≥ 1 has at least two Seymour vertices, and we deduce that the SNC holds for every k-transitive oriented graph with k≤ 9. We also prove that every 3-quasi-transitive oriented graph with no sink has at least two Seymour vertices, where sink is a vertex having out-degree zero.",graph theory,0.407
,,"A note on the second neighborhood problem for $ k $-anti-transitive and $ m $-free digraphs
D Mezher, M Daamouch - arXiv preprint arXiv:2405.17797, 2024
Cited by 1 Related articles All 2 versions",2024/5/28,,https://arxiv.org/pdf/2405.17797,,,,,Graph theory,Cited by 1,Moussa Daamouch,,,A note on the second neighborhood problem for -anti-transitive and -free digraphs,,arXiv preprint arXiv:2405.17797,,https://scholar.google.com/citations?view_op=view_citation&hl=en&user=DKV2FpoAAAAJ&citation_for_view=DKV2FpoAAAAJ:ULOm3_A8WrAC,,,"Dania Mezher, Moussa Daamouch","Seymour Second Neighborhood Conjecture (SSNC) asserts that every finite oriented graph has a vertex whose second out-neighborhood is at least as large as its first out-neighborhood. Such a vertex is called a Seymour vertex. A digraph is -anti-transitive if for every pair of vertices , the existence of a directed path of length from to implies that . An -free digraph is digraph having no directed cycles with length at most . In this paper, we prove that if is -anti-transitive and -free digraph, then has a Seymour vertex. As a consequence, a special case of Caccetta-Haggkvist Conjecture holds on 7-anti-transitive oriented graphs. This work extends recently known results.",graph theory,0.405
,,"Strong $ k $-transitive oriented graphs with large minimum degree*
M Daamouch - Communications in Combinatorics and Optimization, 2025
Cited by 1 Related articles All 5 versions",,,,,,,,Graph theory,Cited by 1,Moussa Daamouch,,,Strong -Transitive Oriented Graphs with Large Minimum Degree,,Communications in Combinatorics and Optimization,,https://scholar.google.com/citations?view_op=view_citation&hl=en&user=DKV2FpoAAAAJ&citation_for_view=DKV2FpoAAAAJ:Zph67rFs4hoC,,Azarbaijan Shahid Madani University,Moussa Daamouch,,graph theory,0.2
,,"About the second neighborhood conjecture for tournaments missing two stars or disjoint paths*
M Daamouch, S Ghazal, D Al-Mniny - arXiv preprint arXiv:2406.03635, 2024
Cited by 1 Related articles All 2 versions",,,,,,,,Graph theory,Cited by 1,Moussa Daamouch,,,About the second neighborhood conjecture for tournaments missing two stars or disjoint paths,,Contributions to Discrete Mathematics,,https://scholar.google.com/citations?view_op=view_citation&hl=en&user=DKV2FpoAAAAJ&citation_for_view=DKV2FpoAAAAJ:d1gkVwhDpl0C,,,"Moussa Daamouch, Darine Al-Mniny, Salman Ghazal",,graph theory,0.2
