Book,Conference,Scholar articles,Publication date,Volume,PDF Link,Patent office,Report number,Source,Pages,Research Interests,Total citations,Researcher Name,Inventors,Patent number,Title,Institution,Journal,Application number,Scholar Link,Issue,Publisher,Authors,Description
,2019 international conference on computer and information sciences (iccis),"Sentiment classifier: Logistic regression for arabic services’ reviews in lebanon
M Al Omari, M Al-Hajj, N Hammami, A Sabra - 2019 international conference on computer and …, 2019
Cited by 53 Related articles All 2 versions",2019/4/3,,https://www.researchgate.net/profile/Moustafa-Al-Hajj/publication/333152310_Sentiment_Classifier_Logistic_Regression_for_Arabic_Services'_Reviews_in_Lebanon/links/673ac19c37496239b2c8688e/Sentiment-Classifier-Logistic-Regression-for-Arabic-Services-Reviews-in-Lebanon.pdf,,,,1-5,NLP,Cited by 53,Moustafa AL-HAJJ,,,Sentiment classifier: Logistic regression for arabic services’ reviews in lebanon,,,,https://scholar.google.com/citations?view_op=view_citation&hl=en&user=W_E1KO8AAAAJ&citation_for_view=W_E1KO8AAAAJ:_FxGoFyzp5QC,,IEEE,"Marwan Al Omari, Moustafa Al-Hajj, Nacereddine Hammami, Amani Sabra","This paper proposes a logistic regression approach paired with term and inverse document frequency (TF*IDF) for Arabic sentiment classification on services' reviews in Lebanon country. Reviews are about public services, including hotels, restaurants, shops, and others. We collected manually from Google reviews and Zomato, which have reached to 3916 reviews. Experiments show three core findings: 1) The classifier is confident when used to predict positive reviews. 2) The model is biased on predicting reviews with negative sentiment. Finally, the low percentage of negative reviews in the corpus contributes to the diffidence of logistic regression model."
,,"Arabglossbert: Fine-tuning bert on context-gloss pairs for wsd
M Al-Hajj, M Jarrar - arXiv preprint arXiv:2205.09685, 2022
Cited by 46 Related articles All 10 versions",2022/5/19,,https://arxiv.org/pdf/2205.09685,,,,,NLP,Cited by 46,Moustafa AL-HAJJ,,,Arabglossbert: Fine-tuning bert on context-gloss pairs for wsd,,arXiv preprint arXiv:2205.09685,,https://scholar.google.com/citations?view_op=view_citation&hl=en&user=W_E1KO8AAAAJ&citation_for_view=W_E1KO8AAAAJ:hqOjcs7Dif8C,,,"Moustafa Al-Hajj, Mustafa Jarrar","Using pre-trained transformer models such as BERT has proven to be effective in many NLP tasks. This paper presents our work to fine-tune BERT models for Arabic Word Sense Disambiguation (WSD). We treated the WSD task as a sentence-pair binary classification task. First, we constructed a dataset of labeled Arabic context-gloss pairs (~167k pairs) we extracted from the Arabic Ontology and the large lexicographic database available at Birzeit University. Each pair was labeled as True or False and target words in each context were identified and annotated. Second, we used this dataset for fine-tuning three pre-trained Arabic BERT models. Third, we experimented the use of different supervised signals used to emphasize target words in context. Our experiments achieved promising results (accuracy of 84%) although we used a large set of senses in the experiment."
,,"Lu-bzu at semeval-2021 task 2: Word2vec and lemma2vec performance in arabic word-in-context disambiguation
M Al-Hajj, M Jarrar - arXiv preprint arXiv:2104.08110, 2021
Cited by 29 Related articles All 7 versions",2021/4/16,,https://arxiv.org/pdf/2104.08110,,,,,NLP,Cited by 29,Moustafa AL-HAJJ,,,Lu-bzu at semeval-2021 task 2: Word2vec and lemma2vec performance in arabic word-in-context disambiguation,,arXiv preprint arXiv:2104.08110,,https://scholar.google.com/citations?view_op=view_citation&hl=en&user=W_E1KO8AAAAJ&citation_for_view=W_E1KO8AAAAJ:UebtZRa9Y70C,,,"Moustafa Al-Hajj, Mustafa Jarrar","This paper presents a set of experiments to evaluate and compare between the performance of using CBOW Word2Vec and Lemma2Vec models for Arabic Word-in-Context (WiC) disambiguation without using sense inventories or sense embeddings. As part of the SemEval-2021 Shared Task 2 on WiC disambiguation, we used the dev.ar-ar dataset (2k sentence pairs) to decide whether two words in a given sentence pair carry the same meaning. We used two Word2Vec models: Wiki-CBOW, a pre-trained model on Arabic Wikipedia, and another model we trained on large Arabic corpora of about 3 billion tokens. Two Lemma2Vec models was also constructed based on the two Word2Vec models. Each of the four models was then used in the WiC disambiguation task, and then evaluated on the SemEval-2021 test.ar-ar dataset. At the end, we reported the performance of different models and compared between using lemma-based and word-based models."
,"2019 Sixth International Conference on Social Networks Analysis, Management and Security (SNAMS)","Hybrid CNNs-LSTM deep analyzer for arabic opinion mining
M Al Omari, M Al-Hajj, A Sabra, N Hammami - 2019 Sixth International Conference on Social …, 2019
Cited by 19 Related articles",2019/10/22,,,,,,364-368,NLP,Cited by 19,Moustafa AL-HAJJ,,,Hybrid CNNs-LSTM deep analyzer for arabic opinion mining,,,,https://scholar.google.com/citations?view_op=view_citation&hl=en&user=W_E1KO8AAAAJ&citation_for_view=W_E1KO8AAAAJ:LkGwnXOMwfcC,,IEEE,"Marwan Al Omari, Moustafa Al-Hajj, Amani Sabra, Nacereddine Hammami","Deep learning models have showed great capabilities in data modelling on natural language processing various applications, including sentiment analysis, part-of-speech tagging, machine translation, and many others. In particular, convolutional neural network (CNNs) and long-term short memory (LSTM) have proved to be effective in capturing longterm dependencies in sequential data that result in state-of-the-art performance in comparison to traditional machine learning algorithms. This research paper, therefore, structures an enhanced model of both CNNs and LSTM for the feature resourcefulness of Arabic text data on freely available benchmark datasets, with word2vec representation model for each corpus. The model is projected for Arabic sentiment analysis (ASA) in highlight. The proposed architecture has achieved better performance on three datasets out of five in comparison to previous studies. In …"
,,"Classifiers for Arabic NLP: survey
MA Omari, M Al-Hajj - International Journal of Computational Complexity and …, 2020
Cited by 5 Related articles All 3 versions",2020,1,,,,,231-258,NLP,Cited by 5,Moustafa AL-HAJJ,,,Classifiers for Arabic NLP: survey,,International Journal of Computational Complexity and Intelligent Algorithms,,https://scholar.google.com/citations?view_op=view_citation&hl=en&user=W_E1KO8AAAAJ&citation_for_view=W_E1KO8AAAAJ:roLk4NBRz8UC,3,Inderscience Publishers (IEL),"Marwan Al Omari, Moustafa Al-Hajj","In this paper, we reviewed most common-used models and classifiers that used for the Arabic language to classify texts into categories, classes, or topics in tasks of opinion mining, sentence categorisation, part of speech tagging, language identification, name entity recognition, authorship attribution, word sense disambiguation, and text classification. Comparisons between classification tasks conducted in terms of models' performances and accuracies. Classification approaches are three types: lexicon-based, machine and deep learning, or hybrid ones. Research sample is 34 articles in the classification domain. Challenges facing the Arabic language discussed with further solutions: 1) solid research training on both approaches: lexicon-based and corpus-based (machine and deep learning); 2) research contribution mainly corpus, approach technique, and free accessibility; 3) fund increase to the research …"
,,"Automatic Identification of Arabic expressions related to future events in Lebanon's economy
M Al-Hajj, A Sabra - arXiv preprint arXiv:1805.11603, 2018
Cited by 5 Related articles All 3 versions",2018/5,,https://arxiv.org/pdf/1805.11603,,,,,NLP,Cited by 5,Moustafa AL-HAJJ,,,Automatic Identification of Arabic expressions related to future events in Lebanon's economy,,arxiv,,https://scholar.google.com/citations?view_op=view_citation&hl=en&user=W_E1KO8AAAAJ&citation_for_view=W_E1KO8AAAAJ:WF5omc3nYNoC,,arxiv,"Moustafa Al-Hajj, Amani Sabra","In this paper, we propose a method to automatically identify future events in Lebanon's economy from Arabic texts. Challenges are threefold: first, we need to build a corpus of Arabic texts that covers Lebanon's economy; second, we need to study how future events are expressed linguistically in these texts; and third, we need to automatically identify the relevant textual segments accordingly. We will validate this method on a constructed corpus form the web and show that it has very promising results. To do so, we will be using SLCSAS, a system for semantic analysis, based on the Contextual Explorer method, and ""AlKhalil Morpho Sys"" system for morpho-syntactic analysis."
,,"Use of geomatic approaches to characterize Arqa River Basin: a typical coastal Lebanese River
A Ibrahim, M Al Hajj, M El Hage - Open Journal of Modern Hydrology, 2015
Cited by 4 Related articles All 7 versions",2015,5,https://www.scirp.org/html/1-1630112_57336.htm,,,,45,NLP,Cited by 4,Moustafa AL-HAJJ,,,Use of geomatic approaches to characterize Arqa River Basin: a typical coastal Lebanese River,,Open Journal of Modern Hydrology,,https://scholar.google.com/citations?view_op=view_citation&hl=en&user=W_E1KO8AAAAJ&citation_for_view=W_E1KO8AAAAJ:W7OEmFMy1HYC,03,Scientific Research Publishing,"Abdulrahim Ibrahim, Moustafa Al Hajj, Mhamad El Hage","Water resources in Lebanon are one of the major threatened natural resources, since they spread on different geographic locations creating a network of permanent and temporary watercourses that govern the socio-economy and livelihood. However, lately, these watercourses, and certainly the rivers and streams, are witnessing unfavorable impacts that make them with less benefit and use. In addition, most of the Lebanese river basins have not been characterized due to the newly physical challenges of climate change and the human interference. Hence, characterization of the Lebanese river basins must be obtained in order to monitor the changing of physical and anthropogenic parameters. This can help for better conservation and adaptation approaches, notably for climate change. Arqa River, a coastal Lebanese river in North Lebanon is a typical example. In this study, Arqa River basin and the occupied streams among it have been studied using new advanced geomatic techniques. These techniques are based on the treatment of digital geo-spatial data in systematic approaches. ArcGIS is the software which is used to elaborate and manipulate (data interrelation, measures, overlapping, ordering, etc.) the geo-spatial data. Thus, the geometric and morphometric analysis were obtained for the river catchment and the existing tributaries. This will be a primary tool for further applications including water resources management in the river system. This can be utilized in the execution of dams, mountain lakes, man-made channels and in mapping flood-prone areas. In addition, the obtained characterization of this basin will be helpful in mapping …"
,13ème Rencontres de la Société Francophone de Classification,"Une approche de caractérisation des contextes appelants et appelés des liens hypertextes
M Al-Hajj, G Verley, H Cardot - 13ème Rencontres de la Société Francophone de …, 2006
Cited by 3 Related articles",2006,,https://hal.science/hal-01045073v1/file/sfc2006%5B1%5D%20%281%29.pdf,,,,32-36,NLP,Cited by 3,Moustafa AL-HAJJ,,,Une approche de caractérisation des contextes appelants et appelés des liens hypertextes,,,,https://scholar.google.com/citations?view_op=view_citation&hl=en&user=W_E1KO8AAAAJ&citation_for_view=W_E1KO8AAAAJ:zYLM7Y9cAGgC,,,"Moustafa Al-Hajj, Gilles Verley, Hubert Cardot","Nous nous intéressons à la sémantique des liens hypertextes, en termes d'extraction et d'exploitation, dans le but de faciliter le partage des connaissances sur le Web. Dans cet article, nous nous concentrons sur l'élaboration d'outils d'aide à l'analyse de la sémantique des liens hypertextes, nous proposons une automatisation de la reconnaissance des formes littéraires des contextes appelants des liens et des contextes appelés par des liens."
,International Conference on Terminology,"Constitution et utilisation d'une terminologie en vue de l'extraction de la sémantique des liens hypertextes sur le web
G Verley, M Al-Hajj, H Cardot - International Conference on Terminology, 2006
Cited by 1 Related articles",2006/11/16,,https://hal.science/hal-01026326/document,,,,-,NLP,Cited by 1,Moustafa AL-HAJJ,,,Constitution et utilisation d'une terminologie en vue de l'extraction de la sémantique des liens hypertextes sur le web,,,,https://scholar.google.com/citations?view_op=view_citation&hl=en&user=W_E1KO8AAAAJ&citation_for_view=W_E1KO8AAAAJ:2osOgNQ5qMEC,,,"Gilles Verley, Moustafa Al-Hajj, Hubert Cardot","The authors, who publish knowledge on the Web related to readable electronic documents on a screen, use the technology of hypertext links or the hypertext writing approach for making their sites more interesting and more attractive, and also to enrich it by information coming from other Web sites. However, hypertext links are not without posing problems for readers and search engines like disorientation and cognitive overload for readers and publicities links for search engines. We are interested in semantics of hypertext links, in terms of extraction and exploitation with the aim of facilitating the search of knowledge on the Web. In this article, we propose an original methodology for the semantic extraction of hypertext. Firstly, we show how we constitute a corpus of documents on the Web, which will be our data set. Then we propose a method of semantic analysis of hypertext links. This method consists in making the semantic analysis of calling context of link and context called by link, and explicit in a formal way the semantic relation between the two contexts."
,2015 Fifth International Conference on Digital Information and Communication Technology and its Applications (DICTAP),"Extraction of reported speeches from Arabic Lebanese newspapers
M Al-Hajj, G Mourad - 2015 Fifth International Conference on Digital …, 2015
Related articles All 3 versions",2015/4/29,,https://www.academia.edu/download/37304498/Extraction_of_reported_speeches.pdf,,,,125-128,NLP,,Moustafa AL-HAJJ,,,Extraction of reported speeches from Arabic Lebanese newspapers,,,,https://scholar.google.com/citations?view_op=view_citation&hl=en&user=W_E1KO8AAAAJ&citation_for_view=W_E1KO8AAAAJ:qjMakFHDy7sC,,IEEE,"Moustafa Al-Hajj, Ghassan Mourad","This paper presents ongoing work on the extraction of Arabic reported speech, made by Lebanese politicians, from Arabic Lebanese newspapers. This work is part of a functional system for extraction, presentation and archiving of reported speech made by Lebanese politicians, which constitutes a valuable resource for political analysts, press agents, company researchers and political actors. The system automatically identifies about 280 reported speeches per day from about 1,000 newspaper articles, together with their referents, all are correctly identified as reported speech but only about 200 are correctly referred to their referents. The correctly identified reported speeches that refer to the correctly identified referents are then submitted to a web-based application, which is publicly accessible at http://citations-explorer.com/lpc/."
,15ème Colloque National de la Recherche en IUT,"Mise en œuvre d'un modèle formel pour l'extraction manuelle ou automatique de la sémantique de liens hypertextes
G Verley, M Al-Hajj - 15ème Colloque National de la Recherche en IUT, 2009
Related articles",2009,,https://hal.science/hal-01045128/document,,,,-,NLP,,Moustafa AL-HAJJ,,,Mise en œuvre d'un modèle formel pour l'extraction manuelle ou automatique de la sémantique de liens hypertextes,,,,https://scholar.google.com/citations?view_op=view_citation&hl=en&user=W_E1KO8AAAAJ&citation_for_view=W_E1KO8AAAAJ:Y0pCki6q_DkC,,,"Gilles Verley, Moustafa Al-Hajj","Dans cet article, on présente une expérience relative au web sémantique en cours de réalisation avec des étudiants en sciences de l'information et de la communication dont l'objectif est triple. En premier lieu, vérifier la pertinence d'une méthode d'explicitation par l'homme de lasémantique de liens hypertextes selon un modèle formel original utilisant les ontologies. Deuxièmement, montrer l'intérêt qu'offrent les possibilités d'utilisation pour les internautes (lecteurs comme auteurs) des données sémantiques formalisées selon ce modèle en termes de navigation et de recherche. Troisièmement, constituer une base de données en vue de tester des algorithmes d'apprentissage capables d'effectuer totalement ou partiellement cette formalisation. Ce travail original se situe complètement dans les objectifs du web sémantique tels qu'ils sont définis par Tim Berners Lee et le W3C afin qu'émerge enfin le "" web sémantique ""."
,,"Extraction et formalisation de la sémantique des liens hypertextes dans des documents culturels, scientifiques et techniques
M Al-Hajj - 2007
Related articles",2007/1/1,,,,,,,NLP,,Moustafa AL-HAJJ,,,"Extraction et formalisation de la sémantique des liens hypertextes dans des documents culturels, scientifiques et techniques",Tours,,,https://scholar.google.com/citations?view_op=view_citation&hl=en&user=W_E1KO8AAAAJ&citation_for_view=W_E1KO8AAAAJ:Tyk-4Ss8FVUC,,,Moustafa Al-Hajj,"L'utilisation des liens hypertextes sur internet rend les sites plus attractifs et plus faciles à lire et permet l'enrichissement des sites par des informations provenant d'autres sites. Cependant, ces mêmes liens entraînent des difficultés pour les lecteurs et les moteurs de recherche. Les liens hypertextes sont porteurs d'informations sémantiques qui, si elles étaient complètement formalisées, seraient exploitables par des programmes pour améliorer la navigation et la recherche d'information, et prendraient leur place dans l'émergence du web sémantique. Dans cette thèse, nous proposons une méthodologie originale d'extraction formelle de la sémantique des liens hypertextes. La méthode proposée a été testée sur les liens d'un corpus. Le formalisme RDF est utilisé pour représenter la sémantique des liens. Une ontologie pour les liens spécifiques au domaine des biographies de personnages célèbres a été constituée à partir de la sémantique extraite des liens. Celle-ci a été représentée en RDFS. Des outils d'apprentissage supervisé et de caractérisation des pages web par des mots clés sont utilisés pour aider à l'extraction formelle de la sémantique."
,8ème Colloque Africain sur la Recherche en Informatique (CARI 2006),"Classification de contextes de liens hypertextes
M Al-Hajj, G Verley - 8ème Colloque Africain sur la Recherche en …, 2006
Related articles All 3 versions",2006/11/6,,https://hal.science/hal-01026325v1/file/b2eb8687229c8e09950a618dc61561093500%20%281%29.pdf,,,,-,NLP,,Moustafa AL-HAJJ,,,Classification de contextes de liens hypertextes,,,,https://scholar.google.com/citations?view_op=view_citation&hl=en&user=W_E1KO8AAAAJ&citation_for_view=W_E1KO8AAAAJ:IjCSPb-OGe4C,,,"Moustafa Al-Hajj, Gilles Verley","Les auteurs qui publient sur le Web des connaissances sous la forme de documents électroniques lisibles sur un écran utilisent de plus en plus la technologie des liens hypertextes pour améliorer l’ergonomie de leur sites et pour les enrichir par des informations provenant d’autres sites Web [1]. Nous nous intéressons à la sémantique des liens hypertextes, en termes d’extraction et d’exploitation, dans le but de faciliter le partage des connaissances sur le Web. Dans cet article, nous nous concentrons sur l’élaboration d’outils d’aide à l’analyse de la sémantique des liens hypertextes, nous proposons une automatisation de la reconnaissance des formes littéraires des contextes appelants des liens et des contextes appelés par des liens."
,9th International Conference on Electronic Document,"Aide à l'extraction de la sémantique des liens hypertextes
M Al-Hajj, G Verley, H Cardot - 9th International Conference on Electronic Document, 2006
Related articles All 2 versions",2006/9/18,,https://hal.science/hal-01026317/document,,,,115-132,NLP,,Moustafa AL-HAJJ,,,Aide à l'extraction de la sémantique des liens hypertextes,,,,https://scholar.google.com/citations?view_op=view_citation&hl=en&user=W_E1KO8AAAAJ&citation_for_view=W_E1KO8AAAAJ:UeHWp8X0CEIC,,,"Moustafa Al-Hajj, Gilles Verley, Hubert Cardot","Les auteurs qui publient sur le Web des connaissances sous la forme de documents électroniques lisibles sur un écran utilisent de plus en plus la technologie des liens hypertextes pour améliorer l'ergonomie de leur sites et pour les enrichir par des informations provenant d'autres sites Web. Nous nous intéressons à la sémantique des liens hypertextes, en termes d'extraction et d'exploitation, dans le but de faciliter la recherche d'information sur le Web. Dans cet article, nous proposons une méthodologie originale d'extraction de la sémantique des liens hypertextes par des moyens manuels et semi-automatiques. Dans une première partie, nous montrons comment nous avons constitué un corpus de documents sur le Web, qui sera par la suite notre base de test. Cette constitution consiste à extraire un sous-ensemble du Web, regroupant des pages ayant des critères utiles à l'étude de la sémantique des liens hypertextes. Ensuite nous proposons une méthode d'analyse de la sémantique des liens hypertextes. Celle-ci consiste à faire l'analyse sémantique du contexte appelant du lien et du contexte appelé par le lien, et à expliciter de manière formelle la relation sémantique entre le contexte appelant et le contexte appelé. La dernière partie est consacrée à l'élaboration d'outils d'aide à l'analyse, nous proposons une automatisation de la reconnaissance des formes littéraires des contextes appelant des liens et des contextes appelés par des liens avec les treillis de Galois."
,,"Extraction d’information à partir des sites Web en arabe basée sur une méthode à base des règles
M Al-Hajj, A Sabra
Related articles",,,https://digitalcommons.aaru.edu.jo/cgi/viewcontent.cgi?article=1030&context=aljinan,,,,,NLP,,Moustafa AL-HAJJ,,,Extraction d’information à partir des sites Web en arabe basée sur une méthode à base des règles,,,,https://scholar.google.com/citations?view_op=view_citation&hl=en&user=W_E1KO8AAAAJ&citation_for_view=W_E1KO8AAAAJ:0EnyYjriUFMC,,,"Moustafa Al-Hajj, Amani Sabra","Cet article décrit un outil qui se sert de l’ingénierie de la langue pour l’extraction d’information à partir des sites web en arabe, Ces informations serviront aux documentalistes du Web poue créer des fiches d’archivage pour les sites. Une fiche d’archivage est proposée, l’objectif étant de remplir cette fiche automatiquement. Pour la reconnaissance et la classification des segments textuels, la méthode d’exploration contextuelle proposée par Descles est utilisée, les marqueurs et règles linguistiques sont définis en se basant sur une étude synthétique des spécificités de la langue arabe. Un corpus de plus de 1300 sites Web en langue arabe a été construit, les résultats obtenus montrent l’intérêt de l’approche pour constituer des fiches d’archivage des sites Web en langue arabe) 1 (."
,,"Annotation Automatique Des Connaissances Spatiales En Arabe
R Hijazi, A Sabra, M Al-Hajj
Related articles All 4 versions",,,https://arxiv.org/pdf/1805.06344v1/1000,,,,,NLP,,Moustafa AL-HAJJ,,,Annotation Automatique Des Connaissances Spatiales En Arabe,,,,https://scholar.google.com/citations?view_op=view_citation&hl=en&user=W_E1KO8AAAAJ&citation_for_view=W_E1KO8AAAAJ:ufrVoPGSRksC,,,"Rita Hijazi, Amani Sabra, Moustafa Al-Hajj","La visée de cet article est double: il s’ agit d’aborder une approche linguistique et une approche applicative, afin de profiter d’un outil de recherche d’information et la gestion des connaissances en mesure de tirer parti de la sémantique d’un certain nombre d’informations spatiales exprimées dans un corpus arabe. S’appuyant sur les outils développés en ce sens (le logiciel NooJ), nous présentons un système d’annotation des connaissances spatiales en arabe, en s’ appuyant sur une analyse linguistique profonde et sur une carte sémantique. Ce système reconnait les expressions de localisation.
Abstract:"
