Book,Conference,Scholar articles,Publication date,Volume,PDF Link,Patent office,Report number,Source,Pages,Research Interests,Total citations,Researcher Name,Inventors,Patent number,Title,Institution,Journal,Application number,Scholar Link,Issue,Publisher,Authors,Description,Classified_Topic,Classification_Confidence
,,"Current state of clinical trials regarding lung transplant rejection
R Rifi, M Matar, M Ghazi, C Abboud, J El Masri… - Transplant Immunology, 2022
Cited by 7 Related articles All 3 versions",2022/10/1,74,,,,,101668,Medicine,Cited by 7,Rami Rifi,,,Current state of clinical trials regarding lung transplant rejection,,Transplant Immunology,,https://scholar.google.com/citations?view_op=view_citation&hl=en&user=1tyw0DkAAAAJ&citation_for_view=1tyw0DkAAAAJ:u5HHmVD_uO8C,,Elsevier,"Rami Rifi, Melissa Matar, Maya Ghazi, Chafic Abboud, Jad El Masri, Doha Al Majdalany, Pascale Salameh","Background
Over the last several decades, the field of lung transplantation has made significant advances. Despite these advancements, morbidity and mortality rates are still high when compared to other solid organ transplants. Clinical trials have a significant role bringing new medications with better effects than their predecessors. Our study is critical in evaluating and tracking clinical trials involving rejection of lung transplant, with a focus on interventional therapeutic trials.
Methods
On November 3, 2021, we searched clinicaltrial.gov for interventional clinical trials related to lung transplant rejection. A total of 39 clinical trials are included in this study. Characteristics on each trial were gathered. Linked publications were searched using Medline/PubMed and Embase/Scopus, and their content reviewed and summarized.
Results
The majority of trials were divided into completed (15 out of 39) and recruiting (12 out of …",medicine,0.4
,,"A rare case of systemic lupus erythematosus‐associated neuromyelitis optica spectrum disorder with cystic lesions and dual seropositivity for anti‐AQP4 and anti‐MOG antibodies
O Al Jassem, R Rifi, K Kheir, A Masri, H Eid - Clinical Case Reports, 2024
Related articles All 6 versions",2024/9,12,https://onlinelibrary.wiley.com/doi/pdf/10.1002/ccr3.9063,,,,e9063,Medicine,,Rami Rifi,,,A rare case of systemic lupus erythematosus‐associated neuromyelitis optica spectrum disorder with cystic lesions and dual seropositivity for anti‐AQP4 and anti‐MOG antibodies,,Clinical Case Reports,,https://scholar.google.com/citations?view_op=view_citation&hl=en&user=1tyw0DkAAAAJ&citation_for_view=1tyw0DkAAAAJ:u-x6o8ySG0sC,9.0,,"Omar Al Jassem, Rami Rifi, Karim Kheir, Alaa Masri, Hassan Eid","Key Clinical Message
In patients with SLE, concurrent NMOSD can manifest with optic neuritis and transverse myelitis. AQP‐4 antibody positivity confirms the diagnosis. Prompt treatment is critical to manage the acute symptoms and prevent relapses, as highlighted by a young patient's case with optic neuritis and extensive spinal cord lesions.
Abstract
Neuromyelitis optica spectrum disorder (NMOSD) is a rare autoimmune disorder of the central nervous system that affects the optic nerve and spinal cord. It is associated with autoantibodies against aquaporin‐4 (AQP‐4) and/or myelin oligodendrocytes glycoproteins. It is diagnosed based on clinical, radiological, and serological criteria, and treated with immunosuppressants in the acute phase. Long‐term immunosuppression is essential to prevent potential relapses. In this case report, we present the case of a 19‐year‐old female patient with systemic lupus …",medicine,0.4
