Book,Conference,Scholar articles,Publication date,Volume,PDF Link,Patent office,Report number,Source,Pages,Research Interests,Total citations,Researcher Name,Inventors,Patent number,Title,Institution,Journal,Application number,Scholar Link,Issue,Publisher,Authors,Description,Classified_Topic,Classification_Confidence
,,"Aqueous RAFT/MADIX polymerisation of vinylphosphonic acid
I Blidi, R Geagea, O Coutelier, S Mazières, F Violleau… - Polymer Chemistry, 2012
Cited by 57 Related articles All 2 versions",2012,3.0,,,,,609-612,polymer and organic chemistry,Cited by 57,Roland Geagea,,,Aqueous RAFT/MADIX polymerisation of vinylphosphonic acid,,Polymer Chemistry,,https://scholar.google.com/citations?view_op=view_citation&hl=en&user=nrxYpUUAAAAJ&citation_for_view=nrxYpUUAAAAJ:u5HHmVD_uO8C,3.0,Royal Society of Chemistry,"Issam Blidi, Roland Geagea, Olivier Coutelier, Stéphane Mazières, Frédéric Violleau, Mathias Destarac","RAFT/MADIX polymerisation of vinylphosphonic acid (VPA) was controlled in water with an O-ethyl xanthate transfer agent. This represents the first example of reversible deactivation radical polymerisation of a monomer bearing an unprotected phosphonic acid function. Hence, macromolecular engineering of polyphosphonates can now be envisioned by directly polymerising VPA in water.",polymer and organic chemistry,0.2
,,"Aqueous MADIX/RAFT polymerization of diallyldimethylammonium chloride: Extension to the synthesis of poly (DADMAC)‐based double hydrophilic block copolymers
M Destarac, A Guinaudeau, R Geagea, S Mazieres… - Journal of Polymer Science Part A: Polymer Chemistry, 2010
Cited by 46 Related articles All 5 versions",2010/11/15,48.0,,,,,5163-5171,polymer and organic chemistry,Cited by 46,Roland Geagea,,,Aqueous MADIX/RAFT polymerization of diallyldimethylammonium chloride: Extension to the synthesis of poly (DADMAC)‐based double hydrophilic block copolymers,,Journal of Polymer Science Part A: Polymer Chemistry,,https://scholar.google.com/citations?view_op=view_citation&hl=en&user=nrxYpUUAAAAJ&citation_for_view=nrxYpUUAAAAJ:zYLM7Y9cAGgC,22.0,"Wiley Subscription Services, Inc., A Wiley Company","Mathias Destarac, Aymeric Guinaudeau, Roland Geagea, Stephane Mazieres, Eric Van Gramberen, Cecile Boutin, Samy Chadel, James Wilson","Macromolecular design by interchange of xanthates/reversible addition fragmentation chain transfer polymerization (MADIX/RAFT) of diallyldimethylammonium chloride (DADMAC) using the hydrophobic O‐ethyl‐S‐(1‐methoxycarbonyl) ethyl dithiocarbonate MADIX/RAFT mediating agent, Rhodixan A1, was investigated. Attempts to obtain an efficient control of DADMAC polymerization in a water/ethanol mixture failed because of significant chain transfer to ethanol. The use of a water‐soluble Rhodixan A1‐terminated acrylamide oligomer as the MADIX/RAFT agent enabled the controlled polymerization of DADMAC in water at 50 °C using the cationic azo initiator V‐50. An excellent agreement was found between experimental and theoretical Mn values throughout polymerization and over a broad range of initial concentration of xanthate. Polydispersity indexes (PDIs) at the end of the polymerization were …",polymer and organic chemistry,0.304
,,"Chromium and molybdenum pentacarbonyl complexes of phosphinocarbodithioates: synthesis, molecular structure and behaviour in RAFT polymerisation
R Geagea, S Ladeira, S Mazières, M Destarac - Chemistry–A European Journal, 2011
Cited by 22 Related articles All 4 versions",2011/3/21,17.0,,,,,3718-3725,polymer and organic chemistry,Cited by 22,Roland Geagea,,,"Chromium and molybdenum pentacarbonyl complexes of phosphinocarbodithioates: synthesis, molecular structure and behaviour in RAFT polymerisation",,Chemistry–A European Journal,,https://scholar.google.com/citations?view_op=view_citation&hl=en&user=nrxYpUUAAAAJ&citation_for_view=nrxYpUUAAAAJ:IjCSPb-OGe4C,13.0,WILEY‐VCH Verlag,"Roland Geagea, Sonia Ladeira, Stéphane Mazières, Mathias Destarac","Molybdenum and chromium pentacarbonyldiphenylphosphinocarbodithioate complexes have been prepared in a one‐pot reaction from the corresponding metallocarbonyldiphenylphosphine. The complexes have been characterised by IR, 1H, 31P and 13C NMR spectroscopies and by mass spectrometry. The solid‐state structures of [Cr(CO)5{PPh2CS2CH(Ph)CH3}] (1) and [Mo(CO)5{PPh2CS2CH(Ph)CH3}] (2) are reported. Compounds 1 and 2 are isostructural and crystallise in the triclinic P space group. These new organometallic compounds are highly efficient reversible chain‐transfer agents for reversible addition–fragmentation chain‐transfer (RAFT) polymerisation of styrene (St) and n‐butyl acrylate (nBA), with controlled number‐average molar mass values and narrow dispersities (<1.2). The controlled character of the polymerisation was further exemplified by the synthesis of St and nBA diblock …",polymer and organic chemistry,0.304
,,"Phosphinoyl and thiophosphinoylcarbodithioates: synthesis, molecular structure, and application as new efficient mediators for raft polymerization
S Mazières, I Kulai, R Geagea, S Ladeira, M Destarac - Chemistry–A European Journal, 2015
Cited by 12 Related articles All 7 versions",2015/1/19,21.0,,,,,1726-1734,polymer and organic chemistry,Cited by 12,Roland Geagea,,,"Phosphinoyl and thiophosphinoylcarbodithioates: synthesis, molecular structure, and application as new efficient mediators for raft polymerization",,Chemistry–A European Journal,,https://scholar.google.com/citations?view_op=view_citation&hl=en&user=nrxYpUUAAAAJ&citation_for_view=nrxYpUUAAAAJ:UeHWp8X0CEIC,4.0,WILEY‐VCH Verlag,"Stéphane Mazières, Ihor Kulai, Roland Geagea, Sonia Ladeira, Mathias Destarac","New phosphinoyl and thiophosphinoylcarbodithioates were synthesized in a one‐pot reaction from the corresponding phosphinochalcogenides. Compounds of this new generation of thiocarbonylthio derivatives have been fully characterized by IR as well as 1H, 31P, and 13C NMR spectroscopy and by mass spectrometry. Their solid‐state structures reveal that they are isostructural but crystallize in different space groups. These new compounds are highly efficient reversible chain‐transfer agents for the reversible addition‐fragmentation chain transfer (RAFT) polymerization of styrene (St) and n‐butyl acrylate (nBA), with controlled number‐average molecular weights (Mn) and narrow dispersity values (Ð<1.3). The controlled character of the polymerization was further exemplified by MALDI‐TOF mass spectrometry and the synthesis of PSt‐P(nBA) diblock copolymers.",polymer and organic chemistry,0.304
,RAFT polymerization mediated by an organometallic thiocarbonyl thio transfer agent,"RAFT polymerization mediated by an organometallic thiocarbonyl thio transfer agent
R Geagea, M Destarac, S Mazieres, R Stefak - RAFT polymerization mediated by an organometallic …, 2009
Cited by 7 Related articles",2009/2/5,,,,,,,polymer and organic chemistry,Cited by 7,Roland Geagea,,,RAFT polymerization mediated by an organometallic thiocarbonyl thio transfer agent,,,,https://scholar.google.com/citations?view_op=view_citation&hl=en&user=nrxYpUUAAAAJ&citation_for_view=nrxYpUUAAAAJ:qjMakFHDy7sC,,,"Roland Geagea, Mathias Destarac, S Mazieres, R Stefak","RAFT polymerization mediated by an organometallic thiocarbonyl thio transfer agent - Archive ouverte HAL Recherche Accéder directement au contenu Pied de page Logo Logo Documentation FR Français (FR) Anglais (EN) Se connecter HAL science ouverte Recherche Loading... Recherche avancée Information de documents Titres Titres Sous-titre Titre de l'ouvrage Titre du volume (Série) Champ de recherche par défaut (multicritères) + texte intégral des PDF Résumé Texte intégral indexé des documents PDF Mots-clés Type de document Sous-type de document Tous les identifiants du document Identifiant HAL du dépôt Langue du document (texte) Pays (Texte) Ville À paraître (true ou false) Ajouter Auteur Auteur (multicritères) Auteur (multicritères) Auteur : Nom complet Auteur : Nom de famille Auteur : Prénom Auteur : Complément de nom, deuxième prénom Auteur : Organisme payeur Auteur : IdHal (chaîne de …",polymer and organic chemistry,0.3
,,"Synthesis of a new donor-acceptor-donor functionalized alkoxyamine and its use in a reversibly supported catalytic hybrid system for ATRP of MMA
CB Osman, R Geagea, F Stoffelbach - Polymer, 2016
Cited by 4 Related articles All 3 versions",2016/9/2,99.0,,,,,654-661,polymer and organic chemistry,Cited by 4,Roland Geagea,,,Synthesis of a new donor-acceptor-donor functionalized alkoxyamine and its use in a reversibly supported catalytic hybrid system for ATRP of MMA,,Polymer,,https://scholar.google.com/citations?view_op=view_citation&hl=en&user=nrxYpUUAAAAJ&citation_for_view=nrxYpUUAAAAJ:Tyk-4Ss8FVUC,,Elsevier,"Chirine Ben Osman, Roland Geagea, Francois Stoffelbach","A new 2,6-diaminopyridine-functionalized SG1-based alkoxyamine has been synthesized and used to prepare a well-defined functional copolymer (poly(styrene-co-2-vinyl-4,4-dimethyl-5-oxazolone) – poly(S-co-VDM)) by nitroxide mediated polymerization. After post-modification of the copolymer with an atom transfer radical polymerization (ATRP) ligand (N,N-dipicolyl propylamine), the macroligand was successfully used for the homogeneous ATRP of methyl methacrylate (MMA) leading to a controlled polymerization process. The ATRP of the same monomer was also investigated with the macroligand being reversibly immobilized via hydrogen bonding onto thymine-functionalized silica nanoparticles. The ATRP of MMA involving the supported-catalyst was also effective leading to a good control over the polymerization as observed with the free macroligand and producing polymers with very low dispersity (<1.2 …",polymer and organic chemistry,0.304
,ABSTRACTS OF PAPERS OF THE AMERICAN CHEMICAL SOCIETY,"Chromium and molybdenum pentacarbonyl complexes of phospinocarbodithioates: Behavior in RAFT polymerization
S Mazieres, R Geagea, M Destarac - ABSTRACTS OF PAPERS OF THE AMERICAN …, 2011
Related articles",2011/8/28,242.0,,,,,,polymer and organic chemistry,,Roland Geagea,,,Chromium and molybdenum pentacarbonyl complexes of phospinocarbodithioates: Behavior in RAFT polymerization,,,,https://scholar.google.com/citations?view_op=view_citation&hl=en&user=nrxYpUUAAAAJ&citation_for_view=nrxYpUUAAAAJ:2osOgNQ5qMEC,,AMER CHEMICAL SOC,"Stephane Mazieres, Roland Geagea, Mathias Destarac",,polymer and organic chemistry,0.127
,ABSTRACTS OF PAPERS OF THE AMERICAN CHEMICAL SOCIETY,"Direct aqueous RAFT/MADIX polymerization of vinylphosphonic acid
I Blidi, R Geagea, O Coutelier, F Violleau, M Destarac - ABSTRACTS OF PAPERS OF THE AMERICAN …, 2011
Related articles",2011/8/28,242.0,,,,,,polymer and organic chemistry,,Roland Geagea,,,Direct aqueous RAFT/MADIX polymerization of vinylphosphonic acid,,,,https://scholar.google.com/citations?view_op=view_citation&hl=en&user=nrxYpUUAAAAJ&citation_for_view=nrxYpUUAAAAJ:u-x6o8ySG0sC,,AMER CHEMICAL SOC,"Issam Blidi, Roland Geagea, Olivier Coutelier, Frederic Violleau, Mathias Destarac",,polymer and organic chemistry,0.1
,,"Étude de nouveaux agents de transfert et monomères phosphorés en polymérisation RAFT
R Geagea - 2011
Related articles",2011/6/20,,,,,,,polymer and organic chemistry,,Roland Geagea,,,Étude de nouveaux agents de transfert et monomères phosphorés en polymérisation RAFT,"Université de Toulouse, Université Toulouse III-Paul Sabatier",,,https://scholar.google.com/citations?view_op=view_citation&hl=en&user=nrxYpUUAAAAJ&citation_for_view=nrxYpUUAAAAJ:d1gkVwhDpl0C,,,Roland Geagea,"La Polymérisation par transfert réversible de chaîne par addition fragmentation (RAFT) est une méthode de polymérisation radicalaire par désactivation réversible (PRDR) qui offre un grand potentiel pour la synthèse de polymères de composition, structure et architecture complexes dans des conditions de traitement adaptées à la production industrielle. Le principe de la polymérisation RAFT est basé sur l'utilisation des agents de transfert de structure générale RS(C=S)Z. Le transfert de l'agent RAFT est généralement affecté par la nature des groupements R et Z comme le montre les différentes études menées sur les différentes familles comme les dithioesters, dithiocarbamates, trithiocarbonates et xanthates (agents MADIX). Le sujet abordé dans ces travaux de recherche se focalise sur l'élaboration de nouveaux agents RAFT phosphorés capables de contrôler la polymérisation radicalaire. Egalement, l'étude d'un monomère phosphoré l'acide vinylphosphonique, a été réalisée par voie RAFT/MADIX. Le premier chapitre aborde l'état de l'art du domaine de la polymérisation radicalaire par désactivation réversible avec un passage en revue des principaux types de polymérisation radicalaire par désactivation réversible existant à l'heure actuelle, l'accent étant mis particulièrement sur les procédés désignés RAFT/MADIX. Le deuxième chapitre est consacré à la synthèse et la caractérisation de deux familles d'agents RAFT phosphorés, de type métallocarbonyl diphénylphosphine carbodithioates (M-RAFT), phosphinoyl et (thiophosphinoyl)carbodithioate (PX-RAFT). Le troisième chapitre concerne l'évaluation de l'effet de ces molécules dans la …",polymer and organic chemistry,0.3
,ABSTRACTS OF PAPERS OF THE AMERICAN CHEMICAL SOCIETY,"POLY 326-RAFT polymerization mediated by an organometallic thiocarbonyl thio transfer agent
R Geagea, R Stefak, S Mazieres, M Destarac - ABSTRACTS OF PAPERS OF THE AMERICAN …, 2008
Related articles",2008/8/17,236.0,,,,,,polymer and organic chemistry,,Roland Geagea,,,POLY 326-RAFT polymerization mediated by an organometallic thiocarbonyl thio transfer agent,,,,https://scholar.google.com/citations?view_op=view_citation&hl=en&user=nrxYpUUAAAAJ&citation_for_view=nrxYpUUAAAAJ:9yKSN-GCB0IC,,AMER CHEMICAL SOC,"Roland Geagea, Roman Stefak, Stephane Mazieres, Mathias Destarac",,polymer and organic chemistry,0.2
