Book,Conference,Scholar articles,Publication date,Volume,PDF Link,Patent office,Report number,Source,Pages,Research Interests,Total citations,Researcher Name,Inventors,Patent number,Title,Institution,Journal,Application number,Scholar Link,Issue,Publisher,Authors,Description,Classified_Topic,Classification_Confidence
,,"Stress and heart rate variability during university final examination among lebanese students
S Hammoud, R Karam, R Mourad, I Saad, M Kurdi - Behavioral sciences, 2018
Cited by 67 Related articles All 9 versions
Stress and heart rate variability during university final examination among Lebanese students. Behavioral sciences, 9 (1), 3*
S Hammoud, R Karam, R Mourad, I Saad, M Kurdi - 2019
Cited by 5 Related articles",2018/12/27,9.0,https://www.mdpi.com/2076-328X/9/1/3,,,,3,"epidemiology, cardiovascular pharmacology, clinical research, heart rate variability",Cited by 68,Sabah Hammoud,,,Stress and heart rate variability during university final examination among lebanese students,,Behavioral sciences,,https://scholar.google.com/citations?view_op=view_citation&hl=en&user=rGzeXfsAAAAJ&citation_for_view=rGzeXfsAAAAJ:u-x6o8ySG0sC,1.0,MDPI,"Sabah Hammoud, Rita Karam, Rabih Mourad, Iman Saad, Mazen Kurdi","Real-life stressors, such as university examination, cause an increase in sympathetic activity of the nervous system innervating the heart, and thus an increase in heart rate (HR). Our study aimed to detect changes in heart rate variability (HRV) during different stages of an exam in a group of 90 healthy university students (30 males and 60 females), over 4 h of monitoring divided into 1 h before, 2 h during, and 1 h after the examination. HRV was significantly highest after the exam, indicating release from stress, as compared to before and during the examination when stress was observable. Undergraduate students in different academic years did not differ in terms of stress, indicating the absence of adaptation to exam procedures. However, HR and R-R interval after the exam showed significant difference between first year undergraduate studies and first year of a graduate program, indicating a higher degree of confidence in graduate students. Results also suggest that HRV in females is significantly lower than that in males before and after examination, despite men having greater sympathetic input. In conclusion, the results of our novel study assessing stress in real-time examination show important gender differences, and lack of adaptation with academic study year.",heart rate variability,0.611
,,"Impact of Ramadan intermittent fasting on the heart rate variability and cardiovascular parameters of patients with controlled hypertension
S Hammoud, I Saad, R Karam, F Abou Jaoude… - Journal of nutrition and metabolism, 2021
Cited by 24 Related articles All 16 versions
Research Article Impact of Ramadan Intermittent Fasting on the Heart Rate Variability and Cardiovascular Parameters of Patients with Controlled Hypertension*
S Hammoud, I Saad, R Karam, F Abou Jaoude… - 2021
Related articles",2021,2021.0,https://onlinelibrary.wiley.com/doi/pdf/10.1155/2021/6610455,,,,6610455,"epidemiology, cardiovascular pharmacology, clinical research, heart rate variability",Cited by 24,Sabah Hammoud,,,Impact of Ramadan intermittent fasting on the heart rate variability and cardiovascular parameters of patients with controlled hypertension,,Journal of nutrition and metabolism,,https://scholar.google.com/citations?view_op=view_citation&hl=en&user=rGzeXfsAAAAJ&citation_for_view=rGzeXfsAAAAJ:d1gkVwhDpl0C,1.0,Hindawi,"Sabah Hammoud, Iman Saad, Rita Karam, Fayez Abou Jaoude, Bart JF van Den Bemt, Mazen Kurdi","Background. Conflicting results are reported on the effect of Ramadan fasting on the cardiovascular health of patients with hypertension, a highly prevalent cardiovascular disease risk factor. This research aimed to evaluate the impact of fasting on cardiac health and heart rate variability (as a measure of cardiac stress) of hypertensive patients. Methods. Patients with controlled hypertension were followed in a prospective cohort during and after Ramadan. Lipid panel and blood glucose were measured at the end of each phase. Blood pressure and heart rate variability were monitored in the morning, afternoon, and evening of each follow‐up day. Results. The study included 58 subjects (mean age: 54 ± 11.5 years, 52% male). Fasting did not affect body composition, lipid panel parameters, and blood pressure of hypertensive subjects; males only presented lower body weight and hip circumference during Ramadan …",heart rate variability,0.613
,,"Effect of Ramadan fasting on heart rate variability as a measure of cardiac stress in a Lebanese cohort
S Hammoud, R Mourad, R Karam, I Saad… - European Journal of Clinical Nutrition, 2020
Cited by 15 Related articles All 7 versions",2020/8,74.0,https://www.academia.edu/download/121693729/s41430-020-0562-220250307-1-569i5o.pdf,,,,1237-1239,"epidemiology, cardiovascular pharmacology, clinical research, heart rate variability",Cited by 15,Sabah Hammoud,,,Effect of Ramadan fasting on heart rate variability as a measure of cardiac stress in a Lebanese cohort,,European Journal of Clinical Nutrition,,https://scholar.google.com/citations?view_op=view_citation&hl=en&user=rGzeXfsAAAAJ&citation_for_view=rGzeXfsAAAAJ:u5HHmVD_uO8C,8.0,Nature Publishing Group UK,"Sabah Hammoud, Rabih Mourad, Rita Karam, Iman Saad, Bart JF van den Bemt, Mazen Kurdi","Background
Intermittent fasting is an annual religious practice of Muslims worldwide, which affects the physiology of the body due to lifestyle alterations. This study aimed to evaluate the effect of Ramadan fasting on the HRV, an indirect measure of cardiac sympathetic stress.
Methods
This study included 80 healthy Lebanese females (aged 18–25 years old) monitored for 24 h when following normal routine; 38 and 42 females were enrolled before and during Ramadan, respectively.
Results
Our results reveal no effect of fasting on HRV; there was insignificant change in HRV between the first and last weeks of Ramadan (P > 0.05). Morning fasting was significantly the least stressful period (lowest HR, P < 0.001), with lower HR compared with non-fasting day (P < 0.001). Therefore, Ramadan fasting does not alter the autonomic nervous activity of the heart, neither HRV levels.
Conclusions
This may imply that …",heart rate variability,0.611
,,"Impact of fasting on cardiovascular outcomes in patients with hypertension
S Hammoud, M Kurdi, BJF van den Bemt - Journal of Cardiovascular Pharmacology, 2021
Cited by 9 Related articles All 6 versions",2021/10/1,78.0,,,,Journal of Cardiovascular Pharmacology,481-495,"epidemiology, cardiovascular pharmacology, clinical research, heart rate variability",Cited by 9,Sabah Hammoud,,,Impact of fasting on cardiovascular outcomes in patients with hypertension,,,,https://scholar.google.com/citations?view_op=view_citation&hl=en&user=rGzeXfsAAAAJ&citation_for_view=rGzeXfsAAAAJ:2osOgNQ5qMEC,4.0,LWW,"Sabah Hammoud, Mazen Kurdi, Bart JF van den Bemt","Fasting has been frequently practiced for religious or medical purposes worldwide. However, limited literature assesses the impact of different fasting patterns on the physiologic and cardiac-related parameters in patients with hypertension. This review aims to examine the effect of fasting on cardiovascular outcomes in hypertensive patients. Medline, Embase, and Cochrane library were systematically screened until March 2021 for observational prospective cohorts investigating the effect of fasting on cardiovascular outcomes. Articles were assessed by searching for hypertension and fasting, both as Medical Subject Headings (MeSH) terms and text words. The review included studies assessing Ramadan, intermittent, and water-only fasting. Water-only fasting reduces body weight, blood pressure, and lipolytic activity of fasting hypertensive patients without affecting average heart rate. Ramadan fasting enhances …",heart rate variability,0.276
,,"Impaired cardiac structure and systolic function in athletes using supra-physiological doses of anabolic androgenic steroids
S Hammoud, BJF van den Bemt, A Jaber, M Kurdi - Journal of Science and Medicine in Sport, 2023
Cited by 7 Related articles All 8 versions",2023/10/1,26.0,https://www.jsams.org/article/S1440-2440(23)00384-5/pdf,,,,514-521,"epidemiology, cardiovascular pharmacology, clinical research, heart rate variability",Cited by 7,Sabah Hammoud,,,Impaired cardiac structure and systolic function in athletes using supra-physiological doses of anabolic androgenic steroids,,Journal of Science and Medicine in Sport,,https://scholar.google.com/citations?view_op=view_citation&hl=en&user=rGzeXfsAAAAJ&citation_for_view=rGzeXfsAAAAJ:IjCSPb-OGe4C,10.0,Elsevier,"Sabah Hammoud, Bart JF van den Bemt, Ayman Jaber, Mazen Kurdi","Objectives
Athletes are increasingly using supra-physiological doses of anabolic androgenic steroids without weighing health side effects. This study aims to conjointly evaluate the effect of supraphysiological doses of anabolic androgenic steroids on global cardiovascular structure and functional capacity.
Design
Cross-sectional study.
Methods
92 males enrolled in the study, including 18 sedentary subjects, 26 anabolic androgenic steroid non-user athletes, and 48 anabolic androgenic steroid-user athletes. Two-dimensional echocardiography was done to evaluate the cardiovascular structure and function.
Results
Anabolic androgenic steroid-users presented increased cardiac remodeling of the left ventricle and left atrium compared to control groups (p < 0.001). Anabolic androgenic steroid-users showed increased left ventricular mass/body surface area versus control groups (p < 0.001), with 28 steroid-users …",cardiovascular pharmacology,0.405
,,"Chronic anabolic androgenic steroid administration reduces global longitudinal strain among off-cycle bodybuilders
S Hammoud, BJF van den Bemt, A Jaber, M Kurdi - International Journal of Cardiology, 2023
Cited by 6 Related articles All 6 versions",2023/6/15,381.0,,,,,153-160,"epidemiology, cardiovascular pharmacology, clinical research, heart rate variability",Cited by 6,Sabah Hammoud,,,Chronic anabolic androgenic steroid administration reduces global longitudinal strain among off-cycle bodybuilders,,International Journal of Cardiology,,https://scholar.google.com/citations?view_op=view_citation&hl=en&user=rGzeXfsAAAAJ&citation_for_view=rGzeXfsAAAAJ:qjMakFHDy7sC,,Elsevier,"Sabah Hammoud, Bart JF van den Bemt, Ayman Jaber, Mazen Kurdi","Background
Supra-physiologic doses of anabolic androgenic steroids (AAS) lead to multiple cardiovascular complications. The long-term clinical effect of AAS overuse on cardiac structure and function, which persists during off-cycle periods, remains unclear.
Methods
A total of 15 sedentary subjects and 79 bodybuilders (26 AAS non-users and 53 AAS-users), matched for age and male gender, were assessed in a cross-sectional design for echocardiography measures. AAS-users were included during an off-cycle phase, abstained from AAS for at least 1 month. 2D standard M-mode and speckle tracking echocardiography were used to measure cardiac dimensions and functions.
Results
Inter-ventricular septum and posterior wall thickness were significantly higher among chronic off-cycle AAS-users compared to AAS non-users and sedentary group. Off-cycle AAS-users showed lower E/A ratio of the diastolic function …",cardiovascular pharmacology,0.404
,,"Knowledge and attitude of the young population towards sudden cardiac arrest: A cross-sectional study
S Hammoud, R Daher, R Damaj, GW Booz, M Kurdi - The American journal of emergency medicine, 2023
Related articles All 2 versions",2023/9,71.0,,,,,225-228,"epidemiology, cardiovascular pharmacology, clinical research, heart rate variability",,Sabah Hammoud,,,Knowledge and attitude of the young population towards sudden cardiac arrest: A cross-sectional study,,The American journal of emergency medicine,,https://scholar.google.com/citations?view_op=view_citation&hl=en&user=rGzeXfsAAAAJ&citation_for_view=rGzeXfsAAAAJ:UeHWp8X0CEIC,,,"Sabah Hammoud, Racha Daher, Raghida Damaj, George W Booz, Mazen Kurdi","Knowledge and attitude of the young population towards sudden cardiac arrest: A cross-sectional study Knowledge and attitude of the young population towards sudden cardiac arrest: A cross-sectional study Am J Emerg Med. 2023 Sep:71:225-228. doi: 10.1016/j.ajem.2023.07.016. Epub 2023 Jul 13. Authors Sabah Hammoud 1 , Racha Daher 1 , Raghida Damaj 1 , George W Booz 2 , Mazen Kurdi 3 Affiliations 1 Laboratory of Experimental and Clinical Pharmacology, Faculty of Sciences, Section 1, Lebanese University, Rafic Hariri Educational Campus, Hadat, Lebanon. 2 Department of Pharmacology and Toxicology, University of Mississippi Medical Center, Jackson, MS, USA. 3 Laboratory of Experimental and Clinical Pharmacology, Faculty of Sciences, Section 1, Lebanese University, Rafic Hariri Educational Campus, Hadat, Lebanon; Department of Pharmacology and Toxicology, University of Mississippi …",cardiovascular pharmacology,0.405
,,"Heart Rate Variability in Physiological and Pathological Conditions
S Hammoud - 2023
Related articles",2023,,https://repository.ubn.ru.nl/bitstream/handle/2066/295100/295100.pdf?sequence=1,,,,,"epidemiology, cardiovascular pharmacology, clinical research, heart rate variability",,Sabah Hammoud,,,Heart Rate Variability in Physiological and Pathological Conditions,Sl: sn,,,https://scholar.google.com/citations?view_op=view_citation&hl=en&user=rGzeXfsAAAAJ&citation_for_view=rGzeXfsAAAAJ:Tyk-4Ss8FVUC,,,S Hammoud,"Introduction cause of coronary artery diseases, 15 increasing the risk of suffering from a heart attack and a stroke. 16
Hence, according to the American Heart Association, stress is another pivotal indirect risk factor to be considered, yet is hardly assessed. Clinically, stress may be defined as a state of discomfort in response to various stimulants, whether of physical, emotional or physiological nature; it is a normal physiologic counteract as a protective mechanism built inside the human body. 17 Stress endorses behaviors that promotes other risk factors such as high blood pressure, smoking and physical inactivity as a way to relieve stress or anger. 18",heart rate variability,0.615
