Book,Conference,Scholar articles,Publication date,Volume,PDF Link,Patent office,Report number,Source,Pages,Research Interests,Total citations,Researcher Name,Inventors,Patent number,Title,Institution,Journal,Application number,Scholar Link,Issue,Publisher,Authors,Description,Classified_Topic,Classification_Confidence
,,"The emergence of SARS-CoV-2 variant (s) and its impact on the prevalence of COVID-19 cases in the Nabatieh Region, Lebanon
FY Noureddine, M Chakkour, A El Roz, J Reda… - Medical sciences, 2021
Cited by 46 Related articles All 12 versions",2021/6/2,9,https://www.mdpi.com/2076-3271/9/2/40,,,,40,Molecular Biology and Gene Therapy,Cited by 46,Sadek J. Hashem,,,"The emergence of SARS-CoV-2 variant (s) and its impact on the prevalence of COVID-19 cases in the Nabatieh Region, Lebanon",,Medical sciences,,https://scholar.google.com/citations?view_op=view_citation&hl=en&user=67rhon8AAAAJ&citation_for_view=67rhon8AAAAJ:u5HHmVD_uO8C,2.0,MDPI,"Fatima Y Noureddine, Mohamed Chakkour, Ali El Roz, Jana Reda, Reem Al Sahily, Ali Assi, Mohamed Joma, Hassan Salami, Sadek J Hashem, Batoul Harb, Ali Salami, Ghassan Ghssein","Background: An outbreak of an unknown respiratory illness caused by a novel coronavirus, SARS-CoV-2, emerged in the city of Wuhan in Hubei Province, China, in December 2019 and was referred to as coronavirus disease-2019 (COVID-19). Soon after, it was declared as a global pandemic by the World Health Organization (WHO) in March 2020. SARS-CoV-2 mainly infects the respiratory tract with different outcomes ranging from asymptomatic infection to severe critical illness leading to death. Different SARS-CoV-2 variants are emerging of which three have raised concerns worldwide due to their high transmissibility among populations. Objective: To study the prevalence of COVID-19 in the region of Nabatieh-South Lebanon during the past year and assess the presence of SARS-CoV-2 variants and their effect on the spread of infection during times of lockdown. Methods: In our study, 37,474 nasopharyngeal swab samples were collected and analyzed for the detection of SARS-CoV-2 virus in suspected patients attending a tertiary health care center in South Lebanon during the period between 16 March 2020 and 21 February 2021. Results: The results demonstrated a variation in the prevalence rates ranging from less than 1% during full lockdown of the country to 8.4% upon easing lockdown restrictions and reaching 27.5% after the holidays and 2021 New Year celebrations. Interestingly, a new variant(s) appeared starting January 2021 with a significant positive association between the prevalence of positive tests and the percentage of the variant(s). Conclusions: Our results indicate that the lockdown implemented by the Lebanese …",molecular biology and gene therapy,0.163
,,"The emergence of SARS-COV-2 variant (s) and its impact on the prevalence of COVID-19 cases in the Nabatieh Region, Lebanon
FY Noureddine, M Chakkour, A El Roz, J Reda… - Clinica Chimica Acta, 2024
Cited by 1 Related articles",2024/5/1,558,,,,,119368,Molecular Biology and Gene Therapy,Cited by 1,Sadek J. Hashem,,,"The emergence of SARS-COV-2 variant (s) and its impact on the prevalence of COVID-19 cases in the Nabatieh Region, Lebanon",,Clinica Chimica Acta,,https://scholar.google.com/citations?view_op=view_citation&hl=en&user=67rhon8AAAAJ&citation_for_view=67rhon8AAAAJ:d1gkVwhDpl0C,,Elsevier,"FY Noureddine, M Chakkour, A El Roz, J Reda, R Al Sahily, A Assi, M Joma, H Salami, SJ Hashem, B Harb, G Ghssein, A Salami","Methods
In our study, 37,474 nasopharyngeal swab samples were collected and analyzed for the detection of SARS-CoV-2 virus in suspected patients attending a tertiary health care center in South Lebanon during the period between 16 March 2020 and 21 February 2021.
Results
The results demonstrated a variation in the prevalence rates ranging from less than 1% during full lockdown of the country to 8.4% upon easing lockdown restrictions and reaching 27.5% after the holidays and 2021 New Year celebrations. Interestingly, a new variant (s) appeared starting January 2021 with a significant positive association between the prevalence of positive tests and the percentage of the variant (s).
Conclusions
Our results indicate that the lockdown implemented by the Lebanese officials was an effective intervention to contain COVID-19 spread. Our study also showed that lifting lockdown measures during the holidays …",molecular biology and gene therapy,0.164
