Book,Conference,Scholar articles,Publication date,Volume,PDF Link,Patent office,Report number,Source,Pages,Research Interests,Total citations,Researcher Name,Inventors,Patent number,Title,Institution,Journal,Application number,Scholar Link,Issue,Publisher,Authors,Description,Classified_Topic,Classification_Confidence
,,"Surveillance of antimicrobial resistance in low-and middle-income countries: a scattered picture
K Iskandar, L Molinier, S Hallit, M Sartelli… - Antimicrobial Resistance & Infection Control, 2021
Cited by 344 Related articles All 18 versions",2021/12,10.0,https://link.springer.com/article/10.1186/s13756-021-00931-w,,,Antimicrobial Resistance & Infection Control,1-19,"Medicine, oncology, neurosciences",Cited by 344,Said El Hage,,,Surveillance of antimicrobial resistance in low-and middle-income countries: a scattered picture,,,,https://scholar.google.com/citations?view_op=view_citation&hl=en&user=f1tMvqYAAAAJ&citation_for_view=f1tMvqYAAAAJ:2osOgNQ5qMEC,,BioMed Central,"Katia Iskandar, Laurent Molinier, Souheil Hallit, Massimo Sartelli, Timothy Craig Hardcastle, Mainul Haque, Halyna Lugova, Sameer Dhingra, Paras Sharma, Salequl Islam, Irfan Mohammed, Isa Naina Mohamed, Pierre Abi Hanna, Said El Hajj, Nurul Adilla Hayat Jamaluddin, Pascale Salameh, Christine Roques","Data on comprehensive population-based surveillance of antimicrobial resistance is lacking. In low- and middle-income countries, the challenges are high due to weak laboratory capacity, poor health systems governance, lack of health information systems, and limited resources. Developing countries struggle with political and social dilemma, and bear a high health and economic burden of communicable diseases. Available data are fragmented and lack representativeness which limits their use to advice health policy makers and orientate the efficient allocation of funding and financial resources on programs to mitigate resistance. Low-quality data means soaring rates of antimicrobial resistance and the inability to track and map the spread of resistance, detect early outbreaks, and set national health policy to tackle resistance. Here, we review the barriers and limitations of conducting effective antimicrobial …",medicine,0.4
,,"Antibiotic discovery and resistance: the chase and the race
K Iskandar, J Murugaiyan, D Hammoudi Halat… - Antibiotics, 2022
Cited by 170 Related articles All 15 versions",2022/1/30,11.0,https://www.mdpi.com/2079-6382/11/2/182,,,Antibiotics,182,"Medicine, oncology, neurosciences",Cited by 170,Said El Hage,,,Antibiotic discovery and resistance: the chase and the race,,,,https://scholar.google.com/citations?view_op=view_citation&hl=en&user=f1tMvqYAAAAJ&citation_for_view=f1tMvqYAAAAJ:5nxA0vEk-isC,2.0,MDPI,"Katia Iskandar, Jayaseelan Murugaiyan, Dalal Hammoudi Halat, Said El Hage, Vindana Chibabhai, Saranya Adukkadukkam, Christine Roques, Laurent Molinier, Pascale Salameh, Maarten Van Dongen","The history of antimicrobial resistance (AMR) evolution and the diversity of the environmental resistome indicate that AMR is an ancient natural phenomenon. Acquired resistance is a public health concern influenced by the anthropogenic use of antibiotics, leading to the selection of resistant genes. Data show that AMR is spreading globally at different rates, outpacing all efforts to mitigate this crisis. The search for new antibiotic classes is one of the key strategies in the fight against AMR. Since the 1980s, newly marketed antibiotics were either modifications or improvements of known molecules. The World Health Organization (WHO) describes the current pipeline as bleak, and warns about the scarcity of new leads. A quantitative and qualitative analysis of the pre-clinical and clinical pipeline indicates that few antibiotics may reach the market in a few years, predominantly not those that fit the innovative requirements to tackle the challenging spread of AMR. Diversity and innovation are the mainstays to cope with the rapid evolution of AMR. The discovery and development of antibiotics must address resistance to old and novel antibiotics. Here, we review the history and challenges of antibiotics discovery and describe different innovative new leads mechanisms expected to replenish the pipeline, while maintaining a promising possibility to shift the chase and the race between the spread of AMR, preserving antibiotic effectiveness, and meeting innovative leads requirements.",medicine,0.4
,,"Psoriasis: A bibliometric analysis in the Arab World (2004–2019)
L Daou, S El Hage, E Wakim, S Safi, P Salameh - Australasian Journal of Dermatology, 2021
Cited by 24 Related articles All 4 versions",2021/2,62.0,https://onlinelibrary.wiley.com/doi/am-pdf/10.1111/ajd.13407,,,,e19-e23,"Medicine, oncology, neurosciences",Cited by 24,Said El Hage,,,Psoriasis: A bibliometric analysis in the Arab World (2004–2019),,Australasian Journal of Dermatology,,https://scholar.google.com/citations?view_op=view_citation&hl=en&user=f1tMvqYAAAAJ&citation_for_view=f1tMvqYAAAAJ:9yKSN-GCB0IC,1.0,,"Lea Daou, Said El Hage, Elias Wakim, Steven Safi, Pascale Salameh","Background
Psoriasis is a relatively common inflammatory skin disease with systemic implications. Psoriasis data seem to arise from a select number of countries, while other areas in the world with different genetics and ethnicities, especially Arab countries have a questionable input.
Aim
This study aims to quantitatively assess Arab countries contributions in psoriasis research.
Methods
The number of publications related to psoriasis for each of the 22 Arab countries was found on PubMed for every year between 2004 and 2019, and then, the total for each country was normalised according to three parameters: average population, Gross Domestic Product and psoriasis disability‐adjusted life years. In addition, the number of psoriasis articles was also retrieved for 2 other groups: South America and Far East Asia, for comparison.
Results
Only 1.53% of all psoriasis research published between 2004 and 2019 …",medicine,0.4
,,"Contribution of Arab world in transplant research: a PubMed-based bibliometric analysis
LM El Ayoubi, J El Masri, M Machaalani, S El Hage… - Transplant Immunology, 2021
Cited by 24 Related articles All 3 versions",2021,,,,,,,"Medicine, oncology, neurosciences",Cited by 24,Said El Hage,,,Contribution of Arab world in transplant research: A PubMed-based bibliometric analysis,,Transplant Immunology,,https://scholar.google.com/citations?view_op=view_citation&hl=en&user=f1tMvqYAAAAJ&citation_for_view=f1tMvqYAAAAJ:UeHWp8X0CEIC,,Elsevier B.V.,"Pascale Salameh LemirMajed E L Ayoubi, Jad E L Masri , Marc Machaalani , Said E L Hage","Background
The Arab world consists of 22 countries situated in the Middle East and North Africa, tied together by linguistic and cultural bonds. Over numerous past decades, this region tended to fall behind regarding biomedical research. Organ, tissue, and cell transplantation are life-saving and life-improving treatments for various diseases. Given the positive correlation between research activity and the improvement of the clinical frame of transplantation, this article intended to examine the regional activity of transplantation research between 2005 and 2019.
Methods
Using the PubMed database, the number of transplantation-related articles published by each country, and regarding 26 different procedures, was assessed. The results were normalized with respect to each country's average population & average Gross Domestic Product (GDP). In addition, the co-occurrence of keywords and the co-authorships were …",medicine,0.4
,,"Cytomegalovirus infection in kidney transplant patients: Prevalence, risk factors, and impact on outcome–A local multicentre experience
M Abou-Jaoude, S El Hage, D Akiki, M Fadlallah… - Transplant Immunology, 2021
Cited by 15 Related articles All 3 versions",2021/12/1,69.0,,,,,101473,"Medicine, oncology, neurosciences",Cited by 15,Said El Hage,,,"Cytomegalovirus infection in kidney transplant patients: Prevalence, risk factors, and impact on outcome–A local multicentre experience",,Transplant Immunology,,https://scholar.google.com/citations?view_op=view_citation&hl=en&user=f1tMvqYAAAAJ&citation_for_view=f1tMvqYAAAAJ:eQOLeE2rZwMC,,Elsevier,"Maroun Abou-Jaoude, Said El Hage, Dany Akiki, Mahdi Fadlallah, Abdul-Karim Ghaith, Abbas Dib","Background
CMV infection prevalence in kidney transplant recipients (KTR) is reported to be high in the literature, reaching rates of over 80%.
Objectives
The primary endpoints were the evaluation of the prevalence, the risks factors, and the effects of CMV infection on graft function and survival, as well as patient survival at three years after kidney transplantation.
Material and methods
We retrospectively reviewed the medical records of 288 kidney transplant patients operated in three Lebanese transplant centers between 1998 and 2017 with three years of follow-up. The patients were divided into two groups: those free of any CMV infection (271 patients (94%); Group I) and those who suffered from CMV infection (17 patients (6%); Group II).
Results
Baseline demographics of the two groups were similar, including recipient and donor gender and age, cause of renal disease, recipient body mass index, pre-transplant …",medicine,0.4
,,"Epidemiology and incidence of retinoblastoma in the middle east: A nationwide study in Lebanon
S El Hage, E Wakim, L Daou, J El Masri, P Salameh - Cureus, 2021
Cited by 11 Related articles All 11 versions",2021/10/12,,https://www.cureus.com/articles/72131-epidemiology-and-incidence-of-retinoblastoma-in-the-middle-east-a-nationwide-study-in-lebanon.pdf,,,,,"Medicine, oncology, neurosciences",Cited by 11,Said El Hage,,,Epidemiology and Incidence of Retinoblastoma in the Middle East: A Nationwide Study in Lebanon,,Cureus,,https://scholar.google.com/citations?view_op=view_citation&hl=en&user=f1tMvqYAAAAJ&citation_for_view=f1tMvqYAAAAJ:ufrVoPGSRksC,,Cureus,"Pascale Salameh Said El Hage, Elyas Wakim, Lea Daou, Jad El Masri","Background: Retinoblastoma, although a rare pediatric cancer, can lead to disastrous outcomes if not managed early. This mishap often happens in developing countries. Conversely, early diagnosis and treatment of retinoblastoma in developed countries were associated with a surge in RB1 gene carriers.
Aim: The authors aimed to evaluate the incidence of retinoblastoma in the Lebanese population aged between 0 and 19 years according to age, sex, and other variables and compare the age-standardized incidence rates with regional and worldwide countries.
Methods: Data were retrieved from the National Cancer Registry (NCR) of the Ministry of Public Health (MOPH). Subsequently, incidence rates, age-standardized rates, and fictional incidence rates excluding the emigrant population were calculated. Retinoblastoma trends were found using the Joinpoint regression program software.
Results: From the 38 cases of retinoblastoma recorded in the nine years cohort, 29 cases occurred in the 0-4 age group, and age-standardized rates were 2.8 and 3.6 per million person-years for the 0-19 and 0-14 age groups, respectively. When the refugee population was excluded, the ASR 0-19 almost doubled from 2.8 per million person-years to 5.16 per million person-years. Joinpoint regression revealed that retinoblastoma trends were divided into two segments showing a decrease from 2005 until 2011 and a rising trend in 2011-2015. When compared to other countries in the region, Lebanon had low-intermediate 0-19 ASRs.
Conclusion: Retinoblastoma incidence in Lebanon is in the lower margin of the worldwide average and could be …",medicine,0.4
,,"Epidemiology of bacterial meningitis in Lebanon from 2011 to 2019
A El Kareh, S El Hage, S Safi, E Assouad, E Mokled… - Journal of Clinical Neuroscience, 2020
Cited by 11 Related articles All 6 versions",2020/11/1,81.0,https://www.academia.edu/download/111954848/j.jocn.2020.09.01120240229-1-ijhkgz.pdf,,,,32-36,"Medicine, oncology, neurosciences",Cited by 11,Said El Hage,,,Epidemiology of bacterial meningitis in Lebanon from 2011 to 2019,,Journal of Clinical Neuroscience,,https://scholar.google.com/citations?view_op=view_citation&hl=en&user=f1tMvqYAAAAJ&citation_for_view=f1tMvqYAAAAJ:u-x6o8ySG0sC,,Churchill Livingstone,"Antonio El Kareh, Said El Hage, Steven Safi, Elise Assouad, Elie Mokled, Pascale Salameh","Background
Meningitis is a clinical syndrome, characterized by the inflammation of the meninges, the protective tissues that envelop the brain and spinal cord. It can be due to bacterial, viraland even fungal pathogens.
Objectives
This study’s aim is to investigate and observe the different aspects of meningitis in Lebanon between 2011 and 2019, specifically bacterial meningitis, and compare the incidence rates to different countries.
Materials and methods
This study is a descriptive epidemiological study. Data were collected from the epidemiological surveillance unit of the Lebanese Ministry of Public Health. Incidence according to year, months, age groups, governorates and causative agents were analyzed in the 9-years period.
Results
With an incidence rate of approximately 7.56 cases a year per 100,000 individuals, bacterial meningitis accounted for most of the meningitis cases from 2011 to 2019. Four of the most …",medicine,0.4
,,"Contribution of Arab countries to Behçet disease research: a PubMed-based bibliometric and altmetric analysis*
J El Masri, S El Hage, A Akoum, I Awaida, F Kourani… - Rheumatology International, 2022
Cited by 10 Related articles All 5 versions",2021/9/9,,,,,,,"Medicine, oncology, neurosciences",Cited by 10,Said El Hage,,,Contribution of Arab countries to Behçet disease research: a PubMed-based bibliometric and altmetric analysis,,Rheumatology International,,https://scholar.google.com/citations?view_op=view_citation&hl=en&user=f1tMvqYAAAAJ&citation_for_view=f1tMvqYAAAAJ:W7OEmFMy1HYC,,Springer Nature,"Hani Chanbour & Pascale Salameh Jad El Masri, Said El Hage, Atef Akoum, Issa Awaida, Fatima Kourani",,Unclassified,0.0
,,"Atrial fibrillation in the Arab world: a bibliometric analysis of research activity from 2004 to 2019
D Akiki, S El Hage, E Wakim, S Safi, E Assouad… - Journal of Cardiac Arrhythmias, 2021
Cited by 10 Related articles All 7 versions",2021/2/22,34.0,https://jca.emnuvens.com.br/jca/article/download/3430/3467,,,,12-22,"Medicine, oncology, neurosciences",Cited by 10,Said El Hage,,,Atrial fibrillation in the Arab world: a bibliometric analysis of research activity from 2004 to 2019,,Journal of Cardiac Arrhythmias,,https://scholar.google.com/citations?view_op=view_citation&hl=en&user=f1tMvqYAAAAJ&citation_for_view=f1tMvqYAAAAJ:d1gkVwhDpl0C,1.0,,"Dany Akiki, Said El Hage, Elias Wakim, Steven Safi, Elise Assouad, Pascale Salameh","Background
Atrial fibrillation (AF) is in an increasing pattern worldwide, especially in the Arab world.
Objective
The aim of this article is to assess AF research activity in the Arab countries over the past 16 years, taking into consideration the population size, gross domestic product (GDP) and disability-adjusted life years (DALY).
Methods
Atrial fibrillation related research articles published from Arab countries between 2004 and 2019 were collected from the MEDLINE database and are cited online on PubMed. Medical Subject Heading (MeSH) terms related to the subject, the origin and the date of publication were used to search for the published articles.
Results
The number of AF related publications in the Arab world over the past 16 years was only 283 (0.73%) out of a total of 38,983 publications worldwide. Saudi Arabia ranked first in terms of number of AF related publications, followed by Egypt. Lebanon is the country with the highest number of publications per USD billion GDP, while Egypt and Saudi Arabia have the highest number of publications per 1% DALYs. According to the population size, Qatar and Bahrain produced the highest number of publications per million persons (PPMP). A strong and positive correlation was found between the number of publications and the GDP. The population size and the percentage of DALY showed positive yet weak correlation.
Conclusion
A slight increase in AF related publications is observed. Nonetheless, AF research activity in the Arab world is still insufficient.",medicine,0.4
,,"Acute flaccid paralysis incidence rate and epidemiology in children in Lebanon: a rise in numbers in the post-vaccination and refugee crisis era
S El Hage, S Safi, E Assouad, A El Kareh, E Mokled… - African Health Sciences, 2022
Cited by 9 Related articles All 9 versions",2022/7/29,22.0,https://www.ajol.info/index.php/ahs/article/view/228840/216023,,,,116-124,"Medicine, oncology, neurosciences",Cited by 9,Said El Hage,,,Acute flaccid paralysis incidence rate and epidemiology in children in Lebanon: a rise in numbers in the post-vaccination and refugee crisis era,,African Health Sciences,,https://scholar.google.com/citations?view_op=view_citation&hl=en&user=f1tMvqYAAAAJ&citation_for_view=f1tMvqYAAAAJ:KlAtU1dfN6UC,2.0,,"Said El Hage, Steven Safi, Elise Assouad, Antonio El Kareh, Elie Mokled, Pascale Salameh","Background: Acute flaccid paralysis (AFP) is a clinical syndrome characterized by the acute onset of weakness and paralysis with reduced muscle tone. This study explored the incidence and different aspects of AFP in Lebanese children between 2009 and 2019.
Methods: AFP data were collected from the Lebanese Ministry of Public Health. Incidence rate according to year, age groups, clinical data, follow-up, diagnosis, and vaccination status was analyzed in the 11-years period.
Results: AFP incidence rates increased importantly from 0.63 per 100,000 in 2009 till 4.96 per 100,000 in 2019. Most of the patients were children under ten years of age, 40.6% of all cases were under five years old, and 37.9% were between 5 and 9 years old. Follow-up revealed that approximately two out of five patients experienced residual weakness. As for the final diagnosis, around 30% of cases were diagnosed as Guillain-Barre Syndrome (GBS). Most cases were children having received between 3 and 5 doses of polio vaccine.
Conclusions: The rise in cases coincided with the Syrian refugee crisis in Lebanon and the progressively deteriorating economy in the country; yet, incidence rates were in the lower margin compared with other countries.",medicine,0.4
,,"The Arab countries’ contribution to the research of neurodegenerative disorders
J El Masri, R Dankar, D El Masri, H Chanbour… - Cureus, 2021
Cited by 9 Related articles All 9 versions",2021/8/31,13.0,https://www.cureus.com/articles/69489-the-arab-countries-contribution-to-the-research-of-neurodegenerative-disorders.pdf,,,,,"Medicine, oncology, neurosciences",Cited by 9,Said El Hage,,,The Arab countries’ contribution to the research of neurodegenerative disorders,,Cureus,,https://scholar.google.com/citations?view_op=view_citation&hl=en&user=f1tMvqYAAAAJ&citation_for_view=f1tMvqYAAAAJ:Y0pCki6q_DkC,8.0,Cureus,"Jad El Masri, Razan Dankar, Diala El Masri, Hani Chanbour, Said El Hage, Pascale Salameh","Background: Neurodegenerative diseases are disorders in which nerve cells start to lose function due to different causes. Like many other illnesses, they are considered to be highly prevalent in the 22 Arabicspeaking countries known to constitute the Arab world. The two most prevalent neurodegenerative disorders are Alzheimer's disease and Parkinson's disease.
Aim: The aim of this paper is to assess the amount of research dedicated to neurodegenerative diseases by the Arab countries during a 15-year period, between 2005 and 2019.
Methods: The number of publications by each Arab country as well as some non-Arab speaking countries was retrieved from PubMed. Publications in top 10 neuroscience journals were also tracked using the same method with each journal’s name included. The numbers were then normalized with respect to the average population and average gross domestic product (GDP) in each country to eliminate bias.
Results: Arab countries were shown to contribute only 1,311 (0.774%) of the 169,330 articles published worldwide on neurodegenerative disorders. These 1,311 also constitute only 0.660% of the 198,869 Arab publications during the indicated period. Saudi Arabia had the highest contribution to these numbers with more than one-quarter the number of publications on neurodegenerative disorders. Approximately onethird of all neurodegenerative disease-related articles were associated with Alzheimer's disease, whereas one-fifth were related to Parkinson's disease. For the top 10 neuroscience journals, only a minimal contribution by Arab countries was noted.
Conclusion: Although an increase in the …",medicine,0.4
,,"Familial Mediterranean fever research activity in the Arab world: the need for regional and international collaborations.*
E Assouad, S El Hage, S Safi, A El Kareh, E Mokled… - EMHJ, 2021
Cited by 8 Related articles All 12 versions",2021,,,,,,,"Medicine, oncology, neurosciences",Cited by 8,Said El Hage,,,Familial Mediterranean fever research activity in the Arab World: the need for regional and international collaborations,,Eastern Mediterranean Health Journal,,https://scholar.google.com/citations?view_op=view_citation&hl=en&user=f1tMvqYAAAAJ&citation_for_view=f1tMvqYAAAAJ:IjCSPb-OGe4C,,World Health Organization,"Pascale Salameh Elise Assouad, Said El Hage, Steven Safi, Antonio El Kareh, Elie Mokled",,medicine,0.4
,,"Antibiotic discovery and resistance: the chase and the race. Antibiotics 11 (2), 182
K Iskandar, J Murugaiyan, D Hammoudi Halat… - 2022
Cited by 7 Related articles",2022,,,,,,,"Medicine, oncology, neurosciences",Cited by 7,Said El Hage,,,"Antibiotic discovery and resistance: the chase and the race. Antibiotics 11 (2), 182",,,,https://scholar.google.com/citations?view_op=view_citation&hl=en&user=f1tMvqYAAAAJ&citation_for_view=f1tMvqYAAAAJ:M3ejUd6NZC8C,,,"K Iskandar, J Murugaiyan, D Hammoudi Halat, SE Hage, V Chibabhai, S Adukkadukkam",,Unclassified,0.0
,,"Kidney cancer trends and risk factors in Lebanon: a 12-year epidemiological study*
E Assouad, S El Hage, S Safi, A El Kareh, E Mokled… - Cancer Causes & Control, 2022
Cited by 7 Related articles All 5 versions",2021,,,,,,,"Medicine, oncology, neurosciences",Cited by 7,Said El Hage,,,Kidney cancer trends and risk factors in Lebanon: a 12-year epidemiological study,,Cancer Causes & Control,,https://scholar.google.com/citations?view_op=view_citation&hl=en&user=f1tMvqYAAAAJ&citation_for_view=f1tMvqYAAAAJ:UebtZRa9Y70C,,Springer,"Elie Mokled & Pascale Salameh Elise Assouad, Said El Hage, Steven Safi, Antonio El Kareh",,medicine,0.4
,,"Assessment of gender gap in surgical specialties among Lebanese medical personnel: the need for involvement of women in surgery.
S El Hage, E Wakim, G Sayde, D Akiki, P Salameh - Eastern Mediterranean Health Journal, 2022
Cited by 6 Related articles All 6 versions",2022/10/1,28.0,,,,,,"Medicine, oncology, neurosciences",Cited by 6,Said El Hage,,,Assessment of gender gap in surgical specialties among Lebanese medical personnel: the need for involvement of women in surgery.,,Eastern Mediterranean Health Journal,,https://scholar.google.com/citations?view_op=view_citation&hl=en&user=f1tMvqYAAAAJ&citation_for_view=f1tMvqYAAAAJ:YOwf2qJgpHMC,10.0,,"Said El Hage, Elias Wakim, Georgio Sayde, Dany Akiki, Pascale Salameh","Background: Little is known about gender disparity in the surgery specialty in Lebanon. Aims: To assess the status of female surgeons and possible gender gaps in surgery specialty in Lebanon. Methods: The study was conducted in May 2021. Data were retrieved from the Lebanese Order of Physicians website, indicating the number of physicians in the different specialties, their gender, hospitals, and locations. The c2 test of homogeneity was used to establish whether the gender distribution was equal. Results: Women only accounted for 21.84%(3,370) of physicians in Lebanon, with surgery having the lowest number of female physicians in (n= 65; 2.30%). Women accounted for 1.63% of all surgeons in Lebanese hospitals, there were more female plastic and reconstructive surgeons (n= 12; 7.14%), while neurosurgery, oncological surgery and vascular surgery had no females. There was no significant difference …",medicine,0.4
,,"Current state of clinical trials regarding liver transplant rejection
J El Masri, LM El Ayoubi, B Zreika, F Adhami… - Transplant Immunology, 2022
Cited by 6 Related articles All 4 versions",2022/2/1,70.0,,,,,101522,"Medicine, oncology, neurosciences",Cited by 6,Said El Hage,,,Current state of clinical trials regarding liver transplant rejection,,Transplant Immunology,,https://scholar.google.com/citations?view_op=view_citation&hl=en&user=f1tMvqYAAAAJ&citation_for_view=f1tMvqYAAAAJ:hqOjcs7Dif8C,,Elsevier,"Jad El Masri, Lemir Majed El Ayoubi, Bachir Zreika, Fouad Adhami, Diala El Masri, Said El Hage, Maroun Abou-Jaoudé","Background
Liver transplant (LT) is the second most common transplant intervention. The rate of acute cellular rejection (ACR) is 15–25% after LT, while being higher in chronic rejection (CR). Clinical trials had a major role in getting more potent and selective immunosuppressive medications. Our study plays an important role by evaluating and tracking clinical trials related to liver transplant rejection, focusing on interventional therapeutic trials.
Methods
On October 28, we searched Clinicaltrials.gov for interventional clinical trials related to liver transplant rejection. A total of 27 clinical trials included in this study. Characteristics on each trial were collected, and availability of linked publications was searched using Medline/PubMed and Embase/Scopus. Content of publications was reviewed and main findings were summarized.
Results
Majority of trials were completed (15 out of 27). Eleven trials had between 11 and 50 …",medicine,0.4
,,"Antibiotic discovery and resistance: the chase and the race. Antibiotics 11: 182
K Iskandar, J Murugaiyan, D Hammoudi Halat… - 2022
Cited by 6 Related articles",2022,,,,,,,"Medicine, oncology, neurosciences",Cited by 6,Said El Hage,,,Antibiotic discovery and resistance: the chase and the race. Antibiotics 11: 182,,,,https://scholar.google.com/citations?view_op=view_citation&hl=en&user=f1tMvqYAAAAJ&citation_for_view=f1tMvqYAAAAJ:4DMP91E08xMC,,,"K Iskandar, J Murugaiyan, D Hammoudi Halat, SE Hage, V Chibabhai, S Adukkadukkam, C Roques, L Molinier, P Salameh, M Van Dongen",,Unclassified,0.0
,,"Insights in neuropsychiatry: suicide and self-mutilation in the mena region-a bibliometric quantitative and co-occurrence medline-based analysis
E Wakim, S El Hage, S Safi, A El Kareh, J El Masri… - Cureus, 2021
Cited by 6 Related articles All 12 versions",2021/10/11,,https://www.cureus.com/articles/72467-insights-in-neuropsychiatry-suicide-and-self-mutilation-in-the-mena-region--a-bibliometric-quantitative-and-co-occurrence-medline-based-analysis.pdf,,,,,"Medicine, oncology, neurosciences",Cited by 6,Said El Hage,,,Insights in Neuropsychiatry: Suicide and Self- Mutilation in the Mena Region- a Bibliometric Quantitative and Co-occurrence Medline-Based Analysis,,Cureus,,https://scholar.google.com/citations?view_op=view_citation&hl=en&user=f1tMvqYAAAAJ&citation_for_view=f1tMvqYAAAAJ:WF5omc3nYNoC,,Cureus,"Pascale Salameh Elyas Wakim , Said El Hage , Steven Safi , Antonio El Kareh , Jad El Masri","Background
Little is known about self-mutilation and suicide-related research in the Arab world.",medicine,0.4
,,"Distribution of primary brain tumor subtypes in Lebanon: a multicenter eleven-year study of 695 patients
S El Hage, M Kawtharani, S Nabha, J El Masri, M Saad - Cureus, 2021
Cited by 6 Related articles All 12 versions",2021/9/13,,https://www.cureus.com/articles/70858-distribution-of-primary-brain-tumor-subtypes-in-lebanon-a-multicenter-eleven-year-study-of-695-patients.pdf,,,,,"Medicine, oncology, neurosciences",Cited by 6,Said El Hage,,,Distribution of Primary Brain Tumor Subtypes in Lebanon: A Multicenter Eleven-Year Study of 695 Patients,,Cureus,,https://scholar.google.com/citations?view_op=view_citation&hl=en&user=f1tMvqYAAAAJ&citation_for_view=f1tMvqYAAAAJ:YsMSGLbcyi4C,,"Cureus, Inc.","Mohamad Saad Said El Hage, Mohamad Kawtharani, Sanaa Nabha, Jad El Masri","Background
Brain tumors are associated with relatively high mortality and morbidity in comparison with their low incidence. Little is known about primary brain tumors in Lebanon, as well as in the Arab world. This study aims to analyze the epidemiology of brain tumors across the Lebanese population.",medicine,0.4
,,"Attitudes towards psychiatry in Lebanese medical students: what are the factors that could lead to a more favorable outlook?
S El Hage, L Daou, G Sayde, M Daaboul, S Hallit… - Academic Psychiatry, 2021
Cited by 6 Related articles All 7 versions",2021/5/3,,https://link.springer.com/article/10.1007/s40596-021-01466-3,,,,,"Medicine, oncology, neurosciences",Cited by 6,Said El Hage,,,Attitudes Towards Psychiatry in Lebanese Medical Students: What Are the Factors that Could Lead to a More Favorable Outlook?,,Academic Psychiatry,,https://scholar.google.com/citations?view_op=view_citation&hl=en&user=f1tMvqYAAAAJ&citation_for_view=f1tMvqYAAAAJ:qjMakFHDy7sC,,Springer,"Said El Hage, Léa Daou, Georgio Sayde, Michael Daaboul, Souheil Hallit, Pascale Salameh","Objective
The authors aimed to assess the attitudes towards psychiatry of all Lebanese medical students, as well as the factors that could have led to these attitudes, whether favorable or not.
Methods
In this cross-sectional study, the authors ran a questionnaire among a sample of Lebanese medical students from all medical faculties, regions in Lebanon, and years of medical school, using the ATP-30 scale and the WHO-5 well-being index. The answers from the 607 participants were statistically analyzed on SPSS version 23.0.
Results
Among participants, 95.1% had a positive attitude towards psychiatry, reflecting a favorable outlook among Lebanese medical students overall. The average ATP-30 score in our sample was 111.95 out of 150 (SD = 12.55), which is in the range of countries of higher socio-economic level such as Germany and Switzerland. Also, 26.5% of participants reported that they consider …",medicine,0.4
,,"Antibiotic discovery and resistance: the chase and the race. Antibiotics. 2022; 11 (2): 182
K Iskandar, J Murugaiyan, D Hammoudi Halat…
Cited by 5 Related articles",,,,,,,,"Medicine, oncology, neurosciences",Cited by 5,Said El Hage,,,Antibiotic discovery and resistance: the chase and the race. Antibiotics. 2022; 11 (2): 182,,,,https://scholar.google.com/citations?view_op=view_citation&hl=en&user=f1tMvqYAAAAJ&cstart=20&pagesize=80&citation_for_view=f1tMvqYAAAAJ:Wp0gIr-vW9MC,,,"K Iskandar, J Murugaiyan, D Hammoudi Halat, SE Hage, V Chibabhai, S Adukkadukkam, C Roques, L Molinier, P Salameh, M Van Dongen",,Unclassified,0.0
,,"Epidemiology of ocular malignancies among the Lebanese population: a 12-year review
D Akiki, S El Hage, J El Masri, W Chanbour - Cureus, 2022
Cited by 4 Related articles All 8 versions",2022/1/25,14.0,https://www.cureus.com/articles/75679-epidemiology-of-ocular-malignancies-among-the-lebanese-population-a-12-year-review.pdf,,,Cureus,,"Medicine, oncology, neurosciences",Cited by 4,Said El Hage,,,Epidemiology of ocular malignancies among the Lebanese population: a 12-year review,,,,https://scholar.google.com/citations?view_op=view_citation&hl=en&user=f1tMvqYAAAAJ&cstart=20&pagesize=80&citation_for_view=f1tMvqYAAAAJ:0EnyYjriUFMC,1.0,Cureus,"Dany Akiki, Said El Hage, Jad El Masri, Wassef Chanbour","Purpose
Our article aims to assess the epidemiology of eye cancer in Lebanon and compare it with other regions worldwide and to study its future trends among Lebanese males and females.",medicine,0.4
,,"Antibiotic discovery and resistance: the chase and the race. Antibiotics 2022; 11: 182
K Iskandar, J Murugaiyan, HD Halat, SE Hage… - 2022
Cited by 4 Related articles",2022,,https://www.academia.edu/download/81269286/pdf.pdf,,,,,"Medicine, oncology, neurosciences",Cited by 4,Said El Hage,,,Antibiotic discovery and resistance: the chase and the race. Antibiotics 2022; 11: 182,,,,https://scholar.google.com/citations?view_op=view_citation&hl=en&user=f1tMvqYAAAAJ&cstart=20&pagesize=80&citation_for_view=f1tMvqYAAAAJ:4TOpqqG69KYC,,s Note: MDPI stays neutral with regard to jurisdictional claims in published maps and institutional affil-iations.,"K Iskandar, J Murugaiyan, HD Halat, SE Hage, V Chibabhai, S Adukkadukkam","The history of antimicrobial resistance (AMR) evolution and the diversity of the environmental resistome indicate that AMR is an ancient natural phenomenon. Acquired resistance is a public health concern influenced by the anthropogenic use of antibiotics, leading to the selection of resistant genes. Data show that AMR is spreading globally at different rates, outpacing all efforts to mitigate this crisis. The search for new antibiotic classes is one of the key strategies in the fight against AMR. Since the 1980s, newly marketed antibiotics were either modifications or improvements of known molecules. The World Health Organization (WHO) describes the current pipeline as bleak, and warns about the scarcity of new leads. A quantitative and qualitative analysis of the pre-clinical and clinical pipeline indicates that few antibiotics may reach the market in a few years, predominantly not those that fit the innovative requirements to tackle the challenging spread of AMR. Diversity and innovation are the mainstays to cope with the rapid evolution of AMR. The discovery and development of antibiotics must address resistance to old and novel antibiotics. Here, we review the history and challenges of antibiotics discovery and describe different innovative new leads mechanisms expected to replenish the pipeline, while maintaining a promising possibility to shift the chase and the race between the spread of AMR, preserving antibiotic effectiveness, and meeting innovative leads requirements.",medicine,0.4
,,"Severe symptomatic hypochloremia associated with rare signet ring cell carcinoma of the ampulla of vater: a case report
A Akoum, R Radwan, S El Hage, J El Masri… - Cureus, 2021
Cited by 3 Related articles All 9 versions",2021/11/12,13.0,https://www.cureus.com/articles/73069-severe-symptomatic-hypochloremia-associated-with-rare-signet-ring-cell-carcinoma-of-the-ampulla-of-vater-a-case-report.pdf,,,,,"Medicine, oncology, neurosciences",Cited by 3,Said El Hage,,,Severe symptomatic hypochloremia associated with rare signet ring cell carcinoma of the ampulla of vater: a case report,,Cureus,,https://scholar.google.com/citations?view_op=view_citation&hl=en&user=f1tMvqYAAAAJ&cstart=20&pagesize=80&citation_for_view=f1tMvqYAAAAJ:Se3iqnhoufwC,11.0,Cureus,"Atef Akoum, Rached Radwan, Said El Hage, Jad El Masri, Salah Ezzeddine","Hypochloremia is an electrolyte disturbance characterized by low serum concentration of chloride ions, often occurring in acute illnesses and characterized by nonspecific signs and symptoms. It rarely results from decreased intake and is predominantly due to either renal or extra-renal losses. We report a case of severely worsening symptomatic hypochloremia resulting from an extra-renal loss of chloride ion in a 58-year-old female patient presenting for prolonged protracted vomiting. Chloremia reached a surprising level of 48 mEq/L, the lowest level reported in the literature. The patient was eventually diagnosed with a rare signet ring cell carcinoma that occurred in the ampulla of Vater, leading to a malignant gastric outlet obstruction and causing extra-renal loss of chloride.",medicine,0.4
,,"Effect of donor-to-recipient HLA matching in low-immunological risk kidney transplant recipients without induction therapy on acute rejection, graft survival, infections, and surgical complications at 3 years: The road towards new recommendations
M Abou-Jaoudé, S El Hage, D Akiki, R Araman - Transplant Immunology, 2021
Cited by 2 Related articles All 3 versions",2021/12/1,69.0,,,,,101490,"Medicine, oncology, neurosciences",Cited by 2,Said El Hage,,,"Effect of donor-to-recipient HLA matching in low-immunological risk kidney transplant recipients without induction therapy on acute rejection, graft survival, infections, and …",,Transplant Immunology,,https://scholar.google.com/citations?view_op=view_citation&hl=en&user=f1tMvqYAAAAJ&cstart=20&pagesize=80&citation_for_view=f1tMvqYAAAAJ:_FxGoFyzp5QC,,Elsevier,"Maroun Abou-Jaoudé, Said El Hage, Dany Akiki, Rita Araman","Background
Donor-to-recipient human leukocyte antigen mismatching is considered one of the strongest determinants for graft and patient survival in kidney transplant recipients (KTR).
Objective
This retrospective study discusses the impact of HLA matching as low immunological risk KTR without induction therapy.
Material and methods
Records of 80 adult kidney transplant patients were reviewed with three years of the follow-up. All patients had panel reactive antibodies (PRA) < 20%, absence of donor-specific antibodies (DSA) and did not receive the induction therapy. These patients were divided into two groups according to their HLA matching between donor and recipient: 55 patients with ≥ 3 HLA matches (Group I; low immunogenicity) were compared to 25 patients with <3 HLA matches (Group II; high immunogenicity). The primary endpoints included the rate and severity of acute rejection (AR) episodes, graft …",medicine,0.4
,,"Rapid clinical recovery of posterior reversible encephalopathy syndrome in two cases of IgA nephropathy disease and nephrotic syndrome type 9 post-renal transplant
S El Hage, D Akiki, L Khalife, E Assaf, M Abou Jaoude - Transplant Immunology, 2021
Cited by 2 Related articles All 3 versions",2021/8,,,,,,,"Medicine, oncology, neurosciences",Cited by 2,Said El Hage,,,Rapid clinical recovery of posterior reversible encephalopathy syndrome in two cases of IgA nephropathy disease and nephrotic syndrome type 9 post-renal transplant,,Transplant Immunology,,https://scholar.google.com/citations?view_op=view_citation&hl=en&user=f1tMvqYAAAAJ&cstart=20&pagesize=80&citation_for_view=f1tMvqYAAAAJ:Tyk-4Ss8FVUC,,Elsevier,"Said El Hage, Dany Akiki, Lourdes Khalife, Elie Assaf, Maroun Abou Jaoude","Posterior reversible encephalopathy syndrome (PRES) is a clinical-radiological syndrome often associated with immunosuppressant drug use, renal disease, and eclampsia and characterized by parieto-occipital vasogenic edema that usually resolves within days. Globally and in the settings of renal transplant, literature concerning PRES is very scattered. In this report, we provide two cases, one diagnosed with IgA nephropathy and another with nephrotic syndrome type 9 that developed episodes of tonic-clonic seizure immediately after renal transplant in case 1 and four days post-transplant in case 2. The two patients had a history of hypertension, renal disease, corticosteroid and immunosuppressant drug use. Neuro-imaging showed typical vasogenic edema involving the parieto-occipital areas. Therefore, the clinical-radiological presentation confirmed the diagnosis of PRES in both cases. Also, rapid neurologic …",medicine,0.4
,,"Competencies required for graduated physicians: the integration of Englander’s common taxonomy in a validated scale for the assessment of competency acquiring in undergraduate medical education
S El Hage, MN Chahine, G Sayde, M Daaboul… - Irish Journal of Medical Science (1971-), 2023
Cited by 1 Related articles All 7 versions",2023/2,192.0,https://link.springer.com/article/10.1007/s11845-022-02962-7,,,,499-507,"Medicine, oncology, neurosciences",Cited by 1,Said El Hage,,,Competencies required for graduated physicians: the integration of Englander’s common taxonomy in a validated scale for the assessment of competency acquiring in undergraduate …,,Irish Journal of Medical Science (1971-),,https://scholar.google.com/citations?view_op=view_citation&hl=en&user=f1tMvqYAAAAJ&cstart=20&pagesize=80&citation_for_view=f1tMvqYAAAAJ:8k81kl-MbHgC,1.0,Springer International Publishing,"Said El Hage, Mirna N Chahine, Georgio Sayde, Michael Daaboul, Jad El Masri, Pascale Salameh","Background
Competency-based medical education has been emerging as a new educational model for learning. The development of medical education in Middle Eastern countries lacks basic literature in the area of medical education, particularly competency-based medical education (CBME).
Aim
Our objective is to validate a brief/rapid scale that informs us on the current perception of the acquiring of competencies of medical students and graduates from the Lebanese University, Lebanon.
Methods
A survey containing the Englander’s common taxonomy for medical competencies—a set of 57 items—was distributed to medical students and graduates from the Lebanese University. Three parameters were used for the validation of this scale: construct validity using the principal component analysis technique, internal reliability using Cronbach alpha, and convergent validity using Pearson correlation.
Results
A total of …",medicine,0.4
,,"The diagnostic challenge of coexisting systemic lupus erythematosus and multiple sclerosis in a young male: Rare but real
T Charbel, D Akiki, S El Hage, G Moukarzel, E Assaf - Clinical Case Reports, 2024
Related articles All 7 versions",2024/10/27,12.0,https://pmc.ncbi.nlm.nih.gov/articles/PMC11513376/,,,,e9521,"Medicine, oncology, neurosciences",,Said El Hage,,,The diagnostic challenge of coexisting systemic lupus erythematosus and multiple sclerosis in a young male: Rare but real,,Clinical Case Reports,,https://scholar.google.com/citations?view_op=view_citation&hl=en&user=f1tMvqYAAAAJ&cstart=20&pagesize=80&citation_for_view=f1tMvqYAAAAJ:qxL8FJ1GzNcC,11.0,,"Tatiana Charbel, Dany Akiki, Said El Hage, Gaby Moukarzel, Elie Assaf","Key Clinical Message The coexistence of multiple sclerosis (MS) and systemic lupus erythematosus (SLE) is exceptionally rare, especially in males. This case highlights the importance of early diagnosis and treatment with immunomodulatory therapies like rituximab, which can lead to sustained remission in patients with overlapping autoimmune disorders.",medicine,0.4
,,"Perspective on melanoma in the Arab world: a quantitative and qualitative PubMed-based analysis of research output (2004–2019)
LR Daou, SE Hage, YT Bteich, JE Hosri, JAM Wehbi - International Journal of Dermatology and Venereology, 2022
Related articles All 3 versions",2022/12/30,5.0,https://mednexus.org/doi/full/10.1097/JD9.0000000000000253,,,International Journal of Dermatology and Venereology,213-217,"Medicine, oncology, neurosciences",,Said El Hage,,,Perspective on melanoma in the Arab world: a quantitative and qualitative PubMed-based analysis of research output (2004–2019),,,,https://scholar.google.com/citations?view_op=view_citation&hl=en&user=f1tMvqYAAAAJ&cstart=20&pagesize=80&citation_for_view=f1tMvqYAAAAJ:kNdYIx-mwKoC,4.0,"Chinese Medical Journals Publishing House Co., Ltd.","Lea R Daou, Said El Hage, Yara T Bteich, Jad E Hosri, Jad AM Wehbi","Melanoma is the most fatal skin cancer, and its incidence has rapidly increased worldwide during the last 50 years, 1 with a reported 3% increase in its yearly incidence in adolescents and young adults from 1973 to 2001. 2 The most prominent risk factors for melanoma are ultraviolet radiation, which causes both cell death and malignant transformation, and fair skin.
The Arab world comprises 22 low-latitude countries located in Africa and Asia. Of these 22 countries, 11 are among the 55 countries with the highest percentage of the population aged< 15 years. The Arab world’s contribution to the available literature on melanoma remains unclear. In addition, several factors hinder early detection of melanoma, including culture, general education, and the habits of doctors and patients, 3 such as sun exposure, sunburns during childhood, and the use of indoor tanning. 4 Thus, population-based research is crucial for …",medicine,0.4
,,"Gender Preference in Gynecology and Obstetrics (GPGO) Scale*
SE Hage, M Daaboul, G Sayde, O Ismail… - Current Women's Health Reviews, 2023
Related articles All 3 versions",2022/8/10,,,,,,,"Medicine, oncology, neurosciences",,Said El Hage,,,Gender preference in gynecology and obstetrics (GPGO) scale,,Current Women's Health Reviews,,https://scholar.google.com/citations?view_op=view_citation&hl=en&user=f1tMvqYAAAAJ&cstart=20&pagesize=80&citation_for_view=f1tMvqYAAAAJ:Zph67rFs4hoC,,Bentham science,"Souheil Hallit and Pascale Salameh Said El Hage, Michael Daaboul, Georgio Sayde, Omar Ismail*, Youssef Jamaleddine",,medicine,0.4
,,"Ovarian cancer in Lebanese women: a 12-year comparative epidemiological study and trend analysis
A El Kareh, S Safi, T Kaady, S El Hage, E Mokled… - ecancermedicalscience, 2022
Related articles All 8 versions",2022/6/13,16.0,https://pmc.ncbi.nlm.nih.gov/articles/PMC9377821/,,,,1409,"Medicine, oncology, neurosciences",,Said El Hage,,,Ovarian cancer in Lebanese women: a 12-year comparative epidemiological study and trend analysis,,ecancermedicalscience,,https://scholar.google.com/citations?view_op=view_citation&hl=en&user=f1tMvqYAAAAJ&cstart=20&pagesize=80&citation_for_view=f1tMvqYAAAAJ:3fE2CSJIrl8C,,,"Antonio El Kareh, Steven Safi, Théa Kaady, Said El Hage, Elie Mokled, Elise Assouad, Elie Snaifer, Reine Nader","Purpose Over the last decade, Lebanon has experienced an increase in the rate of cancer patients. The aim of this study is to investigate the incidence rates of ovarian cancer in Lebanese women over a period of 12 years and to compare them to other countries. Methods Data were collected from the Lebanese National Cancer Registry for the time period 2005–2016 (inclusive). Data from other countries were retrieved from an online database ‘Cancer Incidence in Five Continents’. The age-specific and age-standardised incidence rates (ASIR) were calculated and analysed using Joinpoint regression. Results Ovarian cancer ranked seventh among the commonest cancers in Lebanese women in the studied time frame. Approximately 189 new cases were reported every year, with an average age-standardised incidence rate of 7.88 (per 100,000 women). Ovarian cancer showed a significantly decreasing trend in …",medicine,0.4
,,"Correction to: Competencies required for graduated physicians: the integration of Englander’s common taxonomy in a validated scale for the assessment of competency acquiring in undergraduate medical education
S El Hage, MN Chahine, G Sayde, M Daaboul… - Irish Journal of Medical Science, 2022
Related articles All 5 versions",2022/3/15,192.0,,,,,509,"Medicine, oncology, neurosciences",,Said El Hage,,,Correction to: Competencies required for graduated physicians: the integration of Englander’s common taxonomy in a validated scale for the assessment of competency acquiring in …,,Irish Journal of Medical Science,,https://scholar.google.com/citations?view_op=view_citation&hl=en&user=f1tMvqYAAAAJ&cstart=20&pagesize=80&citation_for_view=f1tMvqYAAAAJ:MXK_kJrjxJIC,1.0,,"Said El Hage, Mirna N Chahine, Georgio Sayde, Michael Daaboul, Jad El Masri, Pascale Salameh","Correction to: Competencies required for graduated physicians: the integration of Englander’s common taxonomy in a validated scale for the assessment of competency acquiring in undergraduate medical education - PMC Skip to main content Here's how you know Official websites use .gov A .gov website belongs to an official government organization in the United States. Secure .gov websites use HTTPS A lock ( Locked padlock icon ) or https:// means you've safely connected to the .gov website. Share sensitive information only on official, secure websites. PMC home page Search Log in Dashboard Publications Account settings Log out Search… Search NCBI Primary site navigation Close Search Search Logged in as: Dashboard Publications Account settings Log in Search PMC Full-Text Archive Search in PMC Search Advanced Search Journal List User Guide PERMALINK Copy As a library, NLM provides …",medicine,0.4
,,"Complete recovery of complicated methotrexate-induced liver cirrhosis in a patient with psoriasis: A case report
S El Hage, D Akiki, J El Masri, M Roustom - Transplant Immunology, 2022
Related articles All 3 versions",2022/2/1,70.0,,,,,101492,"Medicine, oncology, neurosciences",,Said El Hage,,,Complete recovery of complicated methotrexate-induced liver cirrhosis in a patient with psoriasis: A case report,,Transplant Immunology,,https://scholar.google.com/citations?view_op=view_citation&hl=en&user=f1tMvqYAAAAJ&cstart=20&pagesize=80&citation_for_view=f1tMvqYAAAAJ:roLk4NBRz8UC,,Elsevier,"Said El Hage, Dany Akiki, Jad El Masri, Majd Roustom","Cirrhosis is the most common indication for liver transplant. Literature addressing methotrexate (MTX)-induced liver cirrhosis in patients with psoriasis is sparse. We present a case of a nonalcoholic patient diagnosed with psoriasis that was treated with a weekly 5 mg dose of methotrexate, a chemotherapeutic and immunological modulator, for five years. The patient presented after five years with abdominal distension and lower limb edema along with ascites and esophageal varices and was diagnosed with liver cirrhosis. Upon the discontinuation of MTX, the patient showed clear regression of ascites and esophageal varices, and recovery of liver cirrhosis by de-escalating from Child-Pugh B to A. After five years of follow-up, Echography and Transient Elastography (Fibroscan) of the liver confirmed the full recovery of liver cirrhosis by the absence of steatosis and fibrosis. This study emphasizes the reversibility of …",medicine,0.4
,,"Pascale Salameh
S El Hage, E Wakim, G Sayde, D Akiki - لولأا نيرشت/ربوتكأ, 2022
Related articles All 4 versions",2022,,https://iris.who.int/bitstream/handle/10665/365885/1020-3397-2022-2810-705-782-eng.pdf?sequence=1#page=43,,,,743,"Medicine, oncology, neurosciences",,Said El Hage,,,Pascale Salameh,,لولأا نيرشت/ربوتكأ,,https://scholar.google.com/citations?view_op=view_citation&hl=en&user=f1tMvqYAAAAJ&cstart=20&pagesize=80&citation_for_view=f1tMvqYAAAAJ:mVmsd5A6BfQC,,,"S El Hage, E Wakim, G Sayde, D Akiki","Background
Little is known about gender disparity in the surgery specialty in Lebanon.
Aims
To assess the status of female surgeons and possible gender gaps in surgery specialty in Lebanon.
Methods
The study was conducted in May 2021. Data were retrieved from the Lebanese Order of Physicians website, indicating the number of physicians in the different specialties, their gender, hospitals, and locations. The c2 test of homogeneity was used to establish whether the gender distribution was equal.
Results
Women only accounted for 21.84%(3,370) of physicians in Lebanon, with surgery having the lowest number of female physicians in (n= 65; 2.30%). Women accounted for 1.63% of all surgeons in Lebanese hospitals, there were more female plastic and reconstructive surgeons (n= 12; 7.14%), while neurosurgery, oncological surgery and vascular surgery had no females. There was no significant difference in gender between academic and non-academic institutions (χ2= 2.164, P= 0.149), or between public and private hospitals (χ2= 1.277, P= 0.234).
Conclusion
The surgical specialty had the widest gender gap among all the medical fields in Lebanon. Therefore, the healthcare systems, including public and private hospitals, have a long and difficult road in narrowing the gender gap. Different strategies to incorporate women into surgery should be explored to assure equitable opportunities for all physicians, based on competency rather than gender.",medicine,0.4
,,"Pascale Salameh. Assessment of gender gap in surgical specialties among Lebanese medical personnel: the need for involvement of women in surgery
S El Hage, E Wakim, G Sayde, D Akiki - East Mediterr Health J, 2022
Related articles",2022,28.0,,,,,,"Medicine, oncology, neurosciences",,Said El Hage,,,Pascale Salameh. Assessment of gender gap in surgical specialties among Lebanese medical personnel: the need for involvement of women in surgery,,East Mediterr Health J,,https://scholar.google.com/citations?view_op=view_citation&hl=en&user=f1tMvqYAAAAJ&cstart=20&pagesize=80&citation_for_view=f1tMvqYAAAAJ:ULOm3_A8WrAC,10.0,,"S El Hage, E Wakim, G Sayde, D Akiki","Aims: To determine the status of female surgeons and the possible presence of a gender gap in surgery in Lebanon.
Methods: The study was conducted in May 2021. Data were retrieved from the Lebanese Order of Physicians website. The numbers of physicians in the different specialties, gender, hospitals, and locations were retrieved. The χ test of homogeneity was used to establish whether the gender distribution was equal.
Results: Women accounted for only 21.84%(3370) of physicians in Lebanon. Surgery had the lowest frequency of female physicians (n= 65; 2.30%). The highest frequency of female physicians was in plastic and reconstructive surgery (n= 12; 7.14%), while neurosurgery, oncological surgery, and vascular surgery had no female physicians. The overall percentage of female surgeons in all Lebanese hospitals was 1.63%. No significant gender difference between academic and nonacademic centres was found (χ2= 2.164, P= 0.149), or between public and private hospitals (χ2= 1.277, P= 0.234).
Conclusion: The surgical domain had the widest gender gap among all the medical fields in Lebanon. Thus, healthcare systems, including academic centres and private hospitals still have a long and difficult road in narrowing the wide gender gap. Different strategies to incorporate women in surgery should be elaborated to assure an equitable chance for all physicians, based on competency rather than gender.",medicine,0.4
,,"Display options
E Assouad, S El Hage, S Safi - Cancer Causes Control, 2021
Related articles",2021/11/28,,https://www.uiindex.org/search/articledetails/32230986,,,,,"Medicine, oncology, neurosciences",,Said El Hage,,,Display options,,Cancer Causes Control,,https://scholar.google.com/citations?view_op=view_citation&hl=en&user=f1tMvqYAAAAJ&cstart=20&pagesize=80&citation_for_view=f1tMvqYAAAAJ:aqlVkmm33-oC,,,"E Assouad, S El Hage, S Safi","PURPOSE: Lebanon has witnessed an increase in the rates of several cancer subtypes over the last years. The aim of this study is to examine the incidence rates of kidney cancer in Lebanon over 12 years and to compare them to other countries.
METHODS: Data were collected from the Lebanese National Cancer Registry (NCR) for the time period 2005-2016 (inclusive). Data from other countries were retrieved from an online database"" Cancer Incidence in Five Continents."" The age specific and age-standardized rates (ASR) were calculated and analyzed using Joinpoint regression.
RESULTS: Kidney cancer ranked as the 10th commonest cancer among men and the 19th among women. An age-standardized rate of 3.54 (per 100,000) was obtained. The average ASR was 4.80 for men and 2.27 for women. Kidney cancer showed a significantly rising trend for both genders. Lebanon had the highest ASR for kidney cancer in men and the third highest in women among regional countries.
CONCLUSION: Lebanon presented an average-to-high ASR for kidney cancer compared to regional countries. However, compared to countries worldwide, Lebanon had a below-average ASR. Nonetheless, with the rising kidney cancer trends, it is important to study the associated risk factors in order to develop proper preventive and screening measures and therefore decrease the incidence rates.",medicine,0.4
