Book,Conference,Scholar articles,Publication date,Volume,PDF Link,Patent office,Report number,Source,Pages,Research Interests,Total citations,Researcher Name,Inventors,Patent number,Title,Institution,Journal,Application number,Scholar Link,Issue,Publisher,Authors,Description,Classified_Topic,Classification_Confidence
,,"Chemical characterization and cytotoxic activity evaluation of Lebanese propolis
H Noureddine, R Hage-Sleiman, B Wehbi… - Biomedicine & Pharmacotherapy, 2017
Cited by 57 Related articles All 9 versions",2017/11/1,95.0,https://www.academia.edu/download/86172342/j.biopha.2017.08.06720220519-1-3vvxz8.pdf,,,,298-307,"Plant protection, Pesticide formulation and residues, Analytical Chemistry, Pesticide degradation, LMRs",Cited by 57,Salem Hayar,,,Chemical characterization and cytotoxic activity evaluation of Lebanese propolis,,Biomedicine & Pharmacotherapy,,https://scholar.google.com/citations?view_op=view_citation&hl=en&user=k4E38NsAAAAJ&citation_for_view=k4E38NsAAAAJ:WF5omc3nYNoC,,Elsevier Masson,"Hiba Noureddine, Rouba Hage-Sleiman, Batoul Wehbi, Hussein Fayyad-Kazan, Salem Hayar, Mohamad Traboulssi, Osama A Alyamani, Wissam H Faour, Yolla ElMakhour","Chemical composition, anti-proliferative and proapoptotic activity as well as the effect of various fractions of Lebanese propolis on the cell cycle distribution were evaluated on Jurkat leukemic T-cells, glioblastoma U251 cells, and breast adenocarcinoma MDA-MB-231 cells using cytotoxic assays, flow cytometry as well as western blot analysis. Liquid chromatography-tandem mass spectrometry (LC–MS/MS) analysis revealed that ferulic acid, chrysin, pinocembrin, galangin are major constituents of the ethanolic crude extract of the Lebanese propolis, while the hexane fraction mostly contains chrysin, pinocembrin, galangin but at similar levels. Furthermore chemical analysis was performed using gas chromatography-mass spectrometry (GC–MS) to identify major compounds in the hexane fraction. Reduction of cell viability was observed in Jurkat cells exposed to the ethanolic crude extract and the hexane fraction …",plant protection,0.4
,,"Physico-chemical versus microbial release of 14C-atrazine bound residues from a loamy clay soil incubated in laboratory microcosms
S Hayar, C Munier-Lamy, T Chone, M Schiavon - Chemosphere, 1997
Cited by 26 Related articles All 11 versions",1997/6/1,34.0,,,,,2683-2697,"Plant protection, Pesticide formulation and residues, Analytical Chemistry, Pesticide degradation, LMRs",Cited by 26,Salem Hayar,,,Physico-chemical versus microbial release of 14C-atrazine bound residues from a loamy clay soil incubated in laboratory microcosms,,Chemosphere,,https://scholar.google.com/citations?view_op=view_citation&hl=en&user=k4E38NsAAAAJ&citation_for_view=k4E38NsAAAAJ:UeHWp8X0CEIC,12.0,Pergamon,"Salem Hayar, C Munier-Lamy, T Chone, Michel Schiavon","A loamy clay soil containing unextractable 14C-ring labeled atrazine residues was incubated in microcosms under abiotic and biotic conditions. The mineralization activity of the soil microflora was evaluated by the release of total CO2 and 14C02. After 63 days of sample incubation the total organic carbon mineralization was of 1.71%, that of 14C-residues was of 0.72% of the initial radioactivity. No direct relationship was established between the mineralization of atrazine residues and the global mineralization. The contribution of soil microorganisms in the release of 14C-residues was weak. The availability of non-extractable residues was mainly controlled by physico-chemical factors. The low value of the reextractability rate and the distribution of bound residues during the soil sample incubation shown the active role of organic matter in detoxification procedure. Ninety percent of the residues remained bound after …",pesticide formulation and residues,0.21
,,"Factors affecting quantitative and qualitative variation of thyme (Origanum syriacum L.) essential oil in Lebanon.
F Awada, A Kobaissi, A Chokr, K Hamze, S Hayar… - 2012
Cited by 24 Related articles All 2 versions",2012/7/11,6.0,,,,,1509-1514,"Plant protection, Pesticide formulation and residues, Analytical Chemistry, Pesticide degradation, LMRs",Cited by 24,Salem Hayar,,,Factors affecting quantitative and qualitative variation of thyme (Origanum syriacum L.) essential oil in Lebanon.,,,,https://scholar.google.com/citations?view_op=view_citation&hl=en&user=k4E38NsAAAAJ&citation_for_view=k4E38NsAAAAJ:W7OEmFMy1HYC,4.0,,"Fatima Awada, Ahmad Kobaissi, Ali Chokr, Kassem Hamze, Salem Hayar, Amina Mortada","The aim of this study was to determine the variation of quantity and quality of Origanum syriacum essential oil according to 3 parameters: Region, time of harvest (April, May, and June), and part of plant (upper half and lower half leaves or stem) as well as variation after applying different conditions before and after extraction by hydrodistillation as soaking and addition of sodium chloride respectively. The yield of essential oil increases with altitude and reaches its maximum in the upper part of plant at full blooming in June. The major constituents determined by GC/MS were mostly thymol and carvacrol that also vary with different parameters and reach their highest concentrations (80% in some regions) in June. Soaking and addition of NaCl increase the quantity of essential oil obtained considerably and have no effect on its quality.",plant protection,0.404
,,"Validation of a rapid multiresidue method for the determination of pesticide residues in vine leaves. Comparison of the results according to the different conservation methods
S Hayar, R Zeitoun, BM Maestroni - Molecules, 2021
Cited by 13 Related articles All 11 versions",2021/2/22,26.0,https://www.mdpi.com/1420-3049/26/4/1176,,,,1176,"Plant protection, Pesticide formulation and residues, Analytical Chemistry, Pesticide degradation, LMRs",Cited by 13,Salem Hayar,,,Validation of a rapid multiresidue method for the determination of pesticide residues in vine leaves. Comparison of the results according to the different conservation methods,,Molecules,,https://scholar.google.com/citations?view_op=view_citation&hl=en&user=k4E38NsAAAAJ&citation_for_view=k4E38NsAAAAJ:qjMakFHDy7sC,4.0,MDPI,"Salem Hayar, Rawan Zeitoun, Britt Marianna Maestroni","The QuEChERS method was applied to the determination of pesticide residues in vine (Vitis vinifera) leaves by LC-MSMS. The method was validated in-house for 33 pesticides representing 17 different chemical groups, that are most commonly used in grape production. Recoveries for the pesticides tested ranged from 75 to 104%, and repeatability and reproducibility relative standard deviations (RSDr% and RSDRw%) were less than 20%. The method was applied to the analysis of pesticide residues in 17 market brands of vine leaves processed according to three different preservation methods and sampled from the Lebanese market. Dried vine leaves were more contaminated with pesticide residues than those preserved in brine or stuffed vine leaves. The systemic fungicides were the most frequently detected among all the phytosanitary compounds usually applied to grape production. Brine-preserved and stuffed vine leaves contained lower concentrations of the residues but still contained a cocktail of different pesticides.",pesticide degradation,0.404
,,"Comparison of the efficacy of two insecticides for the management of Dactylopius opuntiae on prickly pear cactus in Lebanon and monitoring of the insecticides residues dissipation rates in fruits and cladodes
R Zeitoun, S Hayar, L Majed, K El-Omari, S Dousset - SN Applied Sciences, 2020
Cited by 9 Related articles All 4 versions",2020/1,2.0,https://link.springer.com/article/10.1007/s42452-019-1910-5,,,,1-16,"Plant protection, Pesticide formulation and residues, Analytical Chemistry, Pesticide degradation, LMRs",Cited by 9,Salem Hayar,,,Comparison of the efficacy of two insecticides for the management of Dactylopius opuntiae on prickly pear cactus in Lebanon and monitoring of the insecticides …,,SN Applied Sciences,,https://scholar.google.com/citations?view_op=view_citation&hl=en&user=k4E38NsAAAAJ&citation_for_view=k4E38NsAAAAJ:eQOLeE2rZwMC,,Springer International Publishing,"Rawan Zeitoun, Salem Hayar, Liliane Majed, Khaled El-Omari, Sylvie Dousset","Environmental conditions and availability of new cultivated areas of prickly pear cactus in Lebanon appeared lately to be favourable for the survival and development of D. opuntiae which has become highly noxious. To thwart use of random chemicals and broad spectrum pesticides by local farmers, efficacy of sulfoxaflor (Closer™ 240 SC, rate 0.179 kg a.i/ha) and diflubenzuron (Dimilin® 25 W, rate 0.329 kg a.i/ha) was compared. Individual insecticidal solutions of each applied alone or in mixing with mineral oil (spray oil 7E, rate 1.010 kg a.i/ha) on potted cladodes in laboratory conditions (T = 23 ± 4 °C, RH = 58–63%) showed a sharp decrease in the number of individuals within colonies 48 h after treatment especially among first- and second-instar larvae. Similarly, the same insecticidal solutions applied on separate plots in field conditions (T = 20–35 °C, RH = 55–75%) according to the Good …",plant protection,0.4
,,"Conventional vs. organic cucumber production in lebanon: Risk assessment of the recommended agrochemicals on consumer health and the environment
C Fahed, S Hayar - Chemistry Africa, 2021
Cited by 8 Related articles All 2 versions",2021/6,4.0,,,,,463-476,"Plant protection, Pesticide formulation and residues, Analytical Chemistry, Pesticide degradation, LMRs",Cited by 8,Salem Hayar,,,Conventional vs. organic cucumber production in lebanon: Risk assessment of the recommended agrochemicals on consumer health and the environment,,Chemistry Africa,,https://scholar.google.com/citations?view_op=view_citation&hl=en&user=k4E38NsAAAAJ&citation_for_view=k4E38NsAAAAJ:Tyk-4Ss8FVUC,2.0,Springer International Publishing,"Christina Fahed, Salem Hayar","This study aims to assess the risk of 49 pesticides and biopesticides recommended to be used on cucumbers in a field guide proposed by the Lebanese Ministry of Agriculture (MoA), on the consumer health and the environment. Three physico-chemical properties and 12 toxicological and ecotoxicological parameters found in PPDB and BPDB from the University of Hertfordshire-UK were analyzed. Our results showed that: (1) concerning the human health issues, 81.25% were possible teratogens and 31.25% were possible carcinogens and endocrine disruptors, (2) the insecticides chlorpyrifos and the pyrethroids such as deltamethrin, esfenvalerate and Lambda-cyhalothrin were found to bioaccumulate in tissues and were very persistent in soil and toxic to fishes and algae. In contrast, the bioinsecticides do not bioaccumulate, but they are toxic to fishes especially abamectin, milbemectin, azadirachtin A and …",plant protection,0.4
,,"The effects of formulation on imidacloprid dissipation in grapes and vine leaves and on required pre-harvest intervals under Lebanese climatic conditions
L Majed, S Hayar, R Zeitoun, BM Maestroni, S Dousset - Molecules, 2021
Cited by 5 Related articles All 13 versions",2021/12/31,27.0,https://www.mdpi.com/1420-3049/27/1/252,,,,252,"Plant protection, Pesticide formulation and residues, Analytical Chemistry, Pesticide degradation, LMRs",Cited by 5,Salem Hayar,,,The effects of formulation on imidacloprid dissipation in grapes and vine leaves and on required pre-harvest intervals under Lebanese climatic conditions,,Molecules,,https://scholar.google.com/citations?view_op=view_citation&hl=en&user=k4E38NsAAAAJ&citation_for_view=k4E38NsAAAAJ:_FxGoFyzp5QC,1.0,MDPI,"Liliane Majed, Salem Hayar, Rawan Zeitoun, Britt Marianna Maestroni, Sylvie Dousset","In this study, imidacloprid, a systemic insecticide, currently having a specified European Commission MRL value for vine leaves (2 mg kg−1), was applied on a Lebanese vineyard under different commercial formulations: as a soluble liquid (SL) and water dispersible granules (WDG). In Lebanon, many commercial formulations of imidacloprid are subject to the same critical good agricultural practice (cGAP). It was, therefore, important to verify the variability in dissipation patterns according to matrix nature and formulation type. Random samplings of grapes and vine leaves were performed starting at 2 days until 18 days after treatment. Residue extractions were performed according to the QuEChERS method and the analytical determination using liquid chromatography coupled to tandem mass spectrometry (LC-MS-MS). The SL formulation yielded significantly higher initial deposit than the WDG formulation on grapes and vine leaves. The formulation type did not significantly affect the dissipation rates; the estimated half-lives in grapes and vine leaves were 0.5 days for all imidacloprid formulations. No pre-harvest intervals were necessary on grapes. PHIs of 3.7 days for the SL formulation and 2.8 days for the WDG formulation were estimated on vine leaves. The results showed that the type of formulation and the morphological and physiological characteristics of the matrix had an effect on the initial deposits, and thus residue levels, but not on the dissipation patterns.",plant protection,0.4
,,"Selection of three indigenous Lebanese yeast Saccharomyces cerevisiae with physiological traits from grape varieties in western Semi-Desert and Pedoclimatic Conditions in the Bekaa Valley
F El Dana, S Hayar, MC Colosio - Fermentation, 2021
Cited by 4 Related articles All 8 versions",2021/11/26,7.0,https://www.mdpi.com/2311-5637/7/4/280,,,,280,"Plant protection, Pesticide formulation and residues, Analytical Chemistry, Pesticide degradation, LMRs",Cited by 4,Salem Hayar,,,Selection of Three Indigenous Lebanese Yeast Saccharomyces cerevisiae with Physiological Traits from Grape Varieties in Western Semi-Desert and Pedoclimatic …,,Fermentation,,https://scholar.google.com/citations?view_op=view_citation&hl=en&user=k4E38NsAAAAJ&citation_for_view=k4E38NsAAAAJ:zYLM7Y9cAGgC,4.0,MDPI,"Fatima El Dana, Salem Hayar, Marie-Charlotte Colosio","Wine production depends on the fermentation process performed by yeasts, especially (but not solely) strains of the species Saccharomyces cerevisiae, which is a technique that has been practiced from the Middle Ages till modern days. Selecting indigenous starters offers a beneficial technique to manage alcoholic grape juice fermentation, conserving the particular sensory qualities of wine produced from specific regions. This paper investigated yeast biodiversity of four grape varieties (Carignan, Syrah, Grenache, and Aswad Karesh) grown in the pedoclimatic western semi-desert Bekaa Valley. Further research identified, characterized, and selected strains with the most industrial wine interest and economic value to Lebanon. By using molecular methods and by the ITS PCR analysis, the isolates belonging to the Saccharomyces and non-Saccharomyces genus were identified. These isolates taken from four varieties were further characterized by amplification with Interdelta and δ12/δ21 primer pairs, permitting the identification of 96 S. cerevisiae strains. Forty-five genomically homogenous groups were classified through the comparison between their mtDNA RFLP patterns. Based on physiological characterization analysis (H2S and SO2 production, killer phenotype, sugar consumption, malic and acetic acid, etc.), three strains (NL28629, NL28649, and NL28652) showed interesting features, where they were also vigorously fermented in a synthetic medium. These strains can be used as a convenient starter for typical wine production. In particular, Carignan and Syrah had the highest percentage of strains with the most desirable physiological …",plant protection,0.4
,,"Effets d'amendements organiques et de deux pesticides sur le nombre de nematodes dans un sol agricole
S AWAD ESTEPHAN, S HUAYAR - Annales de recherche scientifique, 2003
Cited by 1 Related articles All 2 versions",2003,,,,,,101-110,"Plant protection, Pesticide formulation and residues, Analytical Chemistry, Pesticide degradation, LMRs",Cited by 1,Salem Hayar,,,Effets d'amendements organiques et de deux pesticides sur le nombre de nematodes dans un sol agricole,,Annales de recherche scientifique,,https://scholar.google.com/citations?view_op=view_citation&hl=en&user=k4E38NsAAAAJ&citation_for_view=k4E38NsAAAAJ:ufrVoPGSRksC,4.0,,"S AWAD ESTEPHAN, S HUAYAR","EFFETS D'AMENDEMENTS ORGANIQUES ET DE DEUX PESTICIDES SUR LE NOMBRE DE NÉMATODES DANS UN SOL AGRICOLE CNRS Inist Pascal-Francis CNRS Pascal and Francis Bibliographic Databases Simple search Advanced search Search by classification Search by vocabulary My Account Home > Search results Help Export Export Selection : Selected items (1) Format : Permanent link CopyPermanent link Copy http://pascal-francis.inist.fr/vibad/index.php?action=getRecordDetail&idt=22702825 EFFETS D'AMENDEMENTS ORGANIQUES ET DE DEUX PESTICIDES SUR LE NOMBRE DE NÉMATODES DANS UN SOL AGRICOLE Author AWAD ESTEPHAN, S 1 ; HUAYAR, S 1 [1] Université Saint Esprit de Kaslik, Faculté des Sciences Agronomiques, Lebanon Source Annales de recherche scientifique. 2003, Num 4, pp 101-110, 10 p ; ref : 3/4 p ISSN 1992-2191 Scientific domain Agronomy, …",plant protection,0.4
,,"Bioprotection with Saccharomyces cerevisiae: A Promising Strategy
F El Dana, V David, R Tourdot-Maréchal, S Hayar… - Microorganisms, 2025
Related articles",2025/5/20,13.0,https://www.mdpi.com/2076-2607/13/5/1163,,,,1163,"Plant protection, Pesticide formulation and residues, Analytical Chemistry, Pesticide degradation, LMRs",,Salem Hayar,,,Bioprotection with Saccharomyces cerevisiae: A Promising Strategy,,Microorganisms,,https://scholar.google.com/citations?view_op=view_citation&hl=en&user=k4E38NsAAAAJ&citation_for_view=k4E38NsAAAAJ:Se3iqnhoufwC,5.0,MDPI,"Fatima El Dana, Vanessa David, Raphaëlle Tourdot-Maréchal, Salem Hayar, Marie-Charlotte Colosio, Hervé Alexandre","Bioprotection in winemaking refers to the use of naturally occurring microorganisms—mainly non-Saccharomyces yeasts—to inhibit the growth of spoilage microbes and reduce the need for chemical preservatives like sulfur dioxide (SO2). Numerous studies have demonstrated the benefits of non-Saccharomyces as bioprotectants. However, the use of Saccharomyces cerevisiae as a bioprotectant has been studied very little. Furthermore, it can offer many advantages for the production of sulfite-free wines. To test if S. cerevisiae could be used in bioprotection, we compared the ability of different strains to inhibit the growth of Brettanomyces bruxellensis and Hanseniaspora uvarum. Among the strains tested, the S. cerevisiae Sc54 strain isolated from the vineyard of the Bekaa plain was selected. To investigate its mechanisms of action, we analyzed its metabolite production, including acetic acid and ethanol. Taking into account the low levels of these metabolites and the lack of similar inhibition patterns in media supplemented with acetic acid and ethanol, it appears that other factors contribute to its antagonistic properties. Nutrient competition was ruled out as a factor, as the growth inhibition of B. bruxellensis and H. uvarum occurred rapidly within the first 24 h of co-culture. In this study, we explored the role of the S. cerevisiae killer toxin (Sc54Kt) as a bioprotective agent against H. uvarum and B. bruxellensis spoilage yeasts. Purification procedures with ethanol allowed the extraction of Sc54Kt, yielding two concentrations (0.185 and 0.5 mg/mL). Remarkably, semi-purified Sc54Kt exhibited inhibitory effects at both concentrations under winemaking …",plant protection,0.4
,,"Metschnikowia pulcherrima and Lachancea thermotolerans Killer Toxins: Contribution to Must Bioprotection
F El Dana, V David, MA Hallal, R Tourdot-Maréchal… - Foods, 2025
Related articles All 5 versions",2025/4/23,14.0,https://www.mdpi.com/2304-8158/14/9/1462,,,,1462,"Plant protection, Pesticide formulation and residues, Analytical Chemistry, Pesticide degradation, LMRs",,Salem Hayar,,,Metschnikowia pulcherrima and Lachancea thermotolerans Killer Toxins: Contribution to Must Bioprotection,,Foods,,https://scholar.google.com/citations?view_op=view_citation&hl=en&user=k4E38NsAAAAJ&citation_for_view=k4E38NsAAAAJ:roLk4NBRz8UC,9.0,MDPI,"Fatima El Dana, Vanessa David, Mohammad Ali Hallal, Raphaëlle Tourdot-Maréchal, Salem Hayar, Marie-Charlotte Colosio, Hervé Alexandre","The spoilage of wine caused by Brettanomyces bruxellensis and Hanseniaspora uvarum poses a significant challenge for winemakers, necessitating the development of effective and reliable strategies to control the growth of these yeasts, such as grape must bioprotection. Despite evidence that certain microorganisms can inhibit the growth of Brettanomyces bruxellensis and Hanseniaspora uvarum, the specific mechanisms driving this inhibition remain unclear. The primary objective of this study is to elucidate the underlying mechanisms responsible for this inhibitory effect. We analyzed one Metschnikowia pulcherrima (Mp2) and two Lachancea thermotolerans (Lt29 and Lt45) strains, all of which demonstrated significant killing and inhibitory effects on Brettanomyces bruxellensis (B1 and B250) and Hanseniaspora uvarum (Hu3137) in synthetic must at pH 3.5 and 22 °C. The effectiveness of these two strains exhibited varying inhibition kinetics. The strains were monitored for growth and metabolite production (L-lactic acid, ethanol, and acetic acid) in both single and co-cultures. The low levels of these metabolites did not account for the observed bioprotective effect, indicating a different mechanism at play, especially given the different growth profiles observed with added L-lactic acid and ethanol compared to direct bioprotectant addition. Following the production, purification, and quantification of killer toxins, different concentrations of toxins were tested, showing that the semi-purified Mp2Kt, Lt29Kt, and Lt45Kt toxins controlled the growth of both spoilage yeasts in a dose-dependent manner. These bioprotectant strains also showed compatibility …",plant protection,0.4
,,"Effect of vine leaves processing on Azoxystrobin, Fenazaquin and Indoxacarb residues dissipation: processing factors and consumer safety assessment
L Majed, S Hayar, S Dousset, BM Maestroni… - Food Chemistry, 2024
Related articles All 5 versions",2024/7/30,447.0,https://papers.ssrn.com/sol3/Delivery.cfm?abstractid=4613558,,,,139065,"Plant protection, Pesticide formulation and residues, Analytical Chemistry, Pesticide degradation, LMRs",,Salem Hayar,,,"Effect of vine leaves processing on Azoxystrobin, Fenazaquin and Indoxacarb residues dissipation: processing factors and consumer safety assessment",,Food Chemistry,,https://scholar.google.com/citations?view_op=view_citation&hl=en&user=k4E38NsAAAAJ&citation_for_view=k4E38NsAAAAJ:LkGwnXOMwfcC,,Elsevier,"Liliane Majed, Salem Hayar, Sylvie Dousset, Britt Marianna Maestroni, Khaled El Omari","The effect of vine leaves processing techniques on Azoxystrobin, Fenazaquin, and Indoxacarb residues was investigated. Residue extraction following field application of pesticides and leaf processing was carried out using the QuEChERS method, with analysis conducted by LC-MS/MS. In dry conservation, Azoxystrobin's half-life was estimated to exceed a year, Fenazaquin's was 18 days, and Indoxacarb's was 142 days. Azoxystrobin had a half-life of 261 days, Fenazaquin had a half-life of 9 days, and Indoxacarb's half-life exceeded a year in brine conservation. It is recommended to use dry conservation because it results in an average 60 % reduction in residue levels for the three pesticides. Boiling water significantly reduced pesticide residues (Azoxystrobin −40.3 %, Indoxacarb –22.4 %, and Fenazaquin −28.8 %). It is recommended to use boiling water for washing, as it shows an average removal rate of …",pesticide degradation,0.405
,,"Chemical characterization and cytotoxic activity evaluation of Lebanese propolis
WH Faour, H Noureiddine, R Hage-Sleiman, B Wehbi… - 2017
Related articles",2017,,,,,,,"Plant protection, Pesticide formulation and residues, Analytical Chemistry, Pesticide degradation, LMRs",,Salem Hayar,,,Chemical characterization and cytotoxic activity evaluation of Lebanese propolis,,,,https://scholar.google.com/citations?view_op=view_citation&hl=en&user=k4E38NsAAAAJ&citation_for_view=k4E38NsAAAAJ:IjCSPb-OGe4C,,,"Wissam H Faour, Hiba Noureiddine, Rouba Hage-Sleiman, Batoul Wehbi, Hussein Fayyad-Kazan, Salem Hayar, Mohamad Traboulsi, Osama A Alyamani, Yolla ElMakhour","Chemical composition, anti-proliferative and proapoptotic activity as well as the effect of various fractions of Lebanese propolis on the cell cycle distribution were evaluated on Jurkat leukemic T-cells, glioblastoma U251 cells, and breast adenocarcinoma MDA-MB-231 cells using cytotoxic assays, flow cytometry as well as western blot analysis. Liquid chromatography-tandem mass spectrometry (LC–MS/MS) analysis revealed that ferulic acid, chrysin, pinocembrin, galangin are major constituents of the ethanolic crude extract of the Lebanese propolis, while the hexane fraction mostly contains chrysin, pinocembrin, galangin but at similar levels. Furthermore chemical analysis was performed using gas chromatography-mass spectrometry (GC–MS) to identify major compounds in the hexane fraction. Reduction of cell viability was observed in Jurkat cells exposed to the ethanolic crude extract and the hexane fraction, while viability of U251 and MDA-MB-231 cells was only affected upon exposure to the hexane fraction; the other fractions (aqueous phase, methylene chloride, and ethyl acetate) were without effect. Maximum toxic effect was obtained when Jurkat cells were cultivated with 90 μg/ml of both the crude extract and hexane faction. Toxicity started early after 24 h of incubation and remained till 72 h. Interestingly, the decrease in cell viability was accompanied by a significant increase in p53 protein expression levels and PARP cleavage. Cell cycle distribution showed an increase in the SubG0 fraction in Jurkat, U251 and MDA-MB-231 cells after 24 h incubation with the hexane fraction. This increase in SubG0 was further investigated in Jurkat …",plant protection,0.4
,,"Influence d'un inoculum fongique, d'amendements organiques et minéraux sur la dégradation de l'atrazine: cas d'un sol présentant une microflore autochtone adaptée ou une faillibilité microbienne
S Hayar - 1999
Related articles",1999/1/1,,,,,,,"Plant protection, Pesticide formulation and residues, Analytical Chemistry, Pesticide degradation, LMRs",,Salem Hayar,,,"Influence d'un inoculum fongique, d'amendements organiques et minéraux sur la dégradation de l'atrazine: cas d'un sol présentant une microflore autochtone adaptée ou une …",Université Joseph Fourier (Grenoble; 1971-2015),,,https://scholar.google.com/citations?view_op=view_citation&hl=en&user=k4E38NsAAAAJ&citation_for_view=k4E38NsAAAAJ:YsMSGLbcyi4C,,,Salem Hayar,,plant protection,0.4
