Book,Conference,Scholar articles,Publication date,Volume,PDF Link,Patent office,Report number,Source,Pages,Research Interests,Total citations,Researcher Name,Inventors,Patent number,Title,Institution,Journal,Application number,Scholar Link,Issue,Publisher,Authors,Description
,,"Thiotolerant Ir/SiO2–Al2O3 bifunctional catalysts: Effect of metal–acid site balance on tetralin hydroconversion
S Nassreddine, L Massin, M Aouine, C Geantet… - Journal of Catalysis, 2011
Cited by 79 Related articles All 6 versions",2011/3/7,278,,,,,253-265,Chemical Reactor Modeling & Design - Applied Heterogeneous Catalysis - Petroleum Processing - Biofuels Production,Cited by 79,"Salim Nassreddine, Professor",,,Thiotolerant Ir/SiO2–Al2O3 bifunctional catalysts: Effect of metal–acid site balance on tetralin hydroconversion,,Journal of Catalysis,,https://scholar.google.com/citations?view_op=view_citation&hl=en&user=HjgvKN0AAAAJ&citation_for_view=HjgvKN0AAAAJ:u5HHmVD_uO8C,2,Academic Press,"Salim Nassreddine, Laurence Massin, Mimoun Aouine, Christophe Geantet, Laurent Piccolo","The hydroconversion of tetralin over iridium nanoparticles supported on amorphous silica–alumina (ASA) has been investigated in a continuous high-pressure gas-phase micro-reactor in the presence of H2S. In order to tune the Ir particle size, the bifunctional Ir/ASA catalysts have been submitted to sintering treatments. The samples have been characterized by HRTEM and XPS. From careful analysis of tetralin conversion products by comprehensive two-dimensional gas chromatography (GC×GC–MS) and NMR, compound families have been unambiguously distinguished. Hydrogenation, dehydrogenation, (saturated and aromatic) ring-contraction products, and (saturated and aromatic) one-ring-opening products are formed, without significant cracking. The catalysts exhibit stable activity in the presence of sulfur. As the mean particle size increases from 1.5 to 8nm, the ring-opening/contraction selectivity increases …"
,,"Nanoalloying effect in the preferential oxidation of CO over Ir–Pd catalysts
F Morfin, S Nassreddine, JL Rousset, L Piccolo - Acs Catalysis, 2012
Cited by 51 Related articles All 4 versions",2012/10/5,2,,,,,2161-2168,Chemical Reactor Modeling & Design - Applied Heterogeneous Catalysis - Petroleum Processing - Biofuels Production,Cited by 51,"Salim Nassreddine, Professor",,,Nanoalloying effect in the preferential oxidation of CO over Ir–Pd catalysts,,Acs Catalysis,,https://scholar.google.com/citations?view_op=view_citation&hl=en&user=HjgvKN0AAAAJ&citation_for_view=HjgvKN0AAAAJ:IjCSPb-OGe4C,10,American Chemical Society,"F Morfin, S Nassreddine, JL Rousset, L Piccolo","H2-free CO oxidation and preferential CO oxidation in the presence of H2 (PROX) have been studied on Ir100–xPdx nanoalloys (x = 0, 11, 45, 89, and 100) supported on alumina or amorphous silica–alumina. The catalysts were prepared by impregnation of acetylacetonates and characterized by transmission electron microscopy, energy-dispersive X-ray spectroscopy, and X-ray photoelectron spectroscopy. It is shown that, depending on the temperature conditions, Ir-rich catalysts undergo oxidation or reduction, leading to complex reaction kinetics upon heating or cooling. The surface acidity of the support does not significantly affect the CO oxidation performances, but decreases the CO PROX activity due to the probable promoting role of basic OH groups in this reaction. In addition, although the H2-free CO oxidation and the PROX turnover frequencies increase with the Pd content, the CO2 selectivity of Ir100–xPd …"
,,"Supported Ir–Pd nanoalloys: Size–composition correlation and consequences on tetralin hydroconversion properties
L Piccolo, S Nassreddine, M Aouine, C Ulhaq… - Journal of Catalysis, 2012
Cited by 49 Related articles All 6 versions",2012/8/1,292,,,,,173-180,Chemical Reactor Modeling & Design - Applied Heterogeneous Catalysis - Petroleum Processing - Biofuels Production,Cited by 49,"Salim Nassreddine, Professor",,,Supported Ir–Pd nanoalloys: Size–composition correlation and consequences on tetralin hydroconversion properties,,Journal of Catalysis,,https://scholar.google.com/citations?view_op=view_citation&hl=en&user=HjgvKN0AAAAJ&citation_for_view=HjgvKN0AAAAJ:2osOgNQ5qMEC,,Academic Press,"Laurent Piccolo, Salim Nassreddine, Mimoun Aouine, Corinne Ulhaq, Christophe Geantet","A series of Ir–Pd/SiO2–Al2O3 catalysts has been prepared by incipient wetness co-impregnation of acetylacetonate precursors and treated by reductive thermal decomposition. The decomposition has been followed by combined thermogravimetry, differential thermal analysis, and mass spectrometry, showing a marked difference between the bimetallic and monometallic cases. The catalysts characterization by transmission electron microscopy and single-nanoparticle energy dispersive X-ray spectroscopy reveals that the particles are bimetallic and exhibit a size–composition correlation. More generally, the enrichment of larger particles with the less cohesive element (Pd in the present case) via Ostwald ripening is here claimed to be inherent to the thermal activation treatments used in the preparation of bimetallic catalysts. The catalysts have been tested in the hydroconversion of tetralin, which is considered as a …"
,,"Transesterification of a vegetal oil with methanol catalyzed by a silica fibre reinforced aerogel encapsulated lipase
S Nassreddine, A Karout, ML Christ, AC Pierre - Applied Catalysis A: General, 2008
Cited by 48 Related articles All 4 versions",2008/7/15,344,,,,,70-77,Chemical Reactor Modeling & Design - Applied Heterogeneous Catalysis - Petroleum Processing - Biofuels Production,Cited by 48,"Salim Nassreddine, Professor",,,Transesterification of a vegetal oil with methanol catalyzed by a silica fibre reinforced aerogel encapsulated lipase,,Applied Catalysis A: General,,https://scholar.google.com/citations?view_op=view_citation&hl=en&user=HjgvKN0AAAAJ&citation_for_view=HjgvKN0AAAAJ:u-x6o8ySG0sC,1-2,Elsevier,"Salim Nassreddine, Ali Karout, M Lorraine Christ, Alain C Pierre","A commercial lipase solution from Candida antartica, Lipozyme®, was encapsulated in silica aerogels reinforced with silica quartz fibre felt. This biocatalyst was applied in biodiesel synthesis by direct transesterification of sunflower seed oil with methanol, without any other solvent. With a molar ratio of methanol to oil of 1, the encapsulated enzyme achieved ∼90% methanol conversion after ∼50h at 40°C. The recycling activity increased by ∼40% after the first test, then it slowly decreased in further tests to reach an activity still 20% higher than initially, during the fifth test. Textural and structural analysis of the aerogels before and after catalytic tests showed that this improvement was associated with a modification of the liquid medium inside the aerogel, by preferential adsorption of glycerol. The aerogel samples were also compared to a commercial CALB product immobilized on polymer beads with a different …"
,,"Thiotolerant Ir/SiO 2–Al 2 O 3 bifunctional catalysts: effect of support acidity on tetralin hydroconversion
S Nassreddine, S Casu, JL Zotin, C Geantet, L Piccolo - Catalysis Science & Technology, 2011
Cited by 39 Related articles All 4 versions",2011,1,https://citeseerx.ist.psu.edu/document?repid=rep1&type=pdf&doi=934a60f76dd6fdfc91d8290e9b99f79066684afd,,,,408-412,Chemical Reactor Modeling & Design - Applied Heterogeneous Catalysis - Petroleum Processing - Biofuels Production,Cited by 39,"Salim Nassreddine, Professor",,,Thiotolerant Ir/SiO 2–Al 2 O 3 bifunctional catalysts: effect of support acidity on tetralin hydroconversion,,Catalysis Science & Technology,,https://scholar.google.com/citations?view_op=view_citation&hl=en&user=HjgvKN0AAAAJ&citation_for_view=HjgvKN0AAAAJ:9yKSN-GCB0IC,3,Royal Society of Chemistry,"Salim Nassreddine, Santiago Casu, Jose Luiz Zotin, Christophe Geantet, Laurent Piccolo","Tetralin hydroconversion over supported iridium catalysts has been investigated under a pressure of 4 MPa in the presence of H2S in a continuous high-pressure gas-phase microreactor. Decalin, naphthalene, ring-contraction bicyclic products and one-ring-opening products are formed. A screening of silica, alumina and amorphous silica–alumina (ASA) supports demonstrates that only ASA provides thiotolerance and ring opening/contraction selectivity to iridium nanoparticles. By testing Ir/ASA catalysts with various silica–alumina ratios but similar Ir particle size (1.5 nm), it is shown that the intermediate concentration of silica (40 wt%) leads to the highest activity and selectivity, in correlation to the Brönsted acidity measured by infrared spectroscopy of adsorbed pyridine."
,,"Operando study of iridium acetylacetonate decomposition on amorphous silica–alumina for bifunctional catalyst preparation
S Nassreddine, G Bergeret, B Jouguet, C Geantet… - Physical Chemistry Chemical Physics, 2010
Cited by 34 Related articles All 9 versions",2010,12,https://citeseerx.ist.psu.edu/document?repid=rep1&type=pdf&doi=e1672d4bc2da8c13454ca406054cb870676c0aa6,,,,7812-7820,Chemical Reactor Modeling & Design - Applied Heterogeneous Catalysis - Petroleum Processing - Biofuels Production,Cited by 34,"Salim Nassreddine, Professor",,,Operando study of iridium acetylacetonate decomposition on amorphous silica–alumina for bifunctional catalyst preparation,,Physical Chemistry Chemical Physics,,https://scholar.google.com/citations?view_op=view_citation&hl=en&user=HjgvKN0AAAAJ&citation_for_view=HjgvKN0AAAAJ:d1gkVwhDpl0C,28,Royal Society of Chemistry,"Salim Nassreddine, Gérard Bergeret, Bernadette Jouguet, Christophe Geantet, Laurent Piccolo","The decomposition of iridium acetylacetonate Ir(acac)3 impregnated on amorphous silica–alumina (ASA) has been investigated by combined thermogravimetry-differential thermal analysis-mass spectrometry (TG-DTA-MS) and by in situ X-ray diffraction (XRD). The resulting Ir/ASA hydrotreating catalysts have also been characterized by transmission electron microscopy (TEM). The effects of heating treatments under oxidative, reductive or inert gas flows are compared with each other and with similar experiments on ASA-supported acetylacetone (acacH). It is shown that Ir(acac)3 undergoes exothermic combustion during calcination in air, leading to agglomerated IrO2 particles. Conversely, direct reduction involves hydrogenolysis of the acac followed by hydrogenation of the ligand residues to alkanes and water. These two processes are catalyzed by Ir clusters, the gradual growth of which is followed in situ by XRD …"
,,"Mechanism of Tetralin Ring Opening and Contraction over Bifunctional Ir/SiO2‐Al2O3 Catalysts
L Piccolo, S Nassreddine, G Toussaint, C Geantet - ChemSusChem, 2012
Cited by 29 Related articles All 6 versions",2012/9,5,,,,,1717-1723,Chemical Reactor Modeling & Design - Applied Heterogeneous Catalysis - Petroleum Processing - Biofuels Production,Cited by 29,"Salim Nassreddine, Professor",,,Mechanism of Tetralin Ring Opening and Contraction over Bifunctional Ir/SiO2‐Al2O3 Catalysts,,ChemSusChem,,https://scholar.google.com/citations?view_op=view_citation&hl=en&user=HjgvKN0AAAAJ&citation_for_view=HjgvKN0AAAAJ:zYLM7Y9cAGgC,9,WILEY‐VCH Verlag,"Laurent Piccolo, Salim Nassreddine, Guy Toussaint, Christophe Geantet","The development of cleaner fuels from conventional resources requires the finding of new hydrotreatment processes able to improve the combustion performances of fuels and limit undesirable emissions. In the context of gas oil upgrading by selective ring opening, we have investigated the hydroconversion of tetralin over iridium nanoparticles supported on amorphous silica–alumina. The conversion of tetralin leads to hydrogenation, ring‐contraction, and ring‐opening products. The selectivity to ring‐opening/‐contraction products (ROCPs) increases linearly with the acid–metal site ratio and can be tuned by modifying the metal loading, the metal nanoparticle size, or the support composition. From the combination of catalytic tests at variable conversion and the products identification by two‐dimensional gas chromatography, a mechanistic reaction scheme has been established. Aromatic ROCPs are formed …"
,,"Outstanding activity of a biodiesel coated K2O/fumed silica catalyst in the transesterification reaction
N Ishak, J Estephane, E Dahdah, LM Chalouhi… - Journal of Environmental Chemical Engineering, 2021
Cited by 19 Related articles All 3 versions",2021/2/1,9,,,,,104665,Chemical Reactor Modeling & Design - Applied Heterogeneous Catalysis - Petroleum Processing - Biofuels Production,Cited by 19,"Salim Nassreddine, Professor",,,Outstanding activity of a biodiesel coated K2O/fumed silica catalyst in the transesterification reaction,,Journal of Environmental Chemical Engineering,,https://scholar.google.com/citations?view_op=view_citation&hl=en&user=HjgvKN0AAAAJ&citation_for_view=HjgvKN0AAAAJ:hqOjcs7Dif8C,1,Elsevier,"Nijad Ishak, Jane Estephane, Eliane Dahdah, Lena Moussa Chalouhi, Salim Nassreddine, Bilal El Khoury, Samer Aouad","In this study, several KOH loadings (10, 20, and 30 wt %) were impregnated on fumed silica (FS) using the wet impregnation method followed by calcination at 500 °C for 3 h. The catalysts were characterized by N2 adsorption-desorption, X-ray diffraction (XRD), and Fourier Transform Infrared Spectroscopy (FTIR) techniques. Catalysts were tested in the transesterification of sunflower oil. The catalyst with a 30 wt % loading of KOH (30KOH/FS) showed the best catalytic performance by exhibiting the highest FAME yield. Optimum conditions for biodiesel production over this catalyst were, a reaction time of 4 h at 60 °C, a catalyst to oil ratio of 10 wt % and a methanol to oil molar ratio of 12:1 giving a final FAME yield of 99.9 %. The reusability study revealed a slight deactivation after 3 consecutive runs, attributed to the adsorption of hydrocarbons on the active sites. A breakthrough was achieved when the catalyst was …"
,,"Surface study of the hydrogen-free or preferential oxidation of CO: Iridium vs. platinum
L Piccolo, S Nassreddine, F Morfin - Catalysis Today, 2012
Cited by 19 Related articles All 4 versions",2012/7/30,189,,,,,42-48,Chemical Reactor Modeling & Design - Applied Heterogeneous Catalysis - Petroleum Processing - Biofuels Production,Cited by 19,"Salim Nassreddine, Professor",,,Surface study of the hydrogen-free or preferential oxidation of CO: Iridium vs. platinum,,Catalysis Today,,https://scholar.google.com/citations?view_op=view_citation&hl=en&user=HjgvKN0AAAAJ&citation_for_view=HjgvKN0AAAAJ:UeHWp8X0CEIC,1,Elsevier,"Laurent Piccolo, Salim Nassreddine, Franck Morfin","CO oxidation in the absence or presence of hydrogen has been investigated in the 0.4–15kPa range over Ir(111), Ir(112), Pt(111) and Pt(112) single-crystal surfaces. Iridium appears more active than platinum in CO oxidation, and more active and selective than platinum in preferential CO oxidation in the presence of hydrogen (PROX), both under stoichiometric and oxygen-rich CO:O2 conditions. Stepped surfaces are more active than flat surfaces. These results are not consistent with a CO-blocking model if only adsorption energies of pure CO are taken into account. A beneficial effect of a small amount of hydrogen on CO oxidation over Pt and Ir surfaces has been evidenced under specific conditions. Experiments on Pt(111) show that it is not related to water formation and does not originate from an irreversible H2-induced surface restructuring."
,,"Discussion on"" A comprehensive two-dimensional gas chromatography coupled with quadrupole mass spectrometry approach for identification of C10 derivatives from decalin"" by C. Flego, N. Gigantiello, WO Parker, Jr., V. Calemma [J. Chromatogr. A 1216 (2009) 2891].
L Piccolo, S Nassreddine, G Toussaint, C Geantet - Journal of chromatography. A, 2010
Cited by 16 Related articles All 5 versions",2010/7/21,1217,,,,,5872-5873,Chemical Reactor Modeling & Design - Applied Heterogeneous Catalysis - Petroleum Processing - Biofuels Production,Cited by 16,"Salim Nassreddine, Professor",,,"Discussion on"" A comprehensive two-dimensional gas chromatography coupled with quadrupole mass spectrometry approach for identification of C10 derivatives from decalin"" by C …",,Journal of chromatography. A,,https://scholar.google.com/citations?view_op=view_citation&hl=en&user=HjgvKN0AAAAJ&citation_for_view=HjgvKN0AAAAJ:qjMakFHDy7sC,37,,"Laurent Piccolo, Salim Nassreddine, Guy Toussaint, Christophe Geantet","This is a comment on"" A comprehensive two-dimensional gas chromatography coupled with quadrupole mass spectrometry approach for identification of C10 derivatives from decalin."" J Chromatogr A. 2009 Apr 3; 1216 (14): 2891-9."
,,"Application of a sensitive catalytic reactor to the study of CO oxidation over SrTiO3 (100) and BaTiO3/SrTiO3 (100) ferroelectric surfaces
S Nassreddine, F Morfin, G Niu, B Vilquin, F Gaillard… - Surface and Interface Analysis, 2014
Cited by 10 Related articles All 5 versions",2014/10,46,https://www.academia.edu/download/99645330/sia.539120230309-1-bqslmr.pdf,,,,721-725,Chemical Reactor Modeling & Design - Applied Heterogeneous Catalysis - Petroleum Processing - Biofuels Production,Cited by 10,"Salim Nassreddine, Professor",,,Application of a sensitive catalytic reactor to the study of CO oxidation over SrTiO3(100) and BaTiO3/SrTiO3(100) ferroelectric surfaces,,Surface and Interface Analysis,,https://scholar.google.com/citations?view_op=view_citation&hl=en&user=HjgvKN0AAAAJ&citation_for_view=HjgvKN0AAAAJ:ufrVoPGSRksC,10-11,,"Salim Nassreddine, Franck Morfin, Gang Niu, Bertrand Vilquin, François Gaillard, Laurent Piccolo","The use of ferroelectric materials as adsorbents or catalysts could be a promising way to control surface chemical reactions by tuning the ferroelectric polarization. In this context, the oxidation of carbon monoxide over well‐defined SrTiO3(100) and BaTiO3/SrTiO3(100) perovskite surfaces was investigated under stoichiometric gas‐phase conditions at a total pressure of 3 Torr, in the 100–300 °C temperature range. To this aim, an ultrahigh vacuum‐compatible reactor equipped with external laser heating, and specially designed to detect small yields of gaseous products by mass spectrometry, was used. Prior to the catalytic tests, with the help of Auger electron spectroscopy, a sample cleaning procedure under low oxygen pressure was established in order to remove carbon impurities. The as‐prepared surfaces appear poorly active in CO oxidation, but their activity increases if a high‐temperature pre‐annealing …"
,,"Impact of moisture on the corrosion behavior of copper and mild carbon steel in corn biodiesel
DL Cursaru, S Nassreddine, B Riachi, M Neagu… - Corrosion Reviews, 2018
Cited by 8 Related articles All 5 versions",2018/12/1,36,https://www.academia.edu/download/110302965/corrrev-2018-001520240111-1-mez5uj.pdf,,,,559-574,Chemical Reactor Modeling & Design - Applied Heterogeneous Catalysis - Petroleum Processing - Biofuels Production,Cited by 8,"Salim Nassreddine, Professor",,,Impact of moisture on the corrosion behavior of copper and mild carbon steel in corn biodiesel,,Corrosion Reviews,,https://scholar.google.com/citations?view_op=view_citation&hl=en&user=HjgvKN0AAAAJ&citation_for_view=HjgvKN0AAAAJ:Se3iqnhoufwC,6,De Gruyter,"Diana-Luciana Cursaru, Salim Nassreddine, Bassam Riachi, Mihaela Neagu, Sonia Mihai, Dănuţa Matei, Gheorghe Brănoiu","Presence of moisture is very important for vegetable oils and for corresponding biodiesel because it may cause some problems or accelerate some issues that cannot be ignored. One of the main hindrances of biodiesel is its hygroscopic nature, which accelerates the corrosion of the fuel system of the engines. Thus, this study aims to investigate the effects of moisture on corn biodiesel and its susceptibility to corrosion on different automotive materials such as copper and mild carbon steel. Static immersion tests in corn biodiesel (B100) with different water concentrations (100 ppm, 500 ppm, and 700 ppm) were carried out at 90 C for 1200 h, and the results were compared to that of commercial diesel fuel (B0). After immersion tests, the surface morphology was studied by scanning electron microscopy (SEM), and corrosion products were detected by X-ray diffraction (XRD). The total acid number (TAN) was used to …"
,,"Sustainable Emulsified Acid Treatments for Enhanced Oil Recovery in Injection Wells: A Case Study in the Qusahwira Field
C Ramy, RG Ripeanu, S Nassreddine, M Tănase… - Sustainability, 2025
Cited by 2 Related articles All 4 versions",2025/1/22,17,https://www.mdpi.com/2071-1050/17/3/856,,,,856,Chemical Reactor Modeling & Design - Applied Heterogeneous Catalysis - Petroleum Processing - Biofuels Production,Cited by 2,"Salim Nassreddine, Professor",,,Sustainable Emulsified Acid Treatments for Enhanced Oil Recovery in Injection Wells: A Case Study in the Qusahwira Field,,Sustainability,,https://scholar.google.com/citations?view_op=view_citation&hl=en&user=HjgvKN0AAAAJ&citation_for_view=HjgvKN0AAAAJ:KlAtU1dfN6UC,3,MDPI,"Charbel Ramy, Razvan George Ripeanu, Salim Nassreddine, Maria Tănase, Elias Youssef Zouein, Alin Diniță, Constantin Cristian Muresan","Emulsified acid treatments present an innovative and environmentally sustainable alternative to conventional hydrochloric acid (HCl) methods in enhancing oil recovery. This study investigates the application of a stable emulsified acid formulation in matrix acidizing operations to improve injectivity in four wells within the Qusahwira Field. Compared to traditional 15% HCl treatments, the emulsified acid demonstrates deeper acid penetration and retardation effect leading to enhanced injection rate. By delivering deep worm holing effects against calcium carbonate formation, this dual-phase system enhances injectivity by 14 times while minimizing the environmental and material impacts associated with spent acid volumes. The methodology integrates advanced neural network modeling to predict stimulation outcomes based on 15 operational and reservoir factors. This model reduces the trial-and-error approach, cutting operational costs and time for carbonate reservoir. Field trials reveal significant improvements in injection pressure and a marked reduction in circulation pressure during stimulation, underscoring the treatment’s efficiency. Developed in a Superior Abu Dhabi laboratory, the emulsified acid achieves high-temperature stability (200 °F) and deep acid penetration, further reducing the ecological footprint of acid stimulation by enhancing operational precision and reducing chemical use. This paper highlights a sustainable approach to optimizing reservoir productivity, aligning with global efforts to minimize environmental impacts in oil recovery processes."
,,"A study on oxidation stability improvement of a palm oil‐derived biodiesel by a synthetic antioxidant
N Ishak, M Msheik, DL Cursaru, B Riachi… - Environmental Progress & Sustainable Energy, 2023
Cited by 1 Related articles All 3 versions",2023/7,42,,,,,e14109,Chemical Reactor Modeling & Design - Applied Heterogeneous Catalysis - Petroleum Processing - Biofuels Production,Cited by 1,"Salim Nassreddine, Professor",,,A study on oxidation stability improvement of a palm oil‐derived biodiesel by a synthetic antioxidant,,Environmental Progress & Sustainable Energy,,https://scholar.google.com/citations?view_op=view_citation&hl=en&user=HjgvKN0AAAAJ&citation_for_view=HjgvKN0AAAAJ:kNdYIx-mwKoC,4,"John Wiley & Sons, Inc.","Nijad Ishak, Malek Msheik, Diana‐Luciana Cursaru, Bassam Riachi, Salim Nassreddine","Biodiesel, an alternative for conventional diesel, can be produced from renewable resources such as vegetable oils. One of the most crucial characteristics of biodiesel fuel is oxidation stability, which significantly influences the stability of biodiesel during prolonged storage. In fact, biodiesel is less resistant against oxidation than the conventional diesel. In order to transcend this problem, additives are employed. This work uses the Rancimat technique to examine the effects of various antioxidants additives on the oxidation stability of different produced biodiesel. The oxidative stability of biodiesel produced from rapeseed, palm, sunflower and waste cooking oil were evaluated after assuring that the properties of used oils and produced biodiesel complied with the ASTM requirements. Palm biodiesel was selected since it showed the highest oxidation stability of 1.32 h. The experimental findings demonstrated that the …"
,,"Comparative study of the catalytic hydroconversion of cyclopentane over iridium and platinum single-crystal surfaces
F Morfin, S Nassreddine, L Piccolo - Comptes Rendus. Chimie, 2014
Cited by 1 Related articles All 4 versions",2014,17,https://comptes-rendus.academie-sciences.fr/chimie/articles/10.1016/j.crci.2013.10.015/,,,,785-789,Chemical Reactor Modeling & Design - Applied Heterogeneous Catalysis - Petroleum Processing - Biofuels Production,Cited by 1,"Salim Nassreddine, Professor",,,Comparative study of the catalytic hydroconversion of cyclopentane over iridium and platinum single-crystal surfaces,,Comptes Rendus. Chimie,,https://scholar.google.com/citations?view_op=view_citation&hl=en&user=HjgvKN0AAAAJ&citation_for_view=HjgvKN0AAAAJ:roLk4NBRz8UC,7-8,,"Franck Morfin, Salim Nassreddine, Laurent Piccolo","In the context of fuel upgrading by selective ring opening of naphthenes, we have investigated the catalytic conversion of cyclopentane in large hydrogen excess over iridium and platinum single-crystal surfaces. Both (111) and (112) orientations have been considered. The catalytic tests have been performed at 1 kPa and 25–600 C using a recently developed surface reactor equipped with laser heating and online gas chromatography. Only cyclopentene and C 1–C 4 cracking products are formed on iridium, while platinum additionally catalyzes the formation of pentane around 200 C, which dehydrogenates to pentene at 250 C. Noticeably, on both metals, the surface steps prevent hydrocarbon cracking (up to 400 C) at the benefit of dehydrogenation. In all cases, a carbon overlayer is formed on the surfaces in the course of the reaction."
,,"Recent Advances in Stimulation Techniques for Unconventional Oil Reservoir and Simulation of Fluid Dynamics Using Predictive Model of Flow Production
C Ramy, RG Ripeanu, S Nassreddine, M Tănase… - Processes, 2025
Related articles All 4 versions",2025/4/10,13,https://www.mdpi.com/2227-9717/13/4/1138,,,Processes,1138,Chemical Reactor Modeling & Design - Applied Heterogeneous Catalysis - Petroleum Processing - Biofuels Production,,"Salim Nassreddine, Professor",,,Recent Advances in Stimulation Techniques for Unconventional Oil Reservoir and Simulation of Fluid Dynamics Using Predictive Model of Flow Production,,,,https://scholar.google.com/citations?view_op=view_citation&hl=en&user=HjgvKN0AAAAJ&citation_for_view=HjgvKN0AAAAJ:Zph67rFs4hoC,4,MDPI,"Charbel Ramy, Razvan George Ripeanu, Salim Nassreddine, Maria Tănase, Elias Youssef Zouein, Alin Diniță, Constantin Cristian Muresan","This research makes a strong focus on improving fluid dynamics inside the reservoir after stimulation for enhancing oil and gas well performance, particularly in terms of increasing the Gas–oil ratio (GOR) and injectivity leading to a better productivity index (PI). Advanced stimulation operation using new formulated emulsified acid treatment greatly improves the reservoir permeability, allowing for better fluid movement and less formation damage. This, in turn, results in injectivity increases of at least 2.5 times and, in some situations, up to five times the original rate, which is critical for sustaining reservoir pressure and ensuring effective hydrocarbon recovery. The emulsified acid outperforms typical 15% HCl treatments in terms of dissolving and corrosion rates, as it is tuned for the reservoir’s pressure, temperature, permeability, and porosity. This dual-phase technology increases injectivity by five times while limiting the environmental and material consequences associated with spent and waste acid quantities. Field trials reveal significant improvements in injection pressure and a marked reduction in circulation pressure during stimulation, underscoring the treatment’s efficient penetration within the rock pores to enhance oil flow and sweep. This increase in performance is linked to the creation of the wormholing impact of the emulsified acid, resulting in improved fluid dynamics and optimized reservoir efficiency, as shown by the enhanced gas–oil ratio (GOR) in the four mentioned cases. A critical component of attaining such improvements is the capacity to effectively analyze and forecast reservoir behavior prior to executing the stimulation in real life …"
,4th International Colloquium Energy and Environmental Protection,,2020,,,,,,,Chemical Reactor Modeling & Design - Applied Heterogeneous Catalysis - Petroleum Processing - Biofuels Production,,"Salim Nassreddine, Professor",,,A Cheaper and Cleaner Alternative Raw Material for Biodiesel Synthesis,,,,https://scholar.google.com/citations?view_op=view_citation&hl=en&user=HjgvKN0AAAAJ&citation_for_view=HjgvKN0AAAAJ:MXK_kJrjxJIC,,,"Nassreddine Salim Mocanu Maria Narcisa, Cursaru Diana, Manta Ana Maria, Msheik Malek",
,3rd International Colloquium Energy and Environmental Protection,,2019,,,,,,,Chemical Reactor Modeling & Design - Applied Heterogeneous Catalysis - Petroleum Processing - Biofuels Production,,"Salim Nassreddine, Professor",,,Effectiveness of various amines on oxidation stability of palm oil biodiesel,,,,https://scholar.google.com/citations?view_op=view_citation&hl=en&user=HjgvKN0AAAAJ&citation_for_view=HjgvKN0AAAAJ:8k81kl-MbHgC,,,"Mihai Sonia Msheik Malek, Cursaru Diana, Nassreddine Salim",
,2nd International Colloquium Energy and Environmental Protection,,2019,,,,,,,Chemical Reactor Modeling & Design - Applied Heterogeneous Catalysis - Petroleum Processing - Biofuels Production,,"Salim Nassreddine, Professor",,,FUEL PRODUCTION BY CATALYTIC HYDROPROCESSING OF LIGHT CYCLE OIL - VEGETABLE OIL MIXTURE,,,,https://scholar.google.com/citations?view_op=view_citation&hl=en&user=HjgvKN0AAAAJ&citation_for_view=HjgvKN0AAAAJ:5nxA0vEk-isC,,,"Juganaru Traian Nivine Khoury, Nassreddine Salim, Cursaru Diana",
,,,2015,,,,,,1-152,Chemical Reactor Modeling & Design - Applied Heterogeneous Catalysis - Petroleum Processing - Biofuels Production,,"Salim Nassreddine, Professor",,,L'Hydrotraitement du gazole par un procédé à deux étapes: Hydroconversion de la tétraline en présence du soufre dans un réacteur continu sous pression,,,,https://scholar.google.com/citations?view_op=view_citation&hl=en&user=HjgvKN0AAAAJ&citation_for_view=HjgvKN0AAAAJ:0EnyYjriUFMC,,Publisher Presses Académiques Francophones,"Salim Nassreddine, Laurent Piccolo",
,,"Mechanism of tetralin ring opening and ring contraction over bifunctional Ir/Si02-Al2O3 catalysts
L Piccolo, S Nassreddine, C Geantet - IXth International Conférence on Mechanisms of …, 2012
Related articles",2012/10/22,,,,,,,Chemical Reactor Modeling & Design - Applied Heterogeneous Catalysis - Petroleum Processing - Biofuels Production,,"Salim Nassreddine, Professor",,,Mechanism of tetralin ring opening and ring contraction over bifunctional Ir/Si02-Al2O3 catalysts,,,,https://scholar.google.com/citations?view_op=view_citation&hl=en&user=HjgvKN0AAAAJ&cstart=20&pagesize=80&citation_for_view=HjgvKN0AAAAJ:W7OEmFMy1HYC,,,"L Piccolo, S Nassreddine, C Geantet","Mechanism of tetralin ring opening and ring contraction over bifunctional Ir/Si02-Al2O3 catalysts - Archive ouverte HAL Recherche Accéder directement au contenu Pied de page Logo Logo Documentation FR Français (FR) Anglais (EN) Se connecter HAL science ouverte Recherche Loading... Recherche avancée Information de documents Titres Titres Sous-titre Titre de l'ouvrage Titre du volume (Série) Champ de recherche par défaut (multicritères) + texte intégral des PDF Résumé Texte intégral indexé des documents PDF Mots-clés Type de document Sous-type de document Tous les identifiants du document Identifiant HAL du dépôt Langue du document (texte) Pays (Texte) Ville À paraître (true ou false) Ajouter Auteur Auteur (multicritères) Auteur (multicritères) Auteur : Nom complet Auteur : Nom de famille Auteur : Prénom Auteur : Complément de nom, deuxième prénom Auteur : Organisme payeur Auteur : IdHal …"
,European conference on surface science (ECOSS-29),"Comparative study of the preferential oxidation of CO over Ir and Pt surfaces
L Piccolo, S Nassreddine, F Morfin - European conference on surface science (ECOSS-29), 2012
Related articles All 3 versions",2012/9/3,,,,,,,Chemical Reactor Modeling & Design - Applied Heterogeneous Catalysis - Petroleum Processing - Biofuels Production,,"Salim Nassreddine, Professor",,,Comparative study of the preferential oxidation of CO over Ir and Pt surfaces,,,,https://scholar.google.com/citations?view_op=view_citation&hl=en&user=HjgvKN0AAAAJ&cstart=20&pagesize=80&citation_for_view=HjgvKN0AAAAJ:Tyk-4Ss8FVUC,,,"L Piccolo, S Nassreddine, F Morfin","Comparative study of the preferential oxidation of CO over Ir and Pt surfaces - Université Claude Bernard Lyon 1 Recherche Accéder directement au contenu Pied de page Logo Logo Documentation FR Français (FR) Anglais (EN) Se connecter Portail HAL Lyon 1 Recherche Loading... Recherche avancée Information de documents Titres Titres Sous-titre Titre de l'ouvrage Titre du volume (Série) Champ de recherche par défaut (multicritères) + texte intégral des PDF Résumé Texte intégral indexé des documents PDF Mots-clés Type de document Sous-type de document Tous les identifiants du document Identifiant HAL du dépôt Langue du document (texte) Pays (Texte) Ville À paraître (true ou false) Ajouter Auteur Auteur (multicritères) Auteur (multicritères) Auteur : Nom complet Auteur : Nom de famille Auteur : Prénom Auteur : Complément de nom, deuxième prénom Auteur : Organisme payeur Auteur : IdHal (chaîne …"
,6th European Conference Paul Sabatier on Cayalysis,"Mechanism of tetralin hydroconversion over bifunctional catalysts
L Piccolo, S Nassreddine, C Geantet - 6th European Conference Paul Sabatier on Cayalysis, 2011
Related articles",2011/6/26,,,,,,,Chemical Reactor Modeling & Design - Applied Heterogeneous Catalysis - Petroleum Processing - Biofuels Production,,"Salim Nassreddine, Professor",,,Mechanism of tetralin hydroconversion over bifunctional catalysts,,,,https://scholar.google.com/citations?view_op=view_citation&hl=en&user=HjgvKN0AAAAJ&cstart=20&pagesize=80&citation_for_view=HjgvKN0AAAAJ:_FxGoFyzp5QC,,,"L Piccolo, S Nassreddine, C Geantet","Mechanism of tetralin hydroconversion over bifunctional catalysts - Archive ouverte HAL Recherche Accéder directement au contenu Pied de page Logo Logo Documentation FR Français (FR) Anglais (EN) Se connecter HAL science ouverte Recherche Loading... Recherche avancée Information de documents Titres Titres Sous-titre Titre de l'ouvrage Titre du volume (Série) Champ de recherche par défaut (multicritères) + texte intégral des PDF Résumé Texte intégral indexé des documents PDF Mots-clés Type de document Sous-type de document Tous les identifiants du document Identifiant HAL du dépôt Langue du document (texte) Pays (Texte) Ville À paraître (true ou false) Ajouter Auteur Auteur (multicritères) Auteur (multicritères) Auteur : Nom complet Auteur : Nom de famille Auteur : Prénom Auteur : Complément de nom, deuxième prénom Auteur : Organisme payeur Auteur : IdHal (chaîne de caractères) Auteur …"
,,"Hydroconversion de la tétraline sur catalyseurs à base d’iridium supporté sur silice-alumine
S Nassreddine - 2010
Related articles All 5 versions",2010/10/27,,https://theses.hal.science/tel-00812690/file/TH2010_Nassreddine_-_Salim.pdf,,,,,Chemical Reactor Modeling & Design - Applied Heterogeneous Catalysis - Petroleum Processing - Biofuels Production,,"Salim Nassreddine, Professor",,,Hydroconversion de la tétraline sur catalyseurs à base d’iridium supporté sur silice-alumine,Université Claude Bernard-Lyon I,,,https://scholar.google.com/citations?view_op=view_citation&hl=en&user=HjgvKN0AAAAJ&cstart=20&pagesize=80&citation_for_view=HjgvKN0AAAAJ:eQOLeE2rZwMC,,,Salim Nassreddine,"L’ouverture sélective de cycles aromatiques sur catalyseurs bifonctionnels peut en principe aboutir à une augmentation de l’indice de cétane des gazoles. Dans ce travail, nous nous sommes concentrés sur l’iridium supporté sur silice-alumine amorphe (ASA) comme catalyseur d’hydroconversion de la tétraline en présence de H2S à 250-350 °C dans un microréacteur continu sous pression (4 MPa). Une étude détaillée par analyse thermique et diffraction X in situ du processus de décomposition du précurseur acétylacétonate d’iridium a permis d’optimiser l’étape d’activation. Unesimple réduction sous H2 à 350 °C aboutit à des nanoparticules Ir finement dispersées (taille 1.4 ± 0.2nm). Le catalyseur Ir/ASA est stable et résiste à l’empoisonnement par le soufre, contrairement à Ir/SiO2 et Ir/Al2O3. Les principaux produits d’hydroconversion de la tétraline sont les produits d’hydrogénation (décalines) et les produits d’ouverture et de contraction de cycle (POCC). L’analyse par chromatographie en phase gazeuse bidimensionnelle (GC GC-MS) montre que les POCC se répartissent en produits d’ouverture saturés et aromatiques, minoritaires, et en produits de contraction saturés et aromatiques, majoritaires. Les performances catalytiques de Ir/ASA ont pu être modifiéesvia des effets de support, d’alliage et de taille. Pour une composition Si:Al d’environ 0,5, l’acidité de Brönsted du support est maximale, ce qui conduit à une activité totale et une sélectivité en POCC maximales. D’autre part, l’activité augmente par ajout de palladium, et la sélectivité en POCC est maximale pour la composition Ir-Pd intermédiaire. Les analyses par TEM-EDX montrent …"
,GeCat 2008,"Catalyseurs bimétalliques à base d'iridium pour l'ouverture de cycles naphténiques
S Nassreddine, L Piccolo, C Geantet, F Gaillard - GeCat 2008, 2008
Related articles All 2 versions",2008,,,,,,,Chemical Reactor Modeling & Design - Applied Heterogeneous Catalysis - Petroleum Processing - Biofuels Production,,"Salim Nassreddine, Professor",,,Catalyseurs bimétalliques à base d'iridium pour l'ouverture de cycles naphténiques,,,,https://scholar.google.com/citations?view_op=view_citation&hl=en&user=HjgvKN0AAAAJ&cstart=20&pagesize=80&citation_for_view=HjgvKN0AAAAJ:Y0pCki6q_DkC,,,"S Nassreddine, L Piccolo, C Geantet, F Gaillard","Catalyseurs bimétalliques à base d'iridium pour l'ouverture de cycles naphténiques - Archive ouverte HAL Recherche Accéder directement au contenu Pied de page Logo Logo Documentation FR Français (FR) Anglais (EN) Se connecter HAL science ouverte Recherche Loading... Recherche avancée Information de documents Titres Titres Sous-titre Titre de l'ouvrage Titre du volume (Série) Champ de recherche par défaut (multicritères) + texte intégral des PDF Résumé Texte intégral indexé des documents PDF Mots-clés Type de document Sous-type de document Tous les identifiants du document Identifiant HAL du dépôt Langue du document (texte) Pays (Texte) Ville À paraître (true ou false) Ajouter Auteur Auteur (multicritères) Auteur (multicritères) Auteur : Nom complet Auteur : Nom de famille Auteur : Prénom Auteur : Complément de nom, deuxième prénom Auteur : Organisme payeur Auteur : IdHal (chaîne de …"
,,"Biodiesel Fuel from Waste Cooking Oil: A Cheaper and Cleaner Renewable Energy Source
R KANAAN, E AL-AAWAR, B RIACHI…
Related articles All 6 versions",,,https://revistadechimie.ro/pdf/18%20RIHAM%202%2021.pdf,,,,,Chemical Reactor Modeling & Design - Applied Heterogeneous Catalysis - Petroleum Processing - Biofuels Production,,"Salim Nassreddine, Professor",,,Biodiesel Fuel from Waste Cooking Oil: A Cheaper and Cleaner Renewable Energy Source,,,,https://scholar.google.com/citations?view_op=view_citation&hl=en&user=HjgvKN0AAAAJ&cstart=20&pagesize=80&citation_for_view=HjgvKN0AAAAJ:3fE2CSJIrl8C,,,"RIHAM KANAAN, ELISSAR AL-AAWAR, BASSAM RIACHI, SALIM NASSREDDINE, DIANA-LUCIANA CURSARU, JEAN CHAMOUN","Low cost, high fatty acid content waste cooking oil was transformed into biodiesel using an acid catalyzed chemical esterification reaction with 0.5 vol.% of H2SO4 at 60 C for 1h followed by the main transesterification reaction. For the purpose of comparison, biodiesel fuel was also prepared using straight vegetable oils (SVO’s). The gas chromatography test showed higher than 95% FAME (fatty acid methyl ester) content for different types of utilized feedstocks. Biodiesel fuel and its blends were characterized based on ASTM test methods to investigate its density, viscosity, flash point, pour point, heating value, and its cetane index and similar physical properties were obtained for all the prepared biodiesel fuels. B20 blend, which contains 20 vol.% of biodiesel and 80 vol.% of diesel, showed a better performance than B0 (100 vol.% of diesel) when tested in a laboratory compression ignition diesel engine. After simulation of the production process via Aspen Hysys, a feasibility study was conducted and the results revealed that utilizing waste cooking oils (WCO’s) as feedstock is more economical than starting with SVO’s as raw material."
,,"Mechanism of tetralin hydroconversion over bifunctional catalysts
S Nassreddine, C Geantet, L Piccolo
Related articles",,,,,,,,Chemical Reactor Modeling & Design - Applied Heterogeneous Catalysis - Petroleum Processing - Biofuels Production,,"Salim Nassreddine, Professor",,,Mechanism of tetralin hydroconversion over bifunctional catalysts,,,,https://scholar.google.com/citations?view_op=view_citation&hl=en&user=HjgvKN0AAAAJ&cstart=20&pagesize=80&citation_for_view=HjgvKN0AAAAJ:LkGwnXOMwfcC,,,"S Nassreddine, C Geantet, L Piccolo","The selective ring opening (SRO) of cyclic hydrocarbons after fuel hydrodesulfurization is expected to improve diesel cetane numbers, in order to decrease energy consumption and soot particle emissions [1]. Metal-acid bifunctional catalysts are promising candidates since they may promote both ring contraction (for easier ring opening) and hydrogenolysis. In this work, we have investigated the properties of iridium nanoparticles supported on amorphous silicaalumina (Ir/ASA) towards the hydroconversion of tetralin in the presence of 50-200 ppm H2S."
,Japan,"Selective ring opening of tetralin on iridium-based catalysts
S Nassreddine, S Casu, L Piccolo, JL Zotin, C Geantet
Related articles",,,,,,,,Chemical Reactor Modeling & Design - Applied Heterogeneous Catalysis - Petroleum Processing - Biofuels Production,,"Salim Nassreddine, Professor",,,Selective ring opening of tetralin on iridium-based catalysts,,,,https://scholar.google.com/citations?view_op=view_citation&hl=en&user=HjgvKN0AAAAJ&cstart=20&pagesize=80&citation_for_view=HjgvKN0AAAAJ:YsMSGLbcyi4C,,,"Salim Nassreddine, Santiago Casu, Laurent Piccolo, José Luiz Zotin, Christophe Geantet","1 Université Lyon 1, CNRS, UMR 5256, IRCELYON, Institut de recherches sur la catalyse et l’environnement de Lyon, 2 avenue Albert Einstein, F-69626 Villeurbanne, France 2 PETROBRAS/CENPES/HTPE, Ilha do Fundão, Q. 7, RJ, 21949-900, Brazil* laurent. piccolo@ ircelyon. univ-lyon1. fr"
