Book,Conference,Scholar articles,Publication date,Volume,PDF Link,Patent office,Report number,Source,Pages,Research Interests,Total citations,Researcher Name,Inventors,Patent number,Title,Institution,Journal,Application number,Scholar Link,Issue,Publisher,Authors,Description
,,"LC-MS/MS method for the determination of hormones: Validation, application and health risk assessment in various bovine matrices
F Moussa, S Mokh, S Doumiati, B Barboni, N Bernabò… - Food and Chemical Toxicology, 2020
Cited by 18 Related articles All 6 versions",2020/4/1,138,,,,,111204,,Cited by 18,Samah Doumiati,,,"LC-MS/MS method for the determination of hormones: Validation, application and health risk assessment in various bovine matrices",,Food and Chemical Toxicology,,https://scholar.google.com/citations?view_op=view_citation&hl=en&user=yaufjf0AAAAJ&citation_for_view=yaufjf0AAAAJ:qjMakFHDy7sC,,Pergamon,"Fadl Moussa, Samia Mokh, Samah Doumiati, Barbara Barboni, Nicola Bernabò, Mohamad Al Iskandarani","A new method, using liquid chromatography coupled to mass spectrometry (LC-MS/MS) for the detection of fourteen natural and synthetic hormones in muscles, was validated in other bovine matrices (liver, kidney, bile and hair) according to the Decision Commission 2002/657/EC. As result, this method demonstrates good linearity (R2 > 0.99) as well as accuracy with coefficients of variation for repeatability and reproducibility lower than 23%. Moreover, the values of decision limit (CCα) and detection capability (CCβ) were determined indicating values ranging from 0.13 to 0.86 μg/kg and 0.25–1.72 μg/k for the majority of analytes. Recovery rate in the different matrices varied from 51.5 to 107%. Indeed, this method has been successfully applied to detect anabolic hormones in eighty-eight samples (muscle, liver, kidney, and bile) collected from different local slaughterhouses. Results showed that progesterone was …"
,,"A tethered bilayer assembled on top of immobilized calmodulin to mimic cellular compartmentalization
C Rossi, S Doumiati, C Lazzarelli, M Davi, F Meddar… - PLoS One, 2011
Cited by 15 Related articles All 10 versions",2011/4/20,6,https://journals.plos.org/plosone/article?id=10.1371/journal.pone.0019101,,,,e19101,,Cited by 15,Samah Doumiati,,,A tethered bilayer assembled on top of immobilized calmodulin to mimic cellular compartmentalization,,PLoS One,,https://scholar.google.com/citations?view_op=view_citation&hl=en&user=yaufjf0AAAAJ&citation_for_view=yaufjf0AAAAJ:2osOgNQ5qMEC,4,Public Library of Science,"Claire Rossi, Samah Doumiati, Clarine Lazzarelli, Marilyne Davi, Fetta Meddar, Daniel Ladant, Joel Chopineau","Background
Biomimetic membrane models tethered on solid supports are important tools for membrane protein biochemistry and biotechnology. The supported membrane systems described up to now are composed of a lipid bilayer tethered or not to a surface separating two compartments: a ”trans” side, one to a few nanometer thick, located between the supporting surface and the membrane; and a “cis” side, above the synthetic membrane, exposed to the bulk medium. We describe here a novel biomimetic design composed of a tethered bilayer membrane that is assembled over a surface derivatized with a specific intracellular protein marker. This multilayered biomimetic assembly exhibits the fundamental characteristics of an authentic biological membrane in creating a continuous yet fluid phospholipidic barrier between two distinct compartments: a “cis” side corresponding to the extracellular milieu and a “trans” side marked by a key cytosolic signaling protein, calmodulin.
Methodology/Principal Findings
We established and validated the experimental conditions to construct a multilayered structure consisting in a planar tethered bilayer assembled over a surface derivatized with calmodulin. We demonstrated the following: (i) the grafted calmodulin molecules (in trans side) were fully functional in binding and activating a calmodulin-dependent enzyme, the adenylate cyclase from Bordetella pertussis; and (ii) the assembled bilayer formed a continuous, protein-impermeable boundary that fully separated the underlying calmodulin (trans side) from the above medium (cis side).
Conclusions …"
,,"Autophosphorylation activation and inhibition by curcumin of the epidermal growth factor receptor reconstituted in liposomes
S Doumiati, K Haupt, C Rossi - Journal of Molecular Recognition, 2012
Cited by 10 Related articles All 5 versions",2012/11,25,,,,,623-629,,Cited by 10,Samah Doumiati,,,Autophosphorylation activation and inhibition by curcumin of the epidermal growth factor receptor reconstituted in liposomes,,Journal of Molecular Recognition,,https://scholar.google.com/citations?view_op=view_citation&hl=en&user=yaufjf0AAAAJ&citation_for_view=yaufjf0AAAAJ:IjCSPb-OGe4C,11,,"Samah Doumiati, Karsten Haupt, Claire Rossi","The epidermal growth factor receptor (EGFR) is a 170‐kDa transmembrane protein with intrinsic protein kinase activity. It is involved in the regulation of essential cellular processes such as proliferation, differentiation, survival, and migration. An increase in EGFR activity has been correlated to malignant evolution of the cells. We have used proteoliposomes as a platform to study the mechanism of activation and inhibition of EGFR. We have been able to reconstitute functional EGFR in liposomes through detergent removal by Bio‐Beads and have measured the receptor dimerization and its autophosphorylation resulting from its inherent tyrosine kinase activity. In particular, we have studied the activation of autophosphorylation by the natural ligand epidermal growth factor and its inhibition by curcumin, a polyphenol from Curcuma longa. This artificial membrane model provides a convenient tool to both qualitatively …"
,,"Chromatographic methods for the determination of a broad spectrum of UV filters in swimming pool water
S Mokh, R Nassar, A Berry, ME Khatib, S Doumiati… - Environmental Science and Pollution Research, 2022
Cited by 8 Related articles All 14 versions",2022/3/17,,https://www.researchsquare.com/article/rs-284258/latest.pdf,,,,1-12,,Cited by 8,Samah Doumiati,,,Chromatographic methods for the determination of a broad spectrum of UV filters in swimming pool water,,Environmental Science and Pollution Research,,https://scholar.google.com/citations?view_op=view_citation&hl=en&user=yaufjf0AAAAJ&citation_for_view=yaufjf0AAAAJ:9yKSN-GCB0IC,,Springer Berlin Heidelberg,"Samia Mokh, Rania Nassar, Atika Berry, Mohammad El Khatib, Samah Doumiati, Mariam Taha, Raed Ezzeddine, Mohamad Al Iskandarani","This paper describes an analytical approach based on solid-phase extraction (SPE) followed by analysis using liquid and gas chromatography coupled to mass spectrometry detectors for a determination of 18 organic UV filters from water samples. Extraction method parameters were optimized: 250 ml of water sample loaded on Chromabond C18 cartridges after adjustment to pH 4 and then eluted with acetonitrile. The mobile phase and the parameters of the mass spectrometer, as well as those of the ionization source, were tested to enhance detection sensitivity. During method validation, the extracted target compounds showed good recoveries (> 68%) with acceptable values in terms of repeatability (RSDr) and reproducibility (RSDR), where relative standard deviations values were lower than 20%. The validated method was applied to 10 water samples collected from different swimming pools located in …"
,,"Hormones residues in bovine animals: Sampling, analysis and health risk assessment
F Moussa, S Doumiati, N Bernabò, B Barboni, F Jaber… - Steroids, 2022
Cited by 6 Related articles All 5 versions",2022/5/1,181,,,,,108994,,Cited by 6,Samah Doumiati,,,"Hormones residues in bovine animals: Sampling, analysis and health risk assessment",,Steroids,,https://scholar.google.com/citations?view_op=view_citation&hl=en&user=yaufjf0AAAAJ&citation_for_view=yaufjf0AAAAJ:u5HHmVD_uO8C,,Elsevier,"Fadl Moussa, Samah Doumiati, Nicola Bernabò, Barbara Barboni, Farouk Jaber, Samia Mokh","The use of hormones for breeding animal livestock has been banned since 1981 under the Council Directive 81/602/EC. So far, each country should monitor the use of anabolic hormones in animal production to protect the consumer's health against these unwanted residues. This paper presents the research results on steroid and non-steroid hormones residues carried out in Lebanon from 2018 to 2020. Using a newly developed and validated LC-MS/MS method, the detection and the quantification of hormones in bovine matrices were done. The targeted matrices were muscle, liver, kidney, and bile. A total of two-hundred and forty-seven samples were collected from different slaughterhouses located in six different cities in Lebanon. Interestingly, only four hormones were found: testosterone, progesterone, epitestosterone, and 6 propyl 2thiouracil. Based on the obtained data, the estimated daily intake, hazard …"
,,"Does Mediterranean Diet alone lower the risk of diabetes?
S Haidar, D Shebly, S Doumiati, S Daouk, L El Tayara - Elixir Nutr Dietetics, 2016
Cited by 2 Related articles All 2 versions",2016,100,https://www.academia.edu/download/110883083/1480076033_ELIXIR2016105394C.pdf,,,,43693-9,,Cited by 2,Samah Doumiati,,,Does Mediterranean Diet alone lower the risk of diabetes?,,Elixir Nutr Dietetics,,https://scholar.google.com/citations?view_op=view_citation&hl=en&user=yaufjf0AAAAJ&citation_for_view=yaufjf0AAAAJ:d1gkVwhDpl0C,,,"Samah Haidar, Doha Shebly, Samah Doumiati, S Daouk, Loubna El Tayara","In Lebanon, Type 2 diabetes (T2D) has a major public health impact through high disease prevalence, significant downstream pathophysiologic effects, and enormous financial responsibilities. Diet is an important environmental factor in the development and prevention of T2D. This study aimed to investigate the association between the adherence to the Mediterranean diet and the risk of T2DM in Lebanese non-diabetic men and women and to compare the adherence to the Mediterranean Diet among non-diabetic versus diabetic as well as to validate the Arabic version of a 14-point Mediterranean Diet Adherence Screener (MEDAS) questionnaire. This cross-sectional study was conducted in the greater area of Beirut region. Study subjects were 150 diabetic and 150 non-diabetic aged≥ 40 years. They were matched by age and gender. The level of adherence to the
Mediterranean Diet was identified using the MEDAS questionnaire and the risk of diabetes was identified using a short diabetes risk assessment questionnaire. Compared to Nondiabetic men, the majority of women in our population were obese (44%) and 63% of them were inactive (p= 0.01). The majority of men had overweight (52%)(p= 0.004). No significant differences between genders concerning body weight (p= 0.002). Moreover, no significant differences between men and women concerning the family history of diabetes, the occurrence of high blood pressure or the risk of diabetes (p= 0.4, p= 0.6, p= 0.2 respectively). The level of adherence to the Mediterranean diet among non-diabetic subjects shows no statistical differences among MEDAS score categories between …"
,,"Aflatoxin B1 occurrence in children under the age of five’s food products and aflatoxin M1 exposure assessment and risk characterization of Arab infants through consumption of infant powdered formula: a Lebanese experience. Toxins. 2022; 14 (5): 290
R Daou, M Hoteit, K Bookari, M Al-Khalaf, S Nahle… - 2022
Cited by 1 Related articles All 2 versions",2022,,https://www.academia.edu/download/110883085/pdf.pdf,,,,,,Cited by 1,Samah Doumiati,,,Aflatoxin B1 occurrence in children under the age of five’s food products and aflatoxin M1 exposure assessment and risk characterization of Arab infants through consumption of …,,,,https://scholar.google.com/citations?view_op=view_citation&hl=en&user=yaufjf0AAAAJ&citation_for_view=yaufjf0AAAAJ:Tyk-4Ss8FVUC,,s Note: MDPI stays neutral with regard to jurisdictional claims in published maps and institutional affil-iations.,"R Daou, M Hoteit, K Bookari, M Al-Khalaf, S Nahle, A Al-Jawaldeh, M Koubar, S Doumiati, A EL Khoury","Aflatoxin M1 (AFM1) is a salient metabolite that can be used to assess Aflatoxin B1 (AFB1) exposure in humans and animals. The carcinogenic potency of AFB1 and AFM1 was severely reported. The aims of this study were (1) to survey the contamination level of AFM1 in the most traded infant powdered formula brands (IPF)(n= 42) along with the AFB1 level in under 5’s children food brands (biscuits, cornflakes, and cereals)(n= 42) and (2) to assess the estimated daily intake (EDI), the hazard quotient (HQ) and the margin of exposure (MOE) of AFM1 among infants (0–12 months) in Lebanon. All of the samples were analyzed using ELISA technique. AFB1 was below detection limit in all of the children’s food brands samples. Out of 42 IPF samples 9.5% were AFM1-positive in the range of 29.54–140.16 ng/L and exceeded the maximum tolerable limit (MTL) set by the European commission (25 ng/kg). The overall average contamination level was 5.72±0.014 ng/L. The EDI of AMF1 for male was in the range of 0.37–0.78 ng/kg/bw/day and 0.40–0.87 ng/kg/bw/day for females. Similarly, the HQ calculation resulted in an average of 3.05 for males and 3.28 for females. MOE calculations were far lower from 10,000 in both genders which indicates a high risk of genotoxicity and carcinogenicity. Despite that, AFM1′ s EDI and HQ scored low among Lebanese infants but unambiguously the risk characterization still substantial. As infants consume more IPF relative to their body weight, the persistence of IPF with high AFM1 levels threatens their health. Thus, infant’s exposure risk to AFM1 in IPF should be a continuous focus of attention."
,,"Erratum à «PO 26: Attainment of low density lipoprotein cholesterol goals in a sample of Lebanese patients under current patterns of statin prescription»[Pharm. Hosp. Clin. 47S (2012) S21]
L Soubra, F el Masri, S Doumiati, S Kabbani - Le Pharmacien Hospitalier et Clinicien, 2014
Related articles",2014/3/1,49,,,,,74,,,Samah Doumiati,,,Erratum à «PO 26: Attainment of low density lipoprotein cholesterol goals in a sample of Lebanese patients under current patterns of statin prescription»[Pharm. Hosp. Clin. 47S …,,Le Pharmacien Hospitalier et Clinicien,,https://scholar.google.com/citations?view_op=view_citation&hl=en&user=yaufjf0AAAAJ&citation_for_view=yaufjf0AAAAJ:zYLM7Y9cAGgC,1,Elsevier Masson,"L Soubra, F el Masri, S Doumiati, S Kabbani",
,,"A Tethered Bilayer Assembled on Top of Immobilized Calmodulin to Mimic Cellular
C Rossi, S Doumiati, C Lazzarelli, M Davi, F Meddar - 2011
Related articles All 6 versions",2011,,https://www.academia.edu/download/110883129/journal.pone.0019101.pdf,,,,,,,Samah Doumiati,,,A Tethered Bilayer Assembled on Top of Immobilized Calmodulin to Mimic Cellular,,,,https://scholar.google.com/citations?view_op=view_citation&hl=en&user=yaufjf0AAAAJ&citation_for_view=yaufjf0AAAAJ:u-x6o8ySG0sC,,,"C Rossi, S Doumiati, C Lazzarelli, M Davi, F Meddar","Background: Biomimetic membrane models tethered on solid supports are important tools for membrane protein biochemistry and biotechnology. The supported membrane systems described up to now are composed of a lipid bilayer tethered or not to a surface separating two compartments: a’’trans’’side, one to a few nanometer thick, located between the supporting surface and the membrane; and a ‘‘cis’’side, above the synthetic membrane, exposed to the bulk medium. We describe here a novel biomimetic design composed of a tethered bilayer membrane that is assembled over a surface derivatized with a specific intracellular protein marker. This multilayered biomimetic assembly exhibits the fundamental characteristics of an authentic biological membrane in creating a continuous yet fluid phospholipidic barrier between two distinct compartments: a ‘‘cis’’side corresponding to the extracellular milieu and a ‘‘trans’’side marked by a key cytosolic signaling protein, calmodulin.
Methodology/Principal Findings: We established and validated the experimental conditions to construct a multilayered structure consisting in a planar tethered bilayer assembled over a surface derivatized with calmodulin. We demonstrated the following:(i) the grafted calmodulin molecules (in trans side) were fully functional in binding and activating a calmodulin-dependent enzyme, the adenylate cyclase from Bordetella pertussis; and (ii) the assembled bilayer formed a continuous, protein-impermeable boundary that fully separated the underlying calmodulin (trans side) from the above medium (cis side).
Conclusions: The simplicity and robustness of the tethered bilayer …"
,,"Author contributions
F Moussa, S Mokh, S Doumiati, B Barboni
Related articles All 2 versions",,,https://www.academia.edu/download/102496773/j.fct.2020.11120420230522-1-81g9we.pdf,,,,,,,Samah Doumiati,,,Author contributions,,,,https://scholar.google.com/citations?view_op=view_citation&hl=en&user=yaufjf0AAAAJ&citation_for_view=yaufjf0AAAAJ:UeHWp8X0CEIC,,,"Fadl Moussa, Samia Mokh, Samah Doumiati, Barbara Barboni","Hormones, including naturally occurring and synthetic compounds, have become an issue of concern in environmental and public health sciences during the last few decades (Acerini and Hughes, 2006; Schug et al., 2016; Siddique et al., 2016; Thomas Zoeller et al., 2012). They are widely used as growth promoters in cattle and calves to increase the weight gain of animals. After being used, percentage of these substances is discharged into the environment by excretion and the rest remain in the animals’ bodies. This means that these compounds may get transferred into water, food and food webs. Much evidence has been documented indicating that exposure to both natural and synthetic hormones at low levels may lead to potential risk to human beings and wildlife (Fan et al., 2014; Schmidt et al., 2008). Consequently, these compounds have been banned by the European Union (EU) since 1988 (Noppe et al., 2008). In addition, because of their presence at low levels (µg/kg to ng/kg) in animal producing food and the complexity of bio-sample matrices, the analysis of hormones and hormone-like substances is a challenging task (Han and Liu, 2019; Hoga et al., 2018). A wide range of tissues can be chosen as matrices to detect hormones. One of the most important matrices is meat since it is highly consumed, and considered as a good source of energy and contain essential nutrients, including protein and micronutrients such as iron, zinc, and vitamin B12 (Orlich et al., 2013). Hence, to protect human health from the misuse of hormones, an effective control should be done to detect the level of contamination of these compounds in animal meat …"
