Book,Conference,Scholar articles,Publication date,Volume,PDF Link,Patent office,Report number,Source,Pages,Research Interests,Total citations,Researcher Name,Inventors,Patent number,Title,Institution,Journal,Application number,Scholar Link,Issue,Publisher,Authors,Description,Classified_Topic,Classification_Confidence
,,"Arab news and conflict
S Bazzi - 2009
Cited by 111 Related articles All 7 versions",2009,,,,,,1-238,"Translation Studies, Critical Discourse Studies, politics, media, comparative linguistics",Cited by 111,Samia Bazzi,,,Arab news and conflict,,,,https://scholar.google.com/citations?view_op=view_citation&hl=en&user=RhUpdZ4AAAAJ&citation_for_view=RhUpdZ4AAAAJ:_FxGoFyzp5QC,,John Benjamins Publishing Company,Samia Bazzi,"I had a suspicion that the language we were forced to write as trainee reporters all those years ago had somehow imprisoned us, that we had been schooled to mould the world and ourselves in clichés, that for the most part this would define our lives, destroy our anger and imagination, make us loyal to our betters, to governments, to authority. For some reason, I had become possessed of the belief that the blame for our failure as journalists to report the Middle East with any sense of moral passion or indignation lay in the way that we journalists were trained. Robert Fisk, Middle East correspondent for The Independent
Moulding the Arab-Israeli conflict in a news report or commentary is a sensitive issue to many governments, organizations and individuals in this world. Many feel involved in the Arab-Israeli conflict, for a variety of powerful reasons. These can be related to ideological, religious, or cultural affiliations …",translation studies,0.4
,,"Foreign metaphors and Arabic translation: An empirical study in journalistic translation practice
S Bazzi - Journal of Language and Politics, 2014
Cited by 33 Related articles All 4 versions",2014/1/1,13.0,,,,,120-151,"Translation Studies, Critical Discourse Studies, politics, media, comparative linguistics",Cited by 33,Samia Bazzi,,,Foreign metaphors and Arabic translation: An empirical study in journalistic translation practice,,Journal of Language and Politics,,https://scholar.google.com/citations?view_op=view_citation&hl=en&user=RhUpdZ4AAAAJ&citation_for_view=RhUpdZ4AAAAJ:Se3iqnhoufwC,1.0,John Benjamins,Samia Bazzi,"This paper attempts to bridge translation studies on metaphor with perspectives from cognitive and critical discourse studies. It provides a new contribution to the study of the interplay between language and politics by investigating the ideological motivations behind choices made by Arab journalists/translators in translating metaphors in reports of world events, in the Middle East in particular. The analytic approach adopted for the purpose of this study draws inspiration from cognitive linguistics, critical discourse studies, and descriptive translation studies. Through a comparative study of a corpus of news representations in Western and Middle Eastern sources, the study scrutinizes the role of metaphor in our perception of reality and interpretation of a news event. Based on an examination of the processing of metaphor in professional translations, the study concludes that metaphors can be classified into two main …",critical discourse studies,0.613
,,"The Routledge handbook of translation and methodology
F Zanettin, C Rundle - 2022
Cited by 29 Related articles All 9 versions",2022/3/10,,https://www.academia.edu/download/82397916/Zanettin_Rundle2022_preview.pdf,,,,,"Translation Studies, Critical Discourse Studies, politics, media, comparative linguistics",Cited by 29,Samia Bazzi,,,The Routledge handbook of translation and methodology,,,,https://scholar.google.com/citations?view_op=view_citation&hl=en&user=RhUpdZ4AAAAJ&citation_for_view=RhUpdZ4AAAAJ:IjCSPb-OGe4C,,"Routledge, Taylor & Francis Group","Federico Zanettin, Christopher Rundle","Names: Zanettin, Federico, editor.| Rundle, Christopher, 1963–editor. Title: The Routledge handbook of translation and methodology/edited by Federico Zanettin and Christopher Rundle. Description: London; New York: Routledge 2022.| Series: Routledge handbooks in translation and interpreting studies| Includes bibliographical references and index. Identifiers: LCCN 2021042147| ISBN 9781138066922 (hardback)| ISBN 9781032196725 (paperback)| ISBN 9781315158945 (ebook)",translation studies,0.42
,,"How can CDA unravel power relations<? br?> in media representations of conflict<? br?> in the Middle East? Transediting as a case study
S Bazzi - Pragmatics and Society, 2019
Cited by 16 Related articles All 3 versions",2019/12/31,10.0,,,,,584-612,"Translation Studies, Critical Discourse Studies, politics, media, comparative linguistics",Cited by 16,Samia Bazzi,,,How can CDA unravel power relations<? br?> in media representations of conflict<? br?> in the Middle East? Transediting as a case study,,Pragmatics and Society,,https://scholar.google.com/citations?view_op=view_citation&hl=en&user=RhUpdZ4AAAAJ&citation_for_view=RhUpdZ4AAAAJ:2osOgNQ5qMEC,4.0,John Benjamins Publishing Company,Samia Bazzi,"This study attempts to show the role of translation in giving meaning to conflicts whether by reproducing the dominant political beliefs of a particular media society or by resisting counter-ideologies that come from foreign sources of information. It utilizes Critical Discourse Analysis as an effective method for the analysis of power relations behind news reporting. The research uses a corpus from international media and their equivalent texts into Arabic between 2013 and 2017. The data covers events on conflicts in Syria, Iraq, Bahrain and Yemen, each article reporting issues about conflict and its impact on arenas of struggle. Through this case study of transediting, I will explore how textual analysis can unravel power relations and hegemonic orders of discourse. The study shows that translation is a site of conflict and has much to say about …",media,0.604
,,"Ideology and Arabic translations of news texts
S Bazzi - Translation and Translanguaging in Multilingual …, 2015
Cited by 13 Related articles All 5 versions",2015/1/1,1.0,,,,,135-161,"Translation Studies, Critical Discourse Studies, politics, media, comparative linguistics",Cited by 13,Samia Bazzi,,,Ideology and Arabic translations of news texts,,Translation and Translanguaging in Multilingual Contexts,,https://scholar.google.com/citations?view_op=view_citation&hl=en&user=RhUpdZ4AAAAJ&citation_for_view=RhUpdZ4AAAAJ:roLk4NBRz8UC,2.0,John Benjamins,Samia Bazzi,"Drawing on Critical Discourse Analysis, the present paper seeks to identify the ideological factors that may characterize politically motivated news texts and the text strategies that articulate them in an English-Arabic translation context. Two hundred source texts and target texts representing political turmoil and conflict in the Middle East (2011–2014) were examined for contrastive analysis. Data were collected through archival research of Assafir, the leading national newspaper in Lebanon, in addition to international media outlets, such as Reuters, AFP, and the BBC. The descriptive analysis of both source and target texts reveals that the functional organization of clauses and sentences, lexical categorization, and modal expressions in the news language can be seen as representing sectarian discourses, and the exercise of power found in the media in times of political struggle. The ideological factors identified in …",media,0.604
,,"Dubbing feminist discourse in Disney films for Arab audiences: Frozen as a case study
S Bazzi - Perspectives, 2024
Cited by 8 Related articles All 3 versions",2024/1/2,32.0,,,,,31-42,"Translation Studies, Critical Discourse Studies, politics, media, comparative linguistics",Cited by 8,Samia Bazzi,,,Dubbing feminist discourse in Disney films for Arab audiences: Frozen as a case study,,Perspectives,,https://scholar.google.com/citations?view_op=view_citation&hl=en&user=RhUpdZ4AAAAJ&citation_for_view=RhUpdZ4AAAAJ:0EnyYjriUFMC,1.0,Routledge,Samia Bazzi,"This paper examines gender representation and feminist discourses in Disney’s animated film translation into Arabic. It uses Walt Disney’s Frozen (2013) and its dubbing into Modern Standard Arabic as the case study. The comparative analysis utilizes register analysis of both the source text (ST) and the target text (TT) in order to examine the discrepancies found in the dubbed version leading to the assessment of the quality of translation into Arabic. Relying on textual analysis that relates to a wider socio-cultural framework, the paper suggests that dubbing is a powerful tool that influences conceptions of gender relations within a society and can resist the female’s authoritative voice.",translation studies,0.405
,,"Arab news and conflict: Discourse approaches to politics, society and culture
S Bazzi - 2009
Cited by 7 Related articles",2009,,,,,,,"Translation Studies, Critical Discourse Studies, politics, media, comparative linguistics",Cited by 7,Samia Bazzi,,,"Arab news and conflict: Discourse approaches to politics, society and culture",,,,https://scholar.google.com/citations?view_op=view_citation&hl=en&user=RhUpdZ4AAAAJ&citation_for_view=RhUpdZ4AAAAJ:d1gkVwhDpl0C,,Amsterdam: John Benjamins Publishing Company,Samia Bazzi,,politics,0.636
,,"Translation and (un) worthy victims
S Bazzi - Language and Intercultural Communication, 2021
Cited by 6 Related articles All 2 versions",2021/5/4,21.0,,,,,426-441,"Translation Studies, Critical Discourse Studies, politics, media, comparative linguistics",Cited by 6,Samia Bazzi,,,Translation and (un) worthy victims,,Language and Intercultural Communication,,https://scholar.google.com/citations?view_op=view_citation&hl=en&user=RhUpdZ4AAAAJ&citation_for_view=RhUpdZ4AAAAJ:u-x6o8ySG0sC,3.0,Routledge,Samia Bazzi,"This paper adds a new approach to the study of victims’ discourse based on Herman and Chomsky’s original theorisation of worthy vs. unworthy victims. From a translation perspective, the paper investigates ideological intervention in media translations reporting on the victimhood of civilians. The study is based on a comparative analysis of English and Arabic media texts from international and national news outlets that have reported on various events during conflicts in the Middle East. The study argues that solidarity relations are a critical element that influence the text producer's/ translator's discourse, and can work at the expense of victim-oriented values.",media,0.606
,,"The non-translation strategy in translating ISIS radical discourse
S Bazzi - Journal of Language Aggression and Conflict, 2019
Cited by 6 Related articles All 3 versions",2019/11/25,7.0,,,,,133-155,"Translation Studies, Critical Discourse Studies, politics, media, comparative linguistics",Cited by 6,Samia Bazzi,,,The non-translation strategy in translating ISIS radical discourse,,Journal of Language Aggression and Conflict,,https://scholar.google.com/citations?view_op=view_citation&hl=en&user=RhUpdZ4AAAAJ&citation_for_view=RhUpdZ4AAAAJ:LkGwnXOMwfcC,2.0,John Benjamins Publishing Company,Samia Bazzi,"This paper examines the contribution of translation to the shaping of ISIS concepts and discourses circulated through its media machine, which includes Dabiq Magazine and the Al-Furqan Foundation. It will explore propaganda strategies used by ISIS to disseminate radical thought through professional digitalized media by drawing on a corpus of texts published in such outlets – including political speeches given by ISIS leaders, as well as online reports, all of which are translated by ISIS’ own translators, the mujtahidun (the industrious ones). A comparative analysis of the original and the translated texts reveals a number of translation strategies that ISIS deploys to construct radicalized knowledge, to serve a violent agenda, and to appeal to a large number of potential foreign fighters. It will be argued that non-translation is a particularly important strategy employed to achieve these objectives. It will also be …",media,0.604
,,"Critical discourse analysis
S Bazzi - The Routledge Handbook of Translation and …, 2022
Cited by 4 Related articles All 2 versions",2022/3/10,,,,,The Routledge Handbook of Translation and Methodology,155-171,"Translation Studies, Critical Discourse Studies, politics, media, comparative linguistics",Cited by 4,Samia Bazzi,,,Critical discourse analysis,,,,https://scholar.google.com/citations?view_op=view_citation&hl=en&user=RhUpdZ4AAAAJ&citation_for_view=RhUpdZ4AAAAJ:qjMakFHDy7sC,,Routledge,Samia Bazzi,"This chapter introduces critical discourse analysis (CDA) as a methodological approach to explore the nexus between translation as a social phenomenon and broader cultural and political structures. It sets out to provide a philosophical investigation into the nature of human knowledge and language representations. The chapter then proposes criteria of assessment based on social theory and its connections to language analysis in order to answer questions related to modernity, justice, morality, and forms of knowledge. I also provide a comprehensive literature review on CDA and its role as a valid methodology for translation research. After showing the contribution of CDA to translation studies, I provide some case studies from different genres to raise questions on power inequalities and on the different modes of social formations in other societies. The chapter concludes that studying translations in their own right …",translation studies,0.609
,"Traducción, medios de comunicación, opinión pública","El papel de la traducción en la deconstrucción y construcción de los discursos sectarios
S Bazzi - Traducción, medios de comunicación, opinión pública, 2016
Cited by 4 Related articles",2016,,,,,,73-98,"Translation Studies, Critical Discourse Studies, politics, media, comparative linguistics",Cited by 4,Samia Bazzi,,,El papel de la traducción en la deconstrucción y construcción de los discursos sectarios,,,,https://scholar.google.com/citations?view_op=view_citation&hl=en&user=RhUpdZ4AAAAJ&citation_for_view=RhUpdZ4AAAAJ:eQOLeE2rZwMC,,Comares,Samia Bazzi,,translation studies,0.2
,,"Media translation and conflict
S Bazzi - S. Bazzi, Arab News and Conflict: Discourse …, 2009
Cited by 3 Related articles",2009,,,,,,185-212,"Translation Studies, Critical Discourse Studies, politics, media, comparative linguistics",Cited by 3,Samia Bazzi,,,Media translation and conflict,,"S. Bazzi, Arab News and Conflict: Discourse Approaches to Politics, Society and Culture",,https://scholar.google.com/citations?view_op=view_citation&hl=en&user=RhUpdZ4AAAAJ&citation_for_view=RhUpdZ4AAAAJ:YOwf2qJgpHMC,,,S Bazzi,,media,0.68
,,"The contribution of register analysis<? br?> to the translation of Red Sorghum
S Bazzi, Y Shi - Translation and Translanguaging in Multilingual …, 2020
Cited by 1 Related articles All 4 versions",2020/8/19,6.0,,,,,211-229,"Translation Studies, Critical Discourse Studies, politics, media, comparative linguistics",Cited by 1,Samia Bazzi,,,The contribution of register analysis <?br?>to the translation of Red Sorghum,,Translation and Translanguaging in Multilingual Contexts,,https://scholar.google.com/citations?view_op=view_citation&hl=en&user=RhUpdZ4AAAAJ&citation_for_view=RhUpdZ4AAAAJ:UebtZRa9Y70C,3.0,John Benjamins Publishing Company,"Samia Bazzi, Yuran Shi","The Chinese novel Hóng Gāoliáng Jiāzú (红高粱家族, Red Sorghum ) was written by the Nobel-winning Chinese writer Mò Yán (莫言). Its Arabic translation (الذرة الرفيعة الحمراء, al-Dhurra al-Rafī‘a al-Hamrā) was published in . By comparing the Chinese source text with the Arabic target text, this paper aims to present an assessment of the Arabic translation based on an awareness of translation theory and, in particular, translation quality assessment or what is widely known as register analysis in order to propose additional solutions for the translation of Chinese literature into Arabic. The paper also surveys the field of translation studies specifically in regard to scholarship concerning translation between Chinese and Arabic, and it attempts to add additional literature for Chinese-Arabic translators or translator trainees. Relying …",translation studies,0.61
,,"A model solution for English-Arabic-English translation students: A case study from the Lebanese University
S Bazzi - Translation and Translanguaging in Multilingual …, 2018
Cited by 1 Related articles All 4 versions",2018,4.0,,,,,282-305,"Translation Studies, Critical Discourse Studies, politics, media, comparative linguistics",Cited by 1,Samia Bazzi,,,A model solution for English-Arabic-English translation students: A case study from the Lebanese University,,Translation and Translanguaging in Multilingual Contexts,,https://scholar.google.com/citations?view_op=view_citation&hl=en&user=RhUpdZ4AAAAJ&citation_for_view=RhUpdZ4AAAAJ:5nxA0vEk-isC,2.0,John Benjamins Publishing Company,Samia Bazzi,"This paper proposes a model that addresses students’ common errors in English-Arabic-English translation. My study documents an attempt to develop a new interconnectedness between students’ errors and translation theories that may improve their performance when translating different genres. Consistent and repeated errors produced by tens of students working on the same texts were compiled and analyzed. The errors showed lack of knowledge of genre structure, functional analysis, appropriate intervention as well as lack of understanding of the wider context upon which appropriate decisions can be made. The methodology expounded in this study involves describing and categorizing students’ errors. It suggests solutions grounded in translation theory and proposes comparisons with professional translations. This methodology proved to be very successful during my teaching experience at the …",politics,0.4
,,"Discourse shifts in the translation of politically sensitive texts with relevance to English/Arabic media texts
SB Donovan - 2006
Cited by 1 Related articles All 2 versions",2006,,,,,,,"Translation Studies, Critical Discourse Studies, politics, media, comparative linguistics",Cited by 1,Samia Bazzi,,,Discourse shifts in the translation of politically sensitive texts with relevance to English/Arabic media texts,Heriot-Watt University,,,https://scholar.google.com/citations?view_op=view_citation&hl=en&user=RhUpdZ4AAAAJ&citation_for_view=RhUpdZ4AAAAJ:UeHWp8X0CEIC,,,Samia Bazzi Donovan,"Discourse shifts in the translation of politically sensitive texts with relevance to English/Arabic media texts ROS Theses Repository Toggle navigation View Item ROS Home Management & Languages Doctoral Theses (Management & Languages) View Item ROS Home Management & Languages Doctoral Theses (Management & Languages) View Item ROS Home Management & Languages Doctoral Theses (Management & Languages) View Item Toggle navigation Admin Discourse shifts in the translation of politically sensitive texts with relevance to English/Arabic media texts View/Open DonovanSB_0406_smlBL.pdf (21.59Mb) Date 2006 Author Donovan, Samia Bazzi Metadata Show full item record Abstract Abstract unavailable please refer to PDF URI http://hdl.handle.net/10399/1112 Collections Doctoral Theses (Management & Languages) Search ROS This Collection Browse All of ROSCommunities & …",media,0.606
Language in a Failed State: Public Discourse in the Lebanese Crisis,,"How Does the Act of Coining Words and Expressions Help in the Manufacture of Failure?
S Bazzi - Language in a Failed State: Public Discourse in the …, 2024
Related articles",2024/10/1,,,,,,51-72,"Translation Studies, Critical Discourse Studies, politics, media, comparative linguistics",,Samia Bazzi,,,How Does the Act of Coining Words and Expressions Help in the Manufacture of Failure?,,,,https://scholar.google.com/citations?view_op=view_citation&hl=en&user=RhUpdZ4AAAAJ&citation_for_view=RhUpdZ4AAAAJ:ULOm3_A8WrAC,,Springer Nature Switzerland,Samia Bazzi,My first analytical tool will investigate how the political and financial establishment uses the formation of new words and expressions to assist in the process of state failure. This will present an additional insight into what makes a state fail and the way in which language can in fact gaslight the population. I rely on an examination of lexis and collocational patterns in order to determine one of the dimensions of the idea of a failed state and how it actually happens. I have searched for examples of such terms used repetitively and on a daily basis by the population.,translation studies,0.4
Language in a Failed State: Public Discourse in the Lebanese Crisis,,"Measuring Social Cohesion in a Failed State Through the Citizenry’s Own Evaluation and Speech Acts
S Bazzi - Language in a Failed State: Public Discourse in the …, 2024
Related articles",2024/10/1,,,,,,73-106,"Translation Studies, Critical Discourse Studies, politics, media, comparative linguistics",,Samia Bazzi,,,Measuring Social Cohesion in a Failed State Through the Citizenry’s Own Evaluation and Speech Acts,,,,https://scholar.google.com/citations?view_op=view_citation&hl=en&user=RhUpdZ4AAAAJ&citation_for_view=RhUpdZ4AAAAJ:Zph67rFs4hoC,,Springer Nature Switzerland,Samia Bazzi,"Here, I turn my attention in the other direction—to the citizens’ discourse and the degree of trust and social cohesion this reveals. To this end, I introduce another discourse feature, namely evaluation and speech acts that express the type of interpersonal relations that exist inside a failed state. My framework draws on Halliday’s contribution to discourse as exchange between participants, and my previous work on solidarity vs. enmity relations (Bazzi, Arab News and Conflict: A Multidisciplinary Discourse Study, John Benjamins, Amsterdam, 2009), as well as other works on the interpersonal and pragmatic functions of language. Clearly, such a framework begs a number of questions on how to relate discourse as a means of exchange to conceptions of social cohesion.",critical discourse studies,0.405
Language in a Failed State: Public Discourse in the Lebanese Crisis,,"How Is a Failed State Perceived by Its Citizenry? A Study of the Metaphors that Reveal These Perceptions
S Bazzi - Language in a Failed State: Public Discourse in the …, 2024
Related articles",2024/10/1,,,,,,107-133,"Translation Studies, Critical Discourse Studies, politics, media, comparative linguistics",,Samia Bazzi,,,How Is a Failed State Perceived by Its Citizenry? A Study of the Metaphors that Reveal These Perceptions,,,,https://scholar.google.com/citations?view_op=view_citation&hl=en&user=RhUpdZ4AAAAJ&citation_for_view=RhUpdZ4AAAAJ:KlAtU1dfN6UC,,Springer Nature Switzerland,Samia Bazzi,"The use of metaphor in the citizen’s language is yet another discourse feature we need to fathom as a measure of state failure, particularly as represented in the journalists’ or TV broadcasters’ perception and conceptualization of the situation. The label itself “failed” is a metaphor used by the citizens (ordinary or media producers) when they have to provide an imaginative description and reasoning of the performance of their own state and its inability to deliver. Hence, to continue explaining the notion of a state as a “failed”, or “weak”, from the perceptions of the citizenry, and to further examine the degrees of cohesion (inclusion vs. exclusion), corruption or sectarianism within the state, I intend to explore the way in which the citizens’ metaphors suggest a likeness to the actual experiences witnessed by individuals in such states.",media,0.604
Language in a Failed State: Public Discourse in the Lebanese Crisis,,"Why Has Lebanon Become a Failing State?
S Bazzi - Language in a Failed State: Public Discourse in the …, 2024
Related articles",2024/10/1,,,,,,19-30,"Translation Studies, Critical Discourse Studies, politics, media, comparative linguistics",,Samia Bazzi,,,Why Has Lebanon Become a Failing State?,,,,https://scholar.google.com/citations?view_op=view_citation&hl=en&user=RhUpdZ4AAAAJ&citation_for_view=RhUpdZ4AAAAJ:kNdYIx-mwKoC,,Springer Nature Switzerland,Samia Bazzi,"A large body of literature already exists on Lebanon’s compounding political, economic, security crises and consequent failure to provide key basic services to its population. This situation is represented in establishment journals, research institutes, annual indexes and international media outlets. Put briefly: Lebanon’s failure is no longer due to civil war, but rather the result of “deliberate inaction” (The World Bank. 2021. “Lebanon Sinking into One of the Most Severe Global Crises Episodes, amidst Deliberate Inaction.” June 1, 2021. https://www.worldbank.org/en/news/press-release/2021/05/01/lebanon-sinking-into-one-of-the-most-severe-global-crises-episodes. Accessed May 14, 2024.).
Beyond the wealth of financial and political analysis, the categorisation of Lebanon as a “failed” or “fragile” state requires a further level of exploration; that of the lived experience within the state itself. And this is ultimately the aim …",media,0.604
Language in a Failed State: Public Discourse in the Lebanese Crisis,,"How Can a CDA Approach Contribute to the Study of State Failure?
S Bazzi - Language in a Failed State: Public Discourse in the …, 2024
Related articles",2024/10/1,,,,,,31-46,"Translation Studies, Critical Discourse Studies, politics, media, comparative linguistics",,Samia Bazzi,,,How Can a CDA Approach Contribute to the Study of State Failure?,,,,https://scholar.google.com/citations?view_op=view_citation&hl=en&user=RhUpdZ4AAAAJ&citation_for_view=RhUpdZ4AAAAJ:MXK_kJrjxJIC,,Springer Nature Switzerland,Samia Bazzi,"This chapter suggests that Lebanon’s status as a failed state can be measured not only by its inability to provide the political goods that a state should supply, such as security, health care, infrastructure, and a safe monetary and banking system, but through its discourse practices. Thus, the hypothesis is that discourse analysis can unravel and further enhance our understanding of the effects of bad governance and irrational economic policies, or dependence on an entrenched practice of sectarian politics. At the beginning, I establish a thematic overview of Critical Discourse Analysis in order to answer the cluster of questions raised in other chapters in this book. The second section constructs a novel account of the theoretical framework of gaslighting, which I specifically call “gaslighting the population”.",politics,0.604
,,"Language in a Failed State
S Bazzi - 2024
Related articles All 2 versions",2024,,,,,,,"Translation Studies, Critical Discourse Studies, politics, media, comparative linguistics",,Samia Bazzi,,,Language in a Failed State,,,,https://scholar.google.com/citations?view_op=view_citation&hl=en&user=RhUpdZ4AAAAJ&cstart=20&pagesize=80&citation_for_view=RhUpdZ4AAAAJ:8k81kl-MbHgC,,,Samia Bazzi,"At the outset, I define this notion with the aim of building up a theoretical framework capable of interpreting the discourse that materializes collapse in a county.
I argue that the literature looking specifically at the meaning of failed state is extensive; however, I have not encountered, up to the time of writing, a study that analyses discourse in a failed state. The previous reflections on the concept of a “failed” or “fragile” state prompt a novel discussion and definition of the term, namely one based on discourse analysis, and its contribution in shaping the plural character of its meaning. I also argue that this book will explore the role of discourse in indicating the degree of state collapse and failure; hence the principal argument is that discourse both plays a role in that collapse and is a presenting symptom of social disintegration. Through this project, I seek to bridge this apparent gap in applied linguistic research on state …",critical discourse studies,0.404
,,"Translation and interpreting in conflict zones
M Baker, S Bazzi, M Inghilleri, SA Harding - 2019
Related articles",2019,,,,,,,"Translation Studies, Critical Discourse Studies, politics, media, comparative linguistics",,Samia Bazzi,,,Translation and interpreting in conflict zones,,,,https://scholar.google.com/citations?view_op=view_citation&hl=en&user=RhUpdZ4AAAAJ&cstart=20&pagesize=80&citation_for_view=RhUpdZ4AAAAJ:ufrVoPGSRksC,,,"Mona Baker, Samia Bazzi, Moira Inghilleri, Sue-Ann Harding","Translation and interpreting in conflict zones . Translation and interpreting in conflict zones LAUR Repository Login | Help LAUR Home → LAU Activities and Events → Lectures, presentations, talks, discussions etc. → View Item Translation and interpreting in conflict zones Baker, Mona; Bazzi, Samia; Inghilleri, Moira; Harding, Sue-Ann URI: http://hdl.handle.net/10725/9901 Date: 2018-12-21 Abstract: The two-day event includes lectures, roundtable discussion, workshops, and poster presentations. Show full item record Files in this item Files Size Format View There are no files associated with this item. This item appears in the following Collection(s) Lectures, presentations, talks, discussions etc. [80] Search LAUR Search LAUR This Collection Advanced Search Browse All of LAUR Communities & Collections By Issue Date Authors Titles Subjects This Collection By Issue Date Authors Titles Subjects My Account Login …",translation studies,0.405
,,"Foreign metaphors and Arabic translation
B Samia - Journal of Language and Politics, 2014
Related articles",2014/4/28,13.0,,,,,120-151,"Translation Studies, Critical Discourse Studies, politics, media, comparative linguistics",,Samia Bazzi,,,Foreign metaphors and Arabic translation,,Journal of Language and Politics,,https://scholar.google.com/citations?view_op=view_citation&hl=en&user=RhUpdZ4AAAAJ&cstart=20&pagesize=80&citation_for_view=RhUpdZ4AAAAJ:9yKSN-GCB0IC,1.0,John Benjamins Publishing Company,Bazzi Samia,"This paper attempts to bridge translation studies on metaphor with perspectives from cognitive and critical discourse studies. It provides a new contribution to the study of the interplay between language and politics by investigating the ideological motivations behind choices made by Arab journalists/translators in translating metaphors in reports of world events, in the Middle East in particular. The analytic approach adopted for the purpose of this study draws inspiration from cognitive linguistics, critical discourse studies, and descriptive translation studies. Through a comparative study of a corpus of news representations in Western and Middle Eastern sources, the study scrutinizes the role of metaphor in our perception of reality and interpretation of a news event. Based on an examination of the processing of metaphor in professional translations, the study concludes that metaphors can be classified into two main …",critical discourse studies,0.614
,,"Colleen Cotter. News Talk: Investigating the Language of Journalism. Cambridge, UK: Cambridge University Press. 2010. 280 pp. Hb (9780521819619) AUD 99.95/US 109.95/Pb (9780521525657) AUD 45.41/US 49.95. Samia Bazzi. Arab News and Conflict (Discourse Approaches to Politics, Society and Culture 34). Philadelphia, Pennsylvania: John Benjamins. 2009. 222 pp. Hb (9789027206251)€ 99.00/149.00.
M Goldrich - 2013
Related articles All 2 versions",2013/2,17.0,,,,Journal of Sociolinguistics,122-125,"Translation Studies, Critical Discourse Studies, politics, media, comparative linguistics",,Samia Bazzi,,,"Colleen Cotter. News Talk: Investigating the Language of Journalism. Cambridge, UK: Cambridge University Press. 2010. 280 pp. Hb (9780521819619) AUD 99.95/US 109.95/Pb …",,,,https://scholar.google.com/citations?view_op=view_citation&hl=en&user=RhUpdZ4AAAAJ&cstart=20&pagesize=80&citation_for_view=RhUpdZ4AAAAJ:u5HHmVD_uO8C,1.0,,Marissa Goldrich,"The media plays a great role in shaping our view of the world and therefore in our ideologies of ‘the other’. Through the increasing influence of the Internet on our lives, we now have better and quicker access to global news than ever before. Critical discourse analysis (CDA) emerged as a subfield of linguistics in the 1970s as a method of analyzing the relationship between language and power within the social sphere (Fowler et al. 1979). Since then, it has expanded to encompass a variety of discourse types and the ideologies that stem from them, including media discourse analysis. According to Garrett and Bell (1998), media discourse is important because of easy accessibility, the heavy representation of ideologies and influence on attitudes within a certain",media,0.604
,,"Book review: Samia Bazzi, Arab News and Conflict: A Multidisciplinary Discourse Study
L Hussein - 2012
Related articles",2012/5,23.0,,,,Discourse & Society,350-351,"Translation Studies, Critical Discourse Studies, politics, media, comparative linguistics",,Samia Bazzi,,,"Book review: Samia Bazzi, Arab News and Conflict: A Multidisciplinary Discourse Study",,,,https://scholar.google.com/citations?view_op=view_citation&hl=en&user=RhUpdZ4AAAAJ&cstart=20&pagesize=80&citation_for_view=RhUpdZ4AAAAJ:YsMSGLbcyi4C,3.0,SAGE Publications,Lutfi Hussein,"Book review: Samia Bazzi, Arab News and Conflict: A Multidisciplinary Discourse Study - Lutfi Hussein, 2012 Skip to main content Intended for healthcare professionals Skip to main content Sage Journals Home Search this journal Search all journals Enter search terms... SearchSearch Advanced search Enter search terms... SearchSearch Advanced search Search Access/ProfileAccess View access options View profile Create profile Cart Close Drawer MenuOpen Drawer MenuMenu Browse by discipline Select discipline: All disciplines All disciplines Health Sciences Life & Biomedical Sciences Materials Science & Engineering Social Sciences & Humanities Select subject: All subjects All subjects Allied Health Cardiology & Cardiovascular Medicine Dentistry Emergency Medicine & Critical Care Endocrinology & Metabolism Environmental Science General Medicine Geriatrics Infectious Diseases Medico-legal …",media,0.4
,,"Arab News and Conflict: Discourse Approaches to Politics, Society and Culture
A Moretti - Journalism and Mass Communication Quarterly, 2011
Related articles",2011/12/1,88.0,,,,,850,"Translation Studies, Critical Discourse Studies, politics, media, comparative linguistics",,Samia Bazzi,,,"Arab News and Conflict: Discourse Approaches to Politics, Society and Culture",,Journalism and Mass Communication Quarterly,,https://scholar.google.com/citations?view_op=view_citation&hl=en&user=RhUpdZ4AAAAJ&cstart=20&pagesize=80&citation_for_view=RhUpdZ4AAAAJ:hqOjcs7Dif8C,4.0,"SAGE PUBLICATIONS, INC.",Anthony Moretti,"[...] Arab media are apt to consider Israel's military as an invading, occupying, or otherwise heavy-handed force; in Western media discourse, it would be seen as strongly but fairly representing the needs of its people.[...] Bazzi notes that in one English-language report, a Reuters journalist stated that the White House"" had demanded"" Palestinian leader Yasser Arafat react to a suicide bombing and that Arafat"" complied.""",politics,0.606
,,"S. BAZZI, ARAB NEWS AND CONFLICT: A MULTIDISCIPLINARY DISCOURSE STUDY
A Gully - Australian Review of Applied Linguistics, 2011
Related articles",2011/4/14,33.0,,,,,,"Translation Studies, Critical Discourse Studies, politics, media, comparative linguistics",,Samia Bazzi,,,"S. BAZZI, ARAB NEWS AND CONFLICT: A MULTIDISCIPLINARY DISCOURSE STUDY",,Australian Review of Applied Linguistics,,https://scholar.google.com/citations?view_op=view_citation&hl=en&user=RhUpdZ4AAAAJ&cstart=20&pagesize=80&citation_for_view=RhUpdZ4AAAAJ:W7OEmFMy1HYC,2.0,,Adrian Gully,"The historical, religious, cultural, political and ideological background to the Arab-Israeli conflict has placed it at the forefront of international conflicts for decades. It continues",critical discourse studies,0.413
,,"Book review: Samia Bazzi, Arab News and Conflict: A Multi-Disciplinary Discourse Study (Discourse Approaches to Politics, Society and Culture series, Volume 34). Amsterdam/Philadelphia, PA: John Benjamins, 2009. xiv+ 224 pp., 115 (pbk)
V Markaki - Discourse Studies, 2011
Related articles All 2 versions",2011/2,13.0,,,,,122-124,"Translation Studies, Critical Discourse Studies, politics, media, comparative linguistics",,Samia Bazzi,,,"Book review: Samia Bazzi, Arab News and Conflict: A Multi-Disciplinary Discourse Study (Discourse Approaches to Politics, Society and Culture series, Volume 34). Amsterdam …",,Discourse Studies,,https://scholar.google.com/citations?view_op=view_citation&hl=en&user=RhUpdZ4AAAAJ&cstart=20&pagesize=80&citation_for_view=RhUpdZ4AAAAJ:Y0pCki6q_DkC,1.0,SAGE Publications,Vassiliki Markaki,"Samia Bazzi applies, in an expertly written way, a collection of notions derived from different socio-political-linguistic approaches, and proposes a model of political discourse analysis based on a careful observation of real-life examples. Her data are texts issued from Arab and Western media, such as newspapers and electronic media. When there is no official English version of a text, the author translates the Arabic version into English. On the one hand, the author deals with power issues in the language of the media during apparent conflicts. On the other hand, she studies different versions, both linguistic and ideological, of the same information, showing how it is transformed through quotations and translations considering various groups of target readers. In the Introduction, Bazzi provides a brief historical overview of the Arab–Israeli conflict. This opening chapter sketches the notion of ‘conflict’as a sensitive …",politics,0.604
,,"Arab News and Conflict: A Multi-Disciplinary Discourse Study (Discourse Approaches to Politics, Society and Culture series, Volume 34)
V Markaki - 2011
Related articles",2011/2/1,13.0,,,,Discourse Studies,122-124,"Translation Studies, Critical Discourse Studies, politics, media, comparative linguistics",,Samia Bazzi,,,"Arab News and Conflict: A Multi-Disciplinary Discourse Study (Discourse Approaches to Politics, Society and Culture series, Volume 34)",,,,https://scholar.google.com/citations?view_op=view_citation&hl=en&user=RhUpdZ4AAAAJ&cstart=20&pagesize=80&citation_for_view=RhUpdZ4AAAAJ:zYLM7Y9cAGgC,1.0,"Sage Publications, Ltd.",Vassiliki Markaki,"Samia Bazzi applies, in an expertly written way, a collection of notions derived from different socio-political-linguistic approaches, and proposes a model of political dis course analysis based on a careful observation of real-life examples. Her data are texts issued from Arab and Western media, such as newspapers and electronic media. When there is no official English version of a text, the author translates the Arabic version into English. On the one hand, the author deals with power issues in the language of the media during apparent conflicts. On the other hand, she studies different versions, both linguistic and ideological, of the same information, showing how it is transformed through quotations and translations considering various groups of target readers. In the Introduction, Bazzi provides a brief historical overview of the Arab-Israeli conflict. This opening chapter sketches the notion of'conflict'as a sensitive …",politics,0.604
,,"Review of Bazzi, S.(2009) Arab news and conflict: a multidisciplinary discourse study
A Gully - Australian Review of Applied Linguistics, 2010
Related articles All 2 versions",2010/1/1,33.0,https://www.jbe-platform.com/content/journals/10.2104/aral1019?crawler=true&mimetype=application/pdf,,,,19.1-19.4,"Translation Studies, Critical Discourse Studies, politics, media, comparative linguistics",,Samia Bazzi,,,"Review of Bazzi, S.(2009) Arab news and conflict: a multidisciplinary discourse study",,Australian Review of Applied Linguistics,,https://scholar.google.com/citations?view_op=view_citation&hl=en&user=RhUpdZ4AAAAJ&cstart=20&pagesize=80&citation_for_view=RhUpdZ4AAAAJ:Tyk-4Ss8FVUC,2.0,John Benjamins,Adrian Gully,"The historical, religious, cultural, political and ideological background to the Arab-Israeli conflict has placed it at the forefront of international conflicts for decades. It continues to be the subject of major focus in Western and Arab media, as well as one of the most painful and unresolved issues of our time. Yet in spite of widespread coverage by academics, journalists and political analysts there are very few studies about the way language is used to reflect the myriad of representations and stances on the topic. Therefore, Samia Bazzi’s analysis of media language and power in the Arab-Israeli conflict is to be welcomed, especially as she seems to fulfil her promise not to subscribe to ‘a particular ideological perspective’(p. 6).
Through a carefully woven framework of multidisciplinary discourse analysis Bazzi takes the reader on a fascinating journey through written news reports of various incidents and events relating to …",media,0.604
,,"S. Bazzi, Arab news and conflict: A multidisciplinary discourse study:(Amsterdam; Philadelphia: John Benjamins, 2009, pp. XIV, 222)
A Gully
Related articles All 3 versions",,,https://www.academia.edu/download/30366031/2052-9089-1-PB.pdf,,,,,"Translation Studies, Critical Discourse Studies, politics, media, comparative linguistics",,Samia Bazzi,,,"S. Bazzi, Arab news and conflict: A multidisciplinary discourse study:(Amsterdam; Philadelphia: John Benjamins, 2009, pp. XIV, 222)",,,,https://scholar.google.com/citations?view_op=view_citation&hl=en&user=RhUpdZ4AAAAJ&cstart=20&pagesize=80&citation_for_view=RhUpdZ4AAAAJ:WF5omc3nYNoC,,Monash University,Adrian Gully,"The historical, religious, cultural, political and ideological background to the Arab-Israeli conflict has placed it at the forefront of international conflicts for decades. It continues to be the subject of major focus in Western and Arab media, as well as one of the most painful and unresolved issues of our time. Yet in spite of widespread coverage by academics, journalists and political analysts there are very few studies about the way language is used to reflect the myriad of representations and stances on the topic. Therefore, Samia Bazzi’s analysis of media language and power in the Arab-Israeli conflict is to be welcomed, especially as she seems to fulfil her promise not to subscribe to ‘a particular ideological perspective’(p. 6).
Through a carefully woven framework of multidisciplinary discourse analysis Bazzi takes the reader on a fascinating journey through written news reports of various incidents and events relating to the conflict. After the introduction (Chapter 1) the book is divided into three parts. Part 1 looks at approaches to media discourse, including an important foundational chapter on its semiotic foundations (Chapter 2), an ideological perspective (Chapter 3), and a critical approach to discourse analysis (Chapter 4). Part 2 presents a model with which to analyze Arab media discourse, focusing on contextual factors (Chapter 5) and analysis of text strategy (Chapter 6). Part 3 deals with translation and the media, and assesses media translation and conflict (Chapter 7). For her main media sources Bazzi used two Arab satellite channels, al-Manar and al-Jazeera. For journalistic purposes she chose Reuters English and Arabic, AFP, and the …",media,0.602
