Book,Conference,Scholar articles,Publication date,Volume,PDF Link,Patent office,Report number,Source,Pages,Research Interests,Total citations,Researcher Name,Inventors,Patent number,Title,Institution,Journal,Application number,Scholar Link,Issue,Publisher,Authors,Description
,,"Boiling heat transfer and pressure drop of R-134a and R-1234yf in minichannels for low mass fluxes
S Mortada, A Zoughaib, C Arzano-Daurelle, D Clodic - International Journal of Refrigeration, 2012
Cited by 86 Related articles All 5 versions",2012/6/1,35,,,,,962-973,,Cited by 86,Sorina Mortada,,,Boiling heat transfer and pressure drop of R-134a and R-1234yf in minichannels for low mass fluxes,,International Journal of Refrigeration,,https://scholar.google.com/citations?view_op=view_citation&hl=en&user=po7Q76wAAAAJ&citation_for_view=po7Q76wAAAAJ:u5HHmVD_uO8C,4,Elsevier,"Sorina Mortada, A Zoughaib, Christine Arzano-Daurelle, Denis Clodic","Analysis of various existing correlations of predicting local heat transfer and pressure drop in minichannels is performed. Heat transfer coefficient is compared to experimental results. Tests are conducted in a 6-channel tube. Channels are rectangular with 1.1 mm hydraulic diameter. Test parameters were varied in the following ranges: mass flux G = 20–100 kg m−2 s−1, heat flux q” = 2–15 kW m−2, and vapor quality 0–1. Two working fluids are used R-134a and R-1234yf. Contrary to previous studies, in this study convective boiling was identified as the dominant boiling regime. The effect of the critical heat flux on the heat transfer coefficient for low mass flux is also studied. The realized tests are compared to several correlations. Four different intervals of mass and heat fluxes are detected. A correlation of the heat transfer coefficient is proposed for these different intervals."
,,"Dynamic modeling of an integrated air-to-air heat pump using Modelica
S Mortada, A Zoughaib, D Clodic, C Arzano-Daurelle - International Journal of Refrigeration, 2012
Cited by 17 Related articles All 6 versions",2012/8/1,35,,,,,1335-1348,,Cited by 17,Sorina Mortada,,,Dynamic modeling of an integrated air-to-air heat pump using Modelica,,International Journal of Refrigeration,,https://scholar.google.com/citations?view_op=view_citation&hl=en&user=po7Q76wAAAAJ&citation_for_view=po7Q76wAAAAJ:9yKSN-GCB0IC,5,Elsevier,"Sorina Mortada, Assad Zoughaib, Denis Clodic, Christine Arzano-Daurelle","Heat pump systems have gained significant market shares in Europe recently. The control strategy is an asset for the efficient operation of these thermodynamic systems; especially with compact integrated components. The predictive control, which allows fast system stabilization, is based on the description of the system physical behavior. Thus, dynamic modeling is needed for the development of such control. The model has to represent the system response to usual external perturbations met during current operation such as the variation of air temperature and air mass flow rate. The aim of this paper is to present a dynamic model of a thermodynamic system developed in the Dymola environment, which is an object-oriented modeling environment. The heat-pump components are created separately as individual objects, and then connected to form the system. The model of each component is described and the …"
,,"Design of a Turgo two-phase turbine runner
Y Aaraj, S Mortada, D Clodic, M Nemer - 2014
Cited by 16 Related articles All 6 versions",2014,,https://docs.lib.purdue.edu/cgi/viewcontent.cgi?article=2381&context=iracc,,,,,,Cited by 16,Sorina Mortada,,,Design of a Turgo two-phase turbine runner,,,,https://scholar.google.com/citations?view_op=view_citation&hl=en&user=po7Q76wAAAAJ&citation_for_view=po7Q76wAAAAJ:eQOLeE2rZwMC,,,"Youssef Aaraj, Sorina Mortada, Denis Clodic, Maroun Nemer","A two-phase impulse turbine used to replace the classic expansion valve in a refrigeration system needs a nozzle/expander to transform the flow stored enthalpy into kinetic energy, and a runner that comes afterwards to transform the flow kinetic energy into torque. That process transforms the isenthalpic expansion of the refrigerant into, ideally, an isentropic one. Replacing a classic isenthalpic expansion with a nearly isentropic one increases the cycle cooling capacity by 8% up to 20% for the same compressor input power and generates an additional electric power by the two-phase turbine. During the expansion in the nozzle, the static pressure of the flow decreases and a phase change occurs, for the flow is slightly subcooled, by 2 to 3 K, at the nozzle entrance. A Turgo turbine runner design is presented. The runner makes use of the kinetic energy of a two-phase flow and transforms it into torque. The geometry and material of the runner components are chosen to provide mechanical integrity and high efficiency. The design takes into consideration the number of buckets, the flow behavior inside a bucket, the power loss due to drag force, the flow impingement angle with the bucket and many other factors. The variation of the efficiency of the runner with the refrigerant quality and the gas physical properties is also studied. FEM (finite element method) is used to calculate the mechanical stress on the structure of the runner that is supposed to withstand static and fatigue stress, and erosion due to the two-phase nature of the flow. FEM is also used to visualize the flow inside the bucket and to estimate the power loss due to drag force. The calculated …"
,,"Impacts of heating and cooling on electrified vehicles
D Clodic, E Zgheib, S Mortada - Proceedings of the 4th European Workshop—MAC and …, 2011
Cited by 13 Related articles",2011/12/1,,,,,,,,Cited by 13,Sorina Mortada,,,Impacts of heating and cooling on electrified vehicles,,Proceedings of the 4th European Workshop—MAC and Vehicle Thermal Systems,,https://scholar.google.com/citations?view_op=view_citation&hl=en&user=po7Q76wAAAAJ&citation_for_view=po7Q76wAAAAJ:zYLM7Y9cAGgC,,,"Denis Clodic, Elias Zgheib, Sorina Mortada",
,,"The First Energy Indicators Report of the Republic of Lebanon
S Mortada - InTechnical Report, 2018
Cited by 6 Related articles",2018/2,,,,,http://lcec.org.lb/en/LCEC/DownloadCenter/Others#page=1,,,Cited by 6,Sorina Mortada,,,The first energy indicators report for the republic of Lebanon,,,,https://scholar.google.com/citations?view_op=view_citation&hl=en&user=po7Q76wAAAAJ&citation_for_view=po7Q76wAAAAJ:Se3iqnhoufwC,,,Sorina Mortada,
,,"Energy efficiency of air-to-air mini heat pump
S Mortada, A Zoughaib, C Arzano-Daurelle, D Clodic - 2010
Cited by 3 Related articles All 4 versions",2010,,https://docs.lib.purdue.edu/cgi/viewcontent.cgi?article=2077&context=iracc,,,,,,Cited by 3,Sorina Mortada,,,Energy efficiency of air-to-air mini heat pump,,,,https://scholar.google.com/citations?view_op=view_citation&hl=en&user=po7Q76wAAAAJ&citation_for_view=po7Q76wAAAAJ:2osOgNQ5qMEC,,,"Sorina Mortada, Assaad Zoughaib, Christine Arzano-Daurelle, Denis Clodic",Mini-channel heat exchangers (MCHE) are used in automobile applications due to their low weight and high compactness. Those MCHEs have just gained interest in stationary applications and they have a great potential for low heating capacity heat pumps to be installed in “passive houses” where the heating demand is 3 to 5 times lower than the current new individual houses built in European countries. This paper compares performance and efficiency of a low-capacity heat pump (< 2 kW) with mini-channels as evaporator and condenser (mini-heat pump MHP) and an existing heat pump (EHP). This MHP is based on a third heat exchanger that will ensure an important part of a passive house heating demand. A numerical model of a heat pump is presented in order to achieve this comparison.
,10th International Energy Agency Heat Pump Conference 2011-HPC 2011,"Energy efficient air to air heat pump operating with R-1234yf
S Mortada, D Clodic, C Arzano-Daurelle - 10th International Energy Agency Heat Pump …, 2011
Cited by 2 Related articles All 6 versions",2011/5/16,,https://minesparis-psl.hal.science/hal-00770147/document,,,,8 p.,,Cited by 2,Sorina Mortada,,,Energy efficient air to air heat pump operating with R-1234yf,,,,https://scholar.google.com/citations?view_op=view_citation&hl=en&user=po7Q76wAAAAJ&citation_for_view=po7Q76wAAAAJ:d1gkVwhDpl0C,,,"Sorina Mortada, Denis Clodic, Christine Arzano-Daurelle","Significant improvements in energy performance of air-to-air heat pumps are the major reason of their introduction in the late '90s for heating buildings in Japan and several European countries. They are installed in multi-dwelling units and in individual houses. Some of them are using variable speed compressors. European existing air-to-air heat pumps are not adapted for the low-energy building requirements. Their heating capacity is relatively higher than the heating demand and their energy efficiency is not sufficient. This paper presents a low-capacity heating system: a mini-heat pump (MHP). The MHP consists of mini-channel heat exchangers for the condenser and evaporator. In order to improve the overall energy efficiency, a recovery air-to-air heat exchanger (RHX) fulfills a significant part of a passive house heating demand. A first prototype of the MHP is realized and series of tests are presented in this paper with two refrigerants: R-134a and R-1234yf."
,"Conference Sustainable Refrigeration and Heat Pump Technology, 2nd Workshop on Refrigrerant Charge Reduction","Heat transfer performance of a mini-channel evaporator for heat pump application
S Mortada, A Zoughaib, D Clodic - Conference Sustainable Refrigeration and Heat Pump …, 2010
Cited by 2 Related articles All 2 versions",2010/6/13,,,,,,,,Cited by 2,Sorina Mortada,,,Heat transfer performance of a mini-channel evaporator for heat pump application,,,,https://scholar.google.com/citations?view_op=view_citation&hl=en&user=po7Q76wAAAAJ&citation_for_view=po7Q76wAAAAJ:u-x6o8ySG0sC,,,"Sorina Mortada, Assaad Zoughaib, Denis Clodic","Heat transfer performance of a mini-channel evaporator for heat pump application - Mines Paris Recherche Accéder directement au contenu Pied de page Logo Logo Documentation Se connecter Portail HAL Mines Paris Recherche Loading... Recherche avancée Information de documents Titres Titres Sous-titre Titre de l'ouvrage Titre du volume (Série) Champ de recherche par défaut (multicritères) + texte intégral des PDF Résumé Texte intégral indexé des documents PDF Mots-clés Type de document Sous-type de document Tous les identifiants du document Identifiant HAL du dépôt Langue du document (texte) Pays (Texte) Ville À paraître (true ou false) Ajouter Auteur Auteur (multicritères) Auteur (multicritères) Auteur : Nom complet Auteur : Nom de famille Auteur : Prénom Auteur : Complément de nom, deuxième prénom Auteur : Organisme payeur Auteur : IdHal (chaîne de caractères) Auteur : Fonction Auteur : …"
,15th International Refrigeration and Air Conditioning Conference,"Performance comparison of round tubes finned heat exchangers and macro micro-channel heat exchangers in a low capacity heat pump
A Zoughaib, S Mortada, F Khayat, C Arzano-Daurelle… - 15th International Refrigeration and Air Conditioning …, 2014
Cited by 1 Related articles All 10 versions",2014,,https://minesparis-psl.hal.science/hal-01299946/document,,,,,,Cited by 1,Sorina Mortada,,,Performance comparison of round tubes finned Heat Exchangers and macro Micro-Channel Heat Exchangers in a low capacity Heat Pump,,,,https://scholar.google.com/citations?view_op=view_citation&hl=en&user=po7Q76wAAAAJ&citation_for_view=po7Q76wAAAAJ:Tyk-4Ss8FVUC,,,"C.Arzano-Daurelle A. Zoughaib, S.Mortada, F.Khayat, C. Teuillieres","Micro-channel heat exchangers (MCHE) are used in automobile applications due to their low weight and high compactness. Those MCHE are just gaining interest in stationary application and they have a great potential for low heating capacity heat pumps to be installed in "" passive houses "" where the heating demand is 3 to 5 times lower than in the current new individual houses built in European countries. In this paper, a low capacity integrated air to air heat pump prototype is used to perform an experimental comparison of both a round finned tube and a MCHE used as an evaporator. The MCHE is a prototype one using flat fins. The comparison is based on a constant face surface criterion and an equivalent cooling capacity for different inlet temperature and air flow rate conditions. R-134a is the refrigerant used in the heat pump. First both evaporators' performances are compared experimentally and the results show a clear advantage for the MCHE. In a second step, the behavior of the MCHE evaporator is studied under frosting conditions. The frosting kinetics and the defrosting behavior are analyzed. The results show a behavior similar to round tube finned heat exchangers with frosting cycle higher than 45mn and a defrosting using ventilation exhaust air in less than 10mn."
,,"Étude et modélisation d'une pompe à chaleur intégrée dans un système double flux et utilisant des échangeurs à mini-canaux
S Mortada - 2011
Cited by 1 Related articles",2011/1/1,,,,,,,,Cited by 1,Sorina Mortada,,,Étude et modélisation d'une pompe à chaleur intégrée dans un système double flux et utilisant des échangeurs à mini-canaux,"Paris, ENMP",,,https://scholar.google.com/citations?view_op=view_citation&hl=en&user=po7Q76wAAAAJ&citation_for_view=po7Q76wAAAAJ:_FxGoFyzp5QC,,,Sorina Mortada,"Le secteur du bâtiment est le secteur le plus consommateur d'énergie en France. Les réglementations exigent la réduction de ces consommations en imposant le label bâtiment à basse consommation énergétique. Ces bâtiments devront consommer moins de 50 kWh ep/m ˉ². Anˉ¹ pour le chauffage, la ventilation, la climatisation, l'eau chaude sanitaire et l'éclairage. Les systèmes de chauffage adaptés à ce type de bâtiments sont quasiment absents sur le marché français. Le développement technologique dans cette thèse concerne une pompe à chaleur air/air associant la ventilation double flux et le chauffage à faible puissance thermique (mini-PAC). Les critères de développements ont une performance énergétique, un coût faible et une compacité facilitant l'intégration dans un système de gestion globale de l'air d'une maison individuelle. Les composants permettant de remplir ces critères sont des échangeurs à mini-canaux en aluminium brasé, un échangeur-récuprateur à haute efficacité et des compresseurs à vitesse variable. Le premier prototype de la mini-PAC réalisé a présenté des COP supérieurs à 4, même pour les températures extérieures basses. Une nouvelle technique de dégivrage a été testée sur l'évaporateur. Une logique de régulation optimale a été identifiée et testée. Les développements méthodologiques touchent la métrologie miniaturisée, le développement des corrélations indispensables pour la modélisation des échangeurs à mini-canaux et la modélisation dynamique d'un système theermodynamiqueair/air intégré. Les essais sur un banc spécifique ont permis la proposition d'une nouvelle corrélation pour calculer …"
,Regional Cigre Conference,,2018/4,,,,,,,,,Sorina Mortada,,,“Eastern Mediterranean Power Systems Evolution”- Challenges and Opportunities for Middle East Countries such as Lebanon and Jordan,,,,https://scholar.google.com/citations?view_op=view_citation&hl=en&user=po7Q76wAAAAJ&citation_for_view=po7Q76wAAAAJ:UebtZRa9Y70C,,,"S. Mortada A. AL- Azzam, M. Celozzi, A. Mannocchi, G. Manzoni",
,,,2016/11,,,,,http://lcec.org.lb/en/LCEC/DownloadCenter/Others#page=3,,,,Sorina Mortada,,,The National Renewable Energy Action Plan for Lebanon,,,,https://scholar.google.com/citations?view_op=view_citation&hl=en&user=po7Q76wAAAAJ&citation_for_view=po7Q76wAAAAJ:roLk4NBRz8UC,,,"Joseph Al Asad, Sorina Mortada, Hassan Harajli",
,,,2016/3,,,,,http://lcec.org.lb/en/LCEC/DownloadCenter/Others#page=3,,,,Sorina Mortada,,,The second National Energy Efficiency Action plan for Lebanon,,,,https://scholar.google.com/citations?view_op=view_citation&hl=en&user=po7Q76wAAAAJ&citation_for_view=po7Q76wAAAAJ:LkGwnXOMwfcC,,,Sorina Mortada,
,ECOS 2014,"Simulation of a two-phase flow through a DeLaval Nozzle
Y Aaraj, S Mortada, D Clodic, M Nemer - ECOS 2014, 2014
Related articles All 2 versions",2014/6/15,,,,,,,,,Sorina Mortada,,,Simulation of a two-phase flow through a DeLaval Nozzle,,,,https://scholar.google.com/citations?view_op=view_citation&hl=en&user=po7Q76wAAAAJ&citation_for_view=po7Q76wAAAAJ:WF5omc3nYNoC,,,"Youssef Aaraj, Sorina Mortada, Denis Clodic, Maroun Nemer","A two-phase impulse turbine used to replace the classic expander in a refrigeration cycle needs a nozzle/expander to transform the flow enthalpy into kinetic energy. Replacing a classic isenthalpic expansion with isentropic one, increases the cooling capacity by up to 20% for the same compressor input power and generates an additional electric power. During this transformation, the static pressure of the flow decreases and a phase change occurs at the nozzle inlet. The mechanics of an expanding and flashing flow in the convergent and divergent parts of the nozzle is studied analytically and then simulated using the CFD software Fluent13. A separate evaporation model is added to the fluid dynamics algorithms in Fluent13 in order to create the phase change inside the nozzle. The evaporation model is based on the classical theory of nucleation and on experimental results: it calculates the heterogeneous nucleation initiated by the wall cavities and the heterogeneous nucleation initiated by the presence of vapor bubbles in the flow. The accuracy of the Fluent13 model is verified by comparing its results to experimental results with the same boundary conditions and nozzle geometry."
,"27th International Conference on Efficiency, Cost, Optimization, Simulation and Environmental Impact of Energy Systems",,2014,,,,,,,,,Sorina Mortada,,,Simulation of a two-phase flow through a DeLaval Nozzle,,,,https://scholar.google.com/citations?view_op=view_citation&hl=en&user=po7Q76wAAAAJ&citation_for_view=po7Q76wAAAAJ:W7OEmFMy1HYC,,,"M.Nemer Y.Aaraj, S.Mortada,, D. Clodic",
,15th International Refrigeration and Air Conditioning Conference,,2014,,,,,,,,,Sorina Mortada,,,Design of a TURGO two-phase turbine,,,,https://scholar.google.com/citations?view_op=view_citation&hl=en&user=po7Q76wAAAAJ&citation_for_view=po7Q76wAAAAJ:Y0pCki6q_DkC,,,"M.Nemer Y.Aaraj, S.Mortada,, D. Clodic",
,"26 th International Conference  on Efficiency, Cost, Optimization,  Simulation and Environmental   Impact of Energy Systems",,2013,,,,,,,,,Sorina Mortada,,,Organic Rankine Cycle integration in industrial processes,,,,https://scholar.google.com/citations?view_op=view_citation&hl=en&user=po7Q76wAAAAJ&citation_for_view=po7Q76wAAAAJ:IjCSPb-OGe4C,,,"Sorina Mortada, Youssef Aaraj, Denis Clodic, Elias Boulawz Ksayer, Walid Said",
,Automotive summit,,2010,,,,,,,,,Sorina Mortada,,,"Design issues for heat pumping MAC systems in cars, using R-1234yf",,,,https://scholar.google.com/citations?view_op=view_citation&hl=en&user=po7Q76wAAAAJ&citation_for_view=po7Q76wAAAAJ:UeHWp8X0CEIC,,,"Denis Clodic, Elias Zgheib, Sorina Mortada, Elias Boulawz Ksayer",
