Book,Conference,Scholar articles,Publication date,Volume,PDF Link,Patent office,Report number,Source,Pages,Research Interests,Total citations,Researcher Name,Inventors,Patent number,Title,Institution,Journal,Application number,Scholar Link,Issue,Publisher,Authors,Description,Classified_Topic,Classification_Confidence
,,"Sex-dependent behavioral deficits and neuropathology in a maternal immune activation model of autism
O Haida, T Al Sagheer, A Balbous, M Francheteau… - Translational psychiatry, 2019
Cited by 134 Related articles All 12 versions",2019/3/28,,https://www.nature.com/articles/s41398-019-0457-y,,,,,"Behavioral neuroscience, Cognitive neuroscience, Cell biology, Anatomy",Cited by 134,Tareq Al Sagheer,,,Sex-dependent behavioral deficits and neuropathology in a maternal immune activation model of autism,,Translational Psychiatry,,https://scholar.google.com/citations?view_op=view_citation&hl=en&user=0Nz8Iv4AAAAJ&citation_for_view=0Nz8Iv4AAAAJ:9yKSN-GCB0IC,,,"Obelia Haida, Tareq Al Sagheer, Anais balbous, Maureen Francheteau, Emmanuel Matas, Federico Soria, Pierre-Olivier Fernagut, Mohamed Jaber","Infections during gestation and the consequent maternal immune activation (MIA) increase the risk of developing neuropsychiatric disorders in infants and throughout life, including autism spectrum disorders (ASD). ASD is a neurodevelopmental disorder that affects three times more males than females and is mainly characterized by deficits in social communication and restricted interests. Consistent findings also indicate that ASD patients suffer from movement disorders, although these symptoms are not yet considered as diagnosis criteria. Here we used the double-stranded RNA analog polyinosinic:polycytidylic acid (poly I:C) MIA animal model of ASD in mice and explored its effects in males and females on social and motor behavior. We then investigated brain areas implicated in controlling and coordinating movements, namely the nigro-striatal pathway, motor cortex and cerebellum. We show that male mice …",behavioral neuroscience,0.404
,,"Motor impairments correlate with social deficits and restricted neuronal loss in an environmental model of autism
T Al Sagheer, O Haida, A Balbous, M Francheteau… - International Journal of Neuropsychopharmacology, 2018
Cited by 85 Related articles All 14 versions",2018/9,21.0,https://academic.oup.com/ijnp/article-pdf/21/9/871/25645775/pyy043.pdf,,,,871-882,"Behavioral neuroscience, Cognitive neuroscience, Cell biology, Anatomy",Cited by 85,Tareq Al Sagheer,,,Motor impairments correlate with social deficits and restricted neuronal loss in an environmental model of autism,,International Journal of Neuropsychopharmacology,,https://scholar.google.com/citations?view_op=view_citation&hl=en&user=0Nz8Iv4AAAAJ&citation_for_view=0Nz8Iv4AAAAJ:u-x6o8ySG0sC,9,Oxford University Press,"Tareq Al Sagheer, Obelia Haida, Anais Balbous, Maureen Francheteau, Emmanuel Matas, Pierre-Olivier Fernagut, Mohamed Jaber","Background
Motor impairments are amongst the earliest and most consistent signs of autism spectrum disorders but are not used as diagnostic criteria. In addition, the relationship between motor and cognitive impairments and their respective neural substrates remain unknown.
Methods
Here, we aimed at determining whether a well-acknowledged animal model of autism spectrum disorders, the valproic acid model, displays motor impairments and whether they may correlate with social deficits and neuronal loss within motor brain areas. For this, pregnant female mice (C57BL/6J) received valproic acid (450 mg/kg) at embryonic day 12.5 and offspring underwent a battery of behavioral analyses before being killed for histological correlates in motor cortex, nigrostriatal pathway, and cerebellum.
Results
We show that while valproic acid male mice show both …",anatomy,0.4
,,"Neurological soft signs in bipolar and unipolar disorder: a case-control study
T Al Sagheer, S Assaad, G Haddad, D Hachem… - Psychiatry Research, 2018
Cited by 19 Related articles All 4 versions",2018/3/1,261.0,,,,,253-258,"Behavioral neuroscience, Cognitive neuroscience, Cell biology, Anatomy",Cited by 19,Tareq Al Sagheer,,,Neurological soft signs in bipolar and unipolar disorder: a case-control study,,Psychiatry Research,,https://scholar.google.com/citations?view_op=view_citation&hl=en&user=0Nz8Iv4AAAAJ&citation_for_view=0Nz8Iv4AAAAJ:u5HHmVD_uO8C,,Elsevier,"Tareq Al Sagheer, Shafika Assaad, Georges Haddad, Dory Hachem, Chadia Haddad, Souheil Hallit","Neuropsychiatric disorders are associated with neurological soft signs (NSS), including motor, sensory, and inhibitory dysfunction. The present study aims at determining the prevalence of NSS and explore the association of sociodemographic characteristics with the occurrence of NSS in patients with bipolar disorder and unipolar depression compared to healthy controls. A case-control study included a sample of 50 bipolar and unipolar patients and 50 healthy controls. NSS subscales of the Neurological Evaluation Scale (NES) were administered to each participant. Significant differences were found in the total NES score, motor coordination, sensory integration, sequence of complex motor act and other subscales among the three groups. Compared with healthy controls, patients with bipolar disorder showed significantly more total NSS signs, motor coordination signs and sensory-integration signs. When …",anatomy,0.4
,,"The prostate cancer therapy enzalutamide compared with abiraterone acetate/prednisone impacts motivation for exploration, spatial learning and alters dopaminergic transmission in aged castrated mice
C Nicola, M Dubois, C Campart, T Al Sagheer… - Cancers, 2021
Cited by 9 Related articles All 11 versions",2021/7/14,13.0,https://www.mdpi.com/2072-6694/13/14/3518,,,,3518,"Behavioral neuroscience, Cognitive neuroscience, Cell biology, Anatomy",Cited by 9,Tareq Al Sagheer,,,"The prostate cancer therapy enzalutamide compared with abiraterone acetate/prednisone impacts motivation for exploration, spatial learning and alters dopaminergic transmission …",,Cancers,,https://scholar.google.com/citations?view_op=view_citation&hl=en&user=0Nz8Iv4AAAAJ&citation_for_view=0Nz8Iv4AAAAJ:MXK_kJrjxJIC,14,MDPI,"Celeste Nicola, Martine Dubois, Cynthia Campart, Tareq Al Sagheer, Laurence Desrues, Damien Schapman, Ludovic Galas, Marie Lange, Florence Joly, Hélène Castel","Simple Summary
Cognitive side effects and fatigue after cancer treatment now constitute a major challenge in oncology. Abiraterone acetate plus prednisone (AAP) and enzalutamide (ENZ) are next-generation therapies improving metastatic castration-resistant prostate cancer (mCRPC) patient survival, but also associated with neurological disturbances. We developed a behavioral 17 months-aged and castrated mouse model receiving AAP or ENZ for 5 days per week for six weeks. We establish that ENZ impacts locomotor and explorative behaviors, and strength capacity likely by preventing binding of central synthetized androgens to androgen receptors expressed by dopamine neurons of the Substantia Nigra and the Ventral Tegmentum. ENZ also reduces the cognitive score, associated with less neuronal activity in dorsal hippocampal areas. This demonstrates ENZ-specific consequences on motivation to exploration and cognition, being of particular importance for future management of elderly prostate cancer patients and their quality of life.
Abstract
Cognitive side effects after cancer treatment threatening quality of life (QoL) constitute a major challenge in oncology. Abiraterone acetate plus prednisone (AAP) and enzalutamide (ENZ) are examples of next-generation therapy (NGT) administered to metastatic castration-resistant prostate cancer (mCRPC) patients. NGT significantly improved mCRPC overall survival but neurological side effects such as fatigue and cognitive impairment were reported. We developed a behavioral 17 months-aged and castrated mouse model receiving per os AAP or ENZ for 5 …",behavioral neuroscience,0.403
,,"The effect of neuroinflammation on the cerebral metabolism at baseline and after neural stimulation in neurodegenerative diseases
F Cheataini, N Ballout, T Al Sagheer - Journal of Neuroscience Research, 2023
Cited by 8 Related articles All 4 versions",2023/8,101.0,,,,Journal of Neuroscience Research,1360-1379,"Behavioral neuroscience, Cognitive neuroscience, Cell biology, Anatomy",Cited by 8,Tareq Al Sagheer,,,The effect of neuroinflammation on the cerebral metabolism at baseline and after neural stimulation in neurodegenerative diseases,,,,https://scholar.google.com/citations?view_op=view_citation&hl=en&user=0Nz8Iv4AAAAJ&citation_for_view=0Nz8Iv4AAAAJ:3fE2CSJIrl8C,8,,"Fatima Cheataini, Nissrine Ballout, Tareq Al Sagheer","Neuroinflammation is a reaction of nervous tissue to an attack caused by an infection, a toxin, or a neurodegenerative disease. It involves brain metabolism adaptation in order to meet the increased energy needs of glial cell activation, but the nature of these adaptations is still unknown. Increasing interest concerning neuroinflammation leads to the identification of its role in neurodegenerative diseases. Few reports studied the effect of metabolic alteration on neuroinflammation. Metabolic damage initiates a pro‐inflammatory response by microglial activation. Moreover, the exact neuroinflammation effect on cerebral cell metabolism remains unknown. In this study, we reviewed systematically the neuroinflammation effect in animal models' brains. All articles showing the relationship of neuroinflammation with brain metabolism, or with neuronal stimulation in neurodegenerative diseases were considered. Moreover …",anatomy,0.4
,,"Optogenetics in chronic neurodegenerative diseases, controlling the brain with light: A systematic review
R El Hajj, T Al Sagheer, N Ballout - Journal of Neuroscience Research, 2024
Cited by 5 Related articles All 3 versions",2024/4,102.0,https://onlinelibrary.wiley.com/doi/am-pdf/10.1002/jnr.25321,,,Journal of Neuroscience Research,e25321,"Behavioral neuroscience, Cognitive neuroscience, Cell biology, Anatomy",Cited by 5,Tareq Al Sagheer,,,"Optogenetics in chronic neurodegenerative diseases, controlling the brain with light: A systematic review",,,,https://scholar.google.com/citations?view_op=view_citation&hl=en&user=0Nz8Iv4AAAAJ&citation_for_view=0Nz8Iv4AAAAJ:kNdYIx-mwKoC,4,,"Rojine El Hajj, Tareq Al Sagheer, Nissrine Ballout","Neurodegenerative diseases are progressive disorders characterized by synaptic loss and neuronal death. Optogenetics combines optical and genetic methods to control the activity of specific cell types. The efficacy of this approach in neurodegenerative diseases has been investigated in many reviews, however, none of them tackled it systematically. Our study aimed to review systematically the findings of optogenetics and its potential applications in animal models of chronic neurodegenerative diseases and compare it with deep brain stimulation and designer receptors exclusively activated by designer drugs techniques. The search strategy was performed based on the PRISMA guidelines and the risk of bias was assessed following the Systematic Review Centre for Laboratory Animal Experimentation tool. A total of 247 articles were found, of which 53 were suitable for the qualitative analysis. Our data revealed …",anatomy,0.4
,,"Two weeks of chronic unpredictable stress are sufficient to produce oral candidiasis in balb/C mice
MH Halawi, W Yassine, R Nasser, H Yusef, J Borjac… - Asian Journal of Microbiology, Biotechnology and …, 2020
Cited by 3 Related articles All 6 versions",2020/2/11,22.0,https://hal.science/hal-02999854v1/file/AJM-5.pdf,,,,254-264,"Behavioral neuroscience, Cognitive neuroscience, Cell biology, Anatomy",Cited by 3,Tareq Al Sagheer,,,Two weeks of chronic unpredictable stress are sufficient to produce oral candidiasis in balb/C mice,,"Asian Journal of Microbiology, Biotechnology and Environmental Sciences",,https://scholar.google.com/citations?view_op=view_citation&hl=en&user=0Nz8Iv4AAAAJ&citation_for_view=0Nz8Iv4AAAAJ:5nxA0vEk-isC,2,,"Mohammad Hassan Halawi, Wissam Yassine, Roudaina Nasser, Hoda Yusef, Jamilah Borjac, Tareq Al Sagheer, Zaher Zeaiter","The incidence of oral infections caused by Candida species with diverse virulence and susceptibility profiles has increased in recent years. Due to scarce clinical and experimental data on the ability of stress to induce oral candidiasis, the aim of this study was to assess the impact of stress on oral candidiasis in healthy BALB/c mice and compare its effect to other predisposing factors of oral candidiasis. Immunocompetent and immunocompromised BALB/c female mice were orally infected with C. albicans. A total of four groups of mice each receiving a different treatment were screened. Treatments included antibiotics, corticosteroids and chronic unpredictable stress. Oral tissue colonization and infection was inspected and evaluated comparatively in each group. Tissue burden on day 14 post challenge was measured and mice tongues were inspected for white patches and studied histo-pathologically for evidence of colonization or infection. The induced stress model was able to result in oral colonization and infection without the use of antibiotics or immuno-suppressants. Moreover, the fungal burden was significantly greater in stressed group than that in groups receiving antibiotics treatment or control group. Histopathological examination revealed the abundant presence of C. albicans cells with pseudo-hyphae and in the yeast form, in all tongue tissue samples of treated mice. Tissues were intact in the control group and Candida cells count was significantly lower in the treated unstressed group. White patches were significantly more dominant in stressed group than non-stressed and control group. In conclusion, stress maybe a more potent …",behavioral neuroscience,0.4
,,"Perte neuronale sélective dans des régions cérébrales régulant la motricité: implication dans l’autisme
M Jaber, O Haida, T El Sagheer, PO Fernagut - Morphologie, 2019
Related articles",2019/11/1,103.0,,,,,82,"Behavioral neuroscience, Cognitive neuroscience, Cell biology, Anatomy",,Tareq Al Sagheer,,,Perte neuronale sélective dans des régions cérébrales régulant la motricité: implication dans l’autisme,,Morphologie,,https://scholar.google.com/citations?view_op=view_citation&hl=en&user=0Nz8Iv4AAAAJ&citation_for_view=0Nz8Iv4AAAAJ:Tyk-4Ss8FVUC,342,Elsevier Masson,"Mohamed Jaber, Obelia Haida, Tareq El Sagheer, Pierre Olivier Fernagut","Des désordres moteurs apparaissent dans les troubles du spectre autistique (TSA) avant les symptômes cognitifs. Leur identification pourrait permettre une prise en charge précoce et plus quantitative. Nous avons eu recours à deux modèles animaux (souris) des TSA couramment utilisés, associés à l’exposition prénatale à un tératogène (acide valproïque :VPA) ou un agent mimant une infection virale (poly I :C). Du fait du ratio de 5 garçons atteints pour une fille, nous avons distingué les mâles des femelles afin de mieux comprendre cet effet de genre dans cette pathologie. Notre objectif était de mettre en évidence une éventuelle perte cellulaire dans les régions du cerveau impliquées dans le contrôle de la motricité : cervelet, cortex moteur, substance noire et striatum. Nos analyses histologiques par stéréologie démontrent :
– une perte des cellules de Purkinje restreinte à certains sous-lobules du cervelet …",behavioral neuroscience,0.4
,Neuroscience 2019,"Sex dependent behavioral deficits and neuropathology in environmental mouse models of autism
M Jaber, O Haida, T Al Sagheer, A Balbous… - Neuroscience 2019, 2019
Related articles",2019/10/20,,,,,,,"Behavioral neuroscience, Cognitive neuroscience, Cell biology, Anatomy",,Tareq Al Sagheer,,,Sex dependent behavioral deficits and neuropathology in environmental mouse models of autism,,,,https://scholar.google.com/citations?view_op=view_citation&hl=en&user=0Nz8Iv4AAAAJ&citation_for_view=0Nz8Iv4AAAAJ:LkGwnXOMwfcC,,,"Mohamed Jaber, Obélia Haida, Tareq Al Sagheer, Anais Balbous, Maureen Francheteau, Pierre Olivier Fernagut","Sex dependent behavioral deficits and neuropathology in environmental mouse models of autism - Archive ouverte HAL Accéder directement au contenu Documentation FR Français (FR) Anglais (EN) Se connecter HAL science ouverte Recherche Loading... Recherche avancée Information de documents Titres Titres Sous-titre Titre de l'ouvrage Titre du volume (Série) Champ de recherche par défaut (multicritères) + texte intégral des PDF Résumé Texte intégral indexé des documents PDF Mots-clés Type de document Sous-type de document Tous les identifiants du document Identifiant HAL du dépôt Langue du document (texte) Pays (Texte) Ville À paraître (true ou false) Ajouter Auteur Auteur (multicritères) Auteur (multicritères) Auteur : Nom complet Auteur : Nom de famille Auteur : Prénom Auteur : Complément de nom, deuxième prénom Auteur : Organisme payeur Auteur : IdHal (chaîne de caractères) Auteur : …",behavioral neuroscience,0.404
,,"Impact of hormone-therapy used in CRPC patients: Evaluation of abiraterone acetate/prednisone or enzalutamide on activity and cognitive functions in aged castrated mice.
H Castel, T Al Sagheer, M Dubois, C Campart… - 2019
Related articles All 3 versions",2019/5/20,37.0,,,,Journal of Clinical Oncology,e16526-e16526,"Behavioral neuroscience, Cognitive neuroscience, Cell biology, Anatomy",,Tareq Al Sagheer,,,Impact of hormone-therapy used in CRPC patients: Evaluation of abiraterone acetate/prednisone or enzalutamide on activity and cognitive functions in aged castrated mice.,,,,https://scholar.google.com/citations?view_op=view_citation&hl=en&user=0Nz8Iv4AAAAJ&citation_for_view=0Nz8Iv4AAAAJ:2osOgNQ5qMEC,15_suppl,American Society of Clinical Oncology,"Hélène Castel, Tareq Al Sagheer, Martine Dubois, Cynthia Campart, Laurence Desrues, Marie Lange, Pierrick Gandolfo, Florence Joly","e16526
Background: Prostate cancer (PC) is a major public health problem and represents the most frequent cancer in elderly male patients. Although most patients initially respond to androgen deprivation therapy (ADT) through inhibition of gonadal testosterone biosynthesis, the majority of these patients will progress to metastatic castration-resistant PC (mCRPC). Novel oral agents targeting androgen signaling axis, abiraterone acetate (AA)+prednisone (P) and enzalutamide (ENZ) are available and used in mCRPC patients in addition to ADT, but their impact on cognition is not well understood. Recently, the AQUARiUS study (Thiery-Vuillemin et al., ESMO Open, 2018) showed that after treatment, median Quality of life score improved with AAP. Additionally, results from a phase 2 trial showed that a worsening of depression symptoms were more often detected in ENZ- than in AAP-treated patients (Khalaf et al …",anatomy,0.4
,Neuroscience 2018,"Environmental models of autism spectrum disorder display fine motor deficits and sex specific restricted neuronal loss
E Matas, T Al Sagheer, O Haida, A Balbous… - Neuroscience 2018, 2018
Related articles",2018/11/3,,,,,,,"Behavioral neuroscience, Cognitive neuroscience, Cell biology, Anatomy",,Tareq Al Sagheer,,,Environmental models of autism spectrum disorder display fine motor deficits and sex specific restricted neuronal loss,,,,https://scholar.google.com/citations?view_op=view_citation&hl=en&user=0Nz8Iv4AAAAJ&citation_for_view=0Nz8Iv4AAAAJ:UebtZRa9Y70C,,,"Emmanuel Matas, Tareq Al Sagheer, Obélia Haida, Anais Balbous, Maureen Francheteau, Pierre Olivier Fernagut, Mohamed Jaber","Environmental models of autism spectrum disorder display fine motor deficits and sex specific restricted neuronal loss - Archive ouverte HAL Accéder directement au contenu Documentation FR Français (FR) Anglais (EN) Se connecter HAL science ouverte Recherche Loading... Recherche avancée Information de documents Titres Titres Sous-titre Titre de l'ouvrage Titre du volume (Série) Champ de recherche par défaut (multicritères) + texte intégral des PDF Résumé Texte intégral indexé des documents PDF Mots-clés Type de document Sous-type de document Tous les identifiants du document Identifiant HAL du dépôt Langue du document (texte) Pays (Texte) Ville À paraître (true ou false) Ajouter Auteur Auteur (multicritères) Auteur (multicritères) Auteur : Nom complet Auteur : Nom de famille Auteur : Prénom Auteur : Complément de nom, deuxième prénom Auteur : Organisme payeur Auteur : IdHal (chaîne de …",behavioral neuroscience,0.4
,JOURNÉE NORMANDE DE RECHERCHE BIOMÉDICALE,"Impact of two anesthetics, sevoflurane and propofol, on cognitive functions and emotional reactivity in an animal model of “fatigue”
Y Sacuto, T Al Sagheer, M Dubois, L Desrues… - JOURNÉE NORMANDE DE RECHERCHE …, 2018
Related articles",2018/9/20,,,,,,,"Behavioral neuroscience, Cognitive neuroscience, Cell biology, Anatomy",,Tareq Al Sagheer,,,"Impact of two anesthetics, sevoflurane and propofol, on cognitive functions and emotional reactivity in an animal model of “fatigue”",,,,https://scholar.google.com/citations?view_op=view_citation&hl=en&user=0Nz8Iv4AAAAJ&citation_for_view=0Nz8Iv4AAAAJ:WF5omc3nYNoC,,,"Yann Sacuto, Tareq Al Sagheer, Martine Dubois, Laurence Desrues, Vincent Compère, Hélène Castel","Impact of two anesthetics, sevoflurane and propofol, on cognitive functions and emotional reactivity in an animal model of “fatigue” - Archive ouverte HAL Accéder directement au contenu Documentation FR Français (FR) Anglais (EN) Se connecter HAL science ouverte Recherche Loading... Recherche avancée Information de documents Titres Titres Sous-titre Titre de l'ouvrage Titre du volume (Série) Champ de recherche par défaut (multicritères) + texte intégral des PDF Résumé Texte intégral indexé des documents PDF Mots-clés Type de document Sous-type de document Tous les identifiants du document Identifiant HAL du dépôt Langue du document (texte) Pays (Texte) Ville À paraître (true ou false) Ajouter Auteur Auteur (multicritères) Auteur (multicritères) Auteur : Nom complet Auteur : Nom de famille Auteur : Prénom Auteur : Complément de nom, deuxième prénom Auteur : Organisme payeur Auteur : IdHal (…",cognitive neuroscience,0.404
,,"Perte neuronale sélective dans des régions cérébrales impliquées dans la motricité: cible thérapeutique des symptômes cognitifs et moteurs de l’autisme?
O Haida, T Al Sagheer, A Balbous, M Francheteau… - Morphologie, 2018
Related articles",2018/9/1,102.0,,,,,135,"Behavioral neuroscience, Cognitive neuroscience, Cell biology, Anatomy",,Tareq Al Sagheer,,,Perte neuronale sélective dans des régions cérébrales impliquées dans la motricité: cible thérapeutique des symptômes cognitifs et moteurs de l’autisme?,,Morphologie,,https://scholar.google.com/citations?view_op=view_citation&hl=en&user=0Nz8Iv4AAAAJ&citation_for_view=0Nz8Iv4AAAAJ:d1gkVwhDpl0C,338,Elsevier Masson,"Obelia Haida, Tareq Al Sagheer, Anais Balbous, Maureen Francheteau, Pierre-Olivier Fernagut, Mohamed Jaber","Introduction/Objectifs
L’aspect moteur des troubles du spectre autistique (TSA) ne fait pas partie des critères de diagnostic (DSM-5), mais mériterait pourtant plus d’intérêt suite aux nombreuses études démontrant des perturbations de la marche, de la coordination et de la dextérité chez des enfants atteints de cette pathologie développementale. Ces désordres moteurs qui apparaîtraient avant les symptômes cognitifs, pourraient permettre une prise en charge précoce, plus quantitative et plus reproductible qu’actuellement.
Matériels/Patients et méthodes
Nous avons utilisé deux modèles animaux des TSA, associés à l’exposition prénatale à un tératogène (acide valproïque : VPA) ou un agent mimant une infection virale (poly I:C). Du fait du ratio de 5 garçons atteints pour une fille, nous avons distingué les mâles des femelles afin de mieux déterminer l’effet de genre dans cette pathologie. Nous avons recherché une …",behavioral neuroscience,0.4
,"11èmes journées scientifiques du Cancéropôle Nord-Ouest, Deauville","Cancer treatments on cognition: Building translational research to optimize design of preclinical animal studies.
M Dubois, C Campart, T Al Sagheer, MC Tonon… - 11èmes journées scientifiques du Cancéropôle Nord …, 2018
Related articles",2018/5/23,,,,,,,"Behavioral neuroscience, Cognitive neuroscience, Cell biology, Anatomy",,Tareq Al Sagheer,,,Cancer treatments on cognition: Building translational research to optimize design of preclinical animal studies.,,,,https://scholar.google.com/citations?view_op=view_citation&hl=en&user=0Nz8Iv4AAAAJ&citation_for_view=0Nz8Iv4AAAAJ:IjCSPb-OGe4C,,,"Martine Dubois, Cynthia Campart, Tareq Al Sagheer, Marie-Christine Tonon, Nicolas Perzo, Pierrick Gandolfo, Marie Lange, Florence Joly, Hélène Castel","Cancer treatments on cognition: Building translational research to optimize design of preclinical animal studies. - Archive ouverte HAL Recherche Accéder directement au contenu Pied de page Logo Logo Documentation FR Français (FR) Anglais (EN) Se connecter HAL science ouverte Recherche Loading... Recherche avancée Information de documents Titres Titres Sous-titre Titre de l'ouvrage Titre du volume (Série) Champ de recherche par défaut (multicritères) + texte intégral des PDF Résumé Texte intégral indexé des documents PDF Mots-clés Type de document Sous-type de document Tous les identifiants du document Identifiant HAL du dépôt Langue du document (texte) Pays (Texte) Ville À paraître (true ou false) Ajouter Auteur Auteur (multicritères) Auteur (multicritères) Auteur : Nom complet Auteur : Nom de famille Auteur : Prénom Auteur : Complément de nom, deuxième prénom Auteur : Organisme …",behavioral neuroscience,0.4
,FENS,"Prenatal exposure to valproic acid activates mammalian target of rapamycin (mTOR) signaling pathway in the mouse cerebellum and motor cortex
E Matas, A Balbous, O Haida, T Al Sagheer… - FENS, 2018
Related articles",2018,,,,,,,"Behavioral neuroscience, Cognitive neuroscience, Cell biology, Anatomy",,Tareq Al Sagheer,,,Prenatal exposure to valproic acid activates mammalian target of rapamycin (mTOR) signaling pathway in the mouse cerebellum and motor cortex,,,,https://scholar.google.com/citations?view_op=view_citation&hl=en&user=0Nz8Iv4AAAAJ&citation_for_view=0Nz8Iv4AAAAJ:eQOLeE2rZwMC,,,"Emmanuel Matas, Anais Balbous, Obélia Haida, Tareq Al Sagheer, Maureen Francheteau, Pierre‐olivier Fernagut, Mohamed Jaber","Prenatal exposure to valproic acid activates mammalian target of rapamycin (mTOR) signaling pathway in the mouse cerebellum and motor cortex - Archive ouverte HAL Accéder directement au contenu Documentation FR Français (FR) Anglais (EN) Se connecter HAL science ouverte Recherche Loading... Recherche avancée Information de documents Titres Titres Sous-titre Titre de l'ouvrage Titre du volume (Série) Champ de recherche par défaut (multicritères) + texte intégral des PDF Résumé Texte intégral indexé des documents PDF Mots-clés Type de document Sous-type de document Tous les identifiants du document Identifiant HAL du dépôt Langue du document (texte) Pays (Texte) Ville À paraître (true ou false) Ajouter Auteur Auteur (multicritères) Auteur (multicritères) Auteur : Nom complet Auteur : Nom de famille Auteur : Prénom Auteur : Complément de nom, deuxième prénom Auteur : Organisme payeur …",behavioral neuroscience,0.4
,FENS,"Purkinje cell loss in Autism Poly I: C prenatal exposure causes social and motor deficits and induces neuronal loss in a sex-dependent manner
O Haida, T Al Sagheer, A Balbous, M Francheteau… - FENS, 2018
Related articles",2018,,,,,,,"Behavioral neuroscience, Cognitive neuroscience, Cell biology, Anatomy",,Tareq Al Sagheer,,,Purkinje cell loss in Autism Poly I: C prenatal exposure causes social and motor deficits and induces neuronal loss in a sex-dependent manner,,,,https://scholar.google.com/citations?view_op=view_citation&hl=en&user=0Nz8Iv4AAAAJ&citation_for_view=0Nz8Iv4AAAAJ:YsMSGLbcyi4C,,,"Obélia Haida, Tareq Al Sagheer, Anais Balbous, Maureen Francheteau, Pierre Olivier Fernagut, Mohamed Jaber","Purkinje cell loss in Autism Poly I:C prenatal exposure causes social and motor deficits and induces neuronal loss in a sex-dependent manner - Archive ouverte HAL Accéder directement au contenu Documentation FR Français (FR) Anglais (EN) Se connecter HAL science ouverte Recherche Loading... Recherche avancée Information de documents Titres Titres Sous-titre Titre de l'ouvrage Titre du volume (Série) Champ de recherche par défaut (multicritères) + texte intégral des PDF Résumé Texte intégral indexé des documents PDF Mots-clés Type de document Sous-type de document Tous les identifiants du document Identifiant HAL du dépôt Langue du document (texte) Pays (Texte) Ville À paraître (true ou false) Ajouter Auteur Auteur (multicritères) Auteur (multicritères) Auteur : Nom complet Auteur : Nom de famille Auteur : Prénom Auteur : Complément de nom, deuxième prénom Auteur : Organisme payeur …",cell biology,0.404
,FENS,"Motor impairments correlate with social deficits in two environmental animal models of autism
T Al Sagheer, O Haida, A Balbous, M Francheteau… - FENS, 2018
Related articles",2018,,,,,,,"Behavioral neuroscience, Cognitive neuroscience, Cell biology, Anatomy",,Tareq Al Sagheer,,,Motor impairments correlate with social deficits in two environmental animal models of autism,,,,https://scholar.google.com/citations?view_op=view_citation&hl=en&user=0Nz8Iv4AAAAJ&citation_for_view=0Nz8Iv4AAAAJ:Y0pCki6q_DkC,,,"Tareq Al Sagheer, Obélia Haida, Anais Balbous, Maureen Francheteau, Pierre Olivier Fernagut, Mohamed Jaber","Motor impairments correlate with social deficits in two environmental animal models of autism - Archive ouverte HAL Accéder directement au contenu Documentation FR Français (FR) Anglais (EN) Se connecter HAL science ouverte Recherche Loading... Recherche avancée Information de documents Titres Titres Sous-titre Titre de l'ouvrage Titre du volume (Série) Champ de recherche par défaut (multicritères) + texte intégral des PDF Résumé Texte intégral indexé des documents PDF Mots-clés Type de document Sous-type de document Tous les identifiants du document Identifiant HAL du dépôt Langue du document (texte) Pays (Texte) Ville À paraître (true ou false) Ajouter Auteur Auteur (multicritères) Auteur (multicritères) Auteur : Nom complet Auteur : Nom de famille Auteur : Prénom Auteur : Complément de nom, deuxième prénom Auteur : Organisme payeur Auteur : IdHal (chaîne de caractères) Auteur : …",behavioral neuroscience,0.4
,,"Déterminants moteurs des troubles du spectre autistiques (TSA)
TM Al Sagheer - 2017
Related articles",2017/12/18,,,,,,,"Behavioral neuroscience, Cognitive neuroscience, Cell biology, Anatomy",,Tareq Al Sagheer,,,Déterminants moteurs des troubles du spectre autistiques (TSA),Poitiers,,,https://scholar.google.com/citations?view_op=view_citation&hl=en&user=0Nz8Iv4AAAAJ&citation_for_view=0Nz8Iv4AAAAJ:8k81kl-MbHgC,,,Tareq Mohammad Al Sagheer,"Les troubles du spectre de l'autisme (TSA) sont des troubles neurodéveloppementaux associés à des déficits persistants dans la communication sociale et à des comportements répétitifs. Notre travail est basé sur l’exploration des troubles moteurs associés à cette pathologie avec comme hypothèse de travail la possibilité que cette approche puisse offrir des éléments de diagnostic précoce. Pour cela, nous avons utilisé deux modèles animaux de toxicité prénatale (E12,5) chez la souris suite à l’administration d’un agent antiépileptique, l'acide valproïque (VPA), ou d’un analogue synthétique de l'ARN double brin viral l’acide polyinosinique-polycytidylique (Poly I:C). Nous avons réalisé une évaluation générale du développement post-natal et une exploration précise de la sociabilité et du comportement moteur fin. Nos résultats montrent: 1- un dysfonctionnement moteur et sensorimoteur précoce dans le modèle VPA, indiquant que ce modèle est approprié pour étudier la contribution des altérations motrices à l’étiologie des TSA; 2- des effets différentiels sur la sociabilité en fonction du sexe ; 3- la présence de déficits moteurs mais pas de déficits sociaux chez les femelles. Nos résultats suggèrent que le comportement moteurs peut offrir un outil de diagnostic précoce et quantitatif des TSA. Ce travail ouvre la voie vers des explorations cliniques de ces déficits et potentiellement vers des pistes thérapeutiques ciblées vers le cervelet.",behavioral neuroscience,0.4
,,"Motor determinants of autism spectrum disorder (ASD)
T Al Sagheer - 2017
Related articles All 5 versions",2017/12/18,,https://theses.hal.science/tel-02927861/document,,,,,"Behavioral neuroscience, Cognitive neuroscience, Cell biology, Anatomy",,Tareq Al Sagheer,,,Motor determinants of autism spectrum disorder (ASD),Université de Poitiers,,,https://scholar.google.com/citations?view_op=view_citation&hl=en&user=0Nz8Iv4AAAAJ&citation_for_view=0Nz8Iv4AAAAJ:roLk4NBRz8UC,,,Tareq Al Sagheer,"Autism spectrum disorders (ASD) are neurodevelopmental disorders associated with persistent disturbances in social communication and repetitive pattern of behavior. Our work is based on the exploration of the motor disorders associated with this pathology, with a working hypothesis that this approach can offer elements of early diagnosis. For this, we used two animal models of prenatal toxicity (E12.5) in mice: following administration of an antiepileptic agent, valproic acid (VPA) or a synthetic analogue of the double-stranded viral RNA polyinosinic-polycytidylic acid (Poly I: C). We carried out a general evaluation of postnatal development and a detailed exploration of sociability and fine motor behavior. Our results show: 1- an early motor and sensorimotor deficits in the VPA model, indicating that this model is appropriate for studying the contribution of motor impairments to the etiology of ASD; 2- differential effects on sociability with regards to sexes; 3- the presence of motor deficits but not of social deficits in females. Our results suggest motor behavior can offer an early and quantitative diagnostic tool for ASD. They pave the way to clinical explorations of these deficits and potentially to therapeutic pathways targeted towards the cerebellum.",behavioral neuroscience,0.4
,Neurofrance,"Purkinje cell loss in Autism Spectrum Disorders mouse models.
T Al Sagheer, O Haida, A Balbous, E Matas… - Neurofrance, 2017
Related articles",2017,,,,,,,"Behavioral neuroscience, Cognitive neuroscience, Cell biology, Anatomy",,Tareq Al Sagheer,,,Purkinje cell loss in Autism Spectrum Disorders mouse models.,,,,https://scholar.google.com/citations?view_op=view_citation&hl=en&user=0Nz8Iv4AAAAJ&citation_for_view=0Nz8Iv4AAAAJ:W7OEmFMy1HYC,,,"Tareq Al Sagheer, Obélia Haida, Anais Balbous, Emmanuel Matas, Maureen Francheteau, Pierre Olivier Fernagut, Mohamed Jaber","Purkinje cell loss in Autism Spectrum Disorders mouse models. - Archive ouverte HAL Accéder directement au contenu Documentation FR Français (FR) Anglais (EN) Se connecter HAL science ouverte Recherche Loading... Recherche avancée Information de documents Titres Titres Sous-titre Titre de l'ouvrage Titre du volume (Série) Champ de recherche par défaut (multicritères) + texte intégral des PDF Résumé Texte intégral indexé des documents PDF Mots-clés Type de document Sous-type de document Tous les identifiants du document Identifiant HAL du dépôt Langue du document (texte) Pays (Texte) Ville À paraître (true ou false) Ajouter Auteur Auteur (multicritères) Auteur (multicritères) Auteur : Nom complet Auteur : Nom de famille Auteur : Prénom Auteur : Complément de nom, deuxième prénom Auteur : Organisme payeur Auteur : IdHal (chaîne de caractères) Auteur : Fonction Auteur : personID (entier) …",cell biology,0.404
,10th FENS Forum of Neuroscience,"Motor behavior in mouse models of autism spectrum disorders and underlying cellular and molecular mechanisms
T Al Sagheer, O Haida, A Balbous, PO Fernagut… - 10th FENS Forum of Neuroscience, 2016
Related articles",2016/7/3,,,,,,,"Behavioral neuroscience, Cognitive neuroscience, Cell biology, Anatomy",,Tareq Al Sagheer,,,Motor behavior in mouse models of autism spectrum disorders and underlying cellular and molecular mechanisms,,,,https://scholar.google.com/citations?view_op=view_citation&hl=en&user=0Nz8Iv4AAAAJ&cstart=20&pagesize=80&citation_for_view=0Nz8Iv4AAAAJ:_FxGoFyzp5QC,,,"Tareq Al Sagheer, Obélia Haida, Anais Balbous, Pierre Olivier Fernagut, Maureen Francheteau, Mohamed Jaber","Motor behavior in mouse models of autism spectrum disorders and underlying cellular and molecular mechanisms - Archive ouverte HAL Accéder directement au contenu Documentation FR Français (FR) Anglais (EN) Se connecter HAL science ouverte Recherche Loading... Recherche avancée Information de documents Titres Titres Sous-titre Titre de l'ouvrage Titre du volume (Série) Champ de recherche par défaut (multicritères) + texte intégral des PDF Résumé Texte intégral indexé des documents PDF Mots-clés Type de document Sous-type de document Tous les identifiants du document Identifiant HAL du dépôt Langue du document (texte) Pays (Texte) Ville À paraître (true ou false) Ajouter Auteur Auteur (multicritères) Auteur (multicritères) Auteur : Nom complet Auteur : Nom de famille Auteur : Prénom Auteur : Complément de nom, deuxième prénom Auteur : Organisme payeur Auteur : IdHal (chaîne de …",behavioral neuroscience,0.4
,2e Journées Thématiques de la Société des Neurosciences,"Motor behavior alterations in animal models of Autism Spectrum Disorders.
T Al Sagheer, O Haida, A Balbous, M Francheteau… - 2e Journées Thématiques de la Société des …, 2016
Related articles",2016/5/25,,,,,,,"Behavioral neuroscience, Cognitive neuroscience, Cell biology, Anatomy",,Tareq Al Sagheer,,,Motor behavior alterations in animal models of Autism Spectrum Disorders.,,,,https://scholar.google.com/citations?view_op=view_citation&hl=en&user=0Nz8Iv4AAAAJ&cstart=20&pagesize=80&citation_for_view=0Nz8Iv4AAAAJ:ufrVoPGSRksC,,,"Tareq Al Sagheer, Obélia Haida, Anais Balbous, Maureen Francheteau, Pierre Olivier Fernagut, Mohamed Jaber","Motor behavior alterations in animal models of Autism Spectrum Disorders. - Archive ouverte HAL Accéder directement au contenu Documentation FR Français (FR) Anglais (EN) Se connecter HAL science ouverte Recherche Loading... Recherche avancée Information de documents Titres Titres Sous-titre Titre de l'ouvrage Titre du volume (Série) Champ de recherche par défaut (multicritères) + texte intégral des PDF Résumé Texte intégral indexé des documents PDF Mots-clés Type de document Sous-type de document Tous les identifiants du document Identifiant HAL du dépôt Langue du document (texte) Pays (Texte) Ville À paraître (true ou false) Ajouter Auteur Auteur (multicritères) Auteur (multicritères) Auteur : Nom complet Auteur : Nom de famille Auteur : Prénom Auteur : Complément de nom, deuxième prénom Auteur : Organisme payeur Auteur : IdHal (chaîne de caractères) Auteur : Fonction Auteur : …",behavioral neuroscience,0.4
,Séminaire thématique bio-santé ED 524,"Molecular and cellular alterations underlying motor disorders in autism spectrum disorders mouse models
O Haida, T Al Sagheer, A Balbous, S Brot… - Séminaire thématique bio-santé ED 524, 2016
Related articles",2016/3/10,,,,,,,"Behavioral neuroscience, Cognitive neuroscience, Cell biology, Anatomy",,Tareq Al Sagheer,,,Molecular and cellular alterations underlying motor disorders in autism spectrum disorders mouse models,,,,https://scholar.google.com/citations?view_op=view_citation&hl=en&user=0Nz8Iv4AAAAJ&cstart=20&pagesize=80&citation_for_view=0Nz8Iv4AAAAJ:Se3iqnhoufwC,,,"Obélia Haida, Tareq Al Sagheer, Anais Balbous, Sébastien Brot, Maureen Francheteau, Mohamed Jaber","Molecular and cellular alterations underlying motor disorders in autism spectrum disorders mouse models - Archive ouverte HAL Accéder directement au contenu Documentation FR Français (FR) Anglais (EN) Se connecter HAL science ouverte Recherche Loading... Recherche avancée Information de documents Titres Titres Sous-titre Titre de l'ouvrage Titre du volume (Série) Champ de recherche par défaut (multicritères) + texte intégral des PDF Résumé Texte intégral indexé des documents PDF Mots-clés Type de document Sous-type de document Tous les identifiants du document Identifiant HAL du dépôt Langue du document (texte) Pays (Texte) Ville À paraître (true ou false) Ajouter Auteur Auteur (multicritères) Auteur (multicritères) Auteur : Nom complet Auteur : Nom de famille Auteur : Prénom Auteur : Complément de nom, deuxième prénom Auteur : Organisme payeur Auteur : IdHal (chaîne de caractères) …",behavioral neuroscience,0.4
