Book,Conference,Scholar articles,Publication date,Volume,PDF Link,Patent office,Report number,Source,Pages,Research Interests,Total citations,Researcher Name,Inventors,Patent number,Title,Institution,Journal,Application number,Scholar Link,Issue,Publisher,Authors,Description,Classified_Topic,Classification_Confidence
,Fourth International Conference on Networking and Services (icns 2008),"VPN analysis and new perspective for securing voice over VPN networks
WB Diab, S Tohme, C Bassil - Fourth International Conference on Networking and …, 2008
Cited by 31 Related articles All 5 versions",2008/3/16,,https://www.academia.edu/download/70715964/VPN_Analysis_and_New_Perspective_for_Sec20210930-10573-jhnzmt.pdf,,,,73-78,"Cybersecurity, Machine and Deep Learning, IoT, Routing and Congestion control, Cloud Computing",Cited by 31,Wafaa Bou Diab,,,VPN analysis and new perspective for securing voice over VPN networks,,,,https://scholar.google.com/citations?view_op=view_citation&hl=en&user=luxTp3UAAAAJ&citation_for_view=luxTp3UAAAAJ:qjMakFHDy7sC,,IEEE,"Wafaa Bou Diab, Samir Tohme, Carole Bassil","Security and privacy become mandatory requirements for VoIP communications that needs security services such as confidentiality, integrity, authentication, non-replay and non- repudiation. The available solutions are generic and do not respect voice specificities and constraints. Thus, QoS of the voice is affected by delay, jitter, and packet loss. New security solutions must take into account the real-time constraint of voice service and their mechanisms should address possible attacks and overhead associated with it. Nowadays, VPNs (Virtual Private Networks) is considered the strongest security solutions for communications over IP networks. Most VPN solutions are implemented to tunnel data traffic while the trend toward a converged data and voice network, however, places new demands on VPNs to support real time traffic. In this paper we compare the VPN security protocols presenting their advantage and …",cybersecurity,0.4
,,"On the design of efficient congestion control for the Constrained Application Protocol in IoT
N Makarem, WB Diab, I Mougharbel, N Malouch - Computer Networks, 2022
Cited by 27 Related articles All 8 versions",2022/4/22,207.0,https://www.sciencedirect.com/science/article/am/pii/S1389128622000457,,,,108824,"Cybersecurity, Machine and Deep Learning, IoT, Routing and Congestion control, Cloud Computing",Cited by 27,Wafaa Bou Diab,,,On the design of efficient congestion control for the Constrained Application Protocol in IoT,,Computer Networks,,https://scholar.google.com/citations?view_op=view_citation&hl=en&user=luxTp3UAAAAJ&citation_for_view=luxTp3UAAAAJ:d1gkVwhDpl0C,,Elsevier,"Nabil Makarem, Wafaa Bou Diab, Imad Mougharbel, Naceur Malouch","The Constrained Application Protocol (CoAP) is one of the main candidates for a lightweight communication protocol for the Internet-of-Things. CoAP provides a simple congestion control mechanism based on successive retransmissions and binary exponential timeouts. This simple mechanism significantly reduces CoAP performance especially in networks with high packet loss, and thus preventing an efficient deployment of the protocol. Enhanced mechanisms for CoAP were proposed in the literature. Some considered improving retransmission timeout estimation whereas others focused on augmenting the retransmission procedure. In this work, we analyze deeply main and recent proposals to highlight their shortcomings. Then, we propose and implement two congestion control algorithms IDC-CoAP and MBC-CoAP which improve retransmission timeout estimation for congestion detection, and adopt …",routing and congestion control,0.314
Proceedings of the 3rd ACM workshop on Wireless multimedia networking and performance modeling,,"Critical vpn security analysis and new approach for securing voip communications over vpn networks
W Bou Diab, S Tohme, C Bassil - Proceedings of the 3rd ACM workshop on Wireless …, 2007
Cited by 26 Related articles All 2 versions",2007/10/22,,,,,,92-96,"Cybersecurity, Machine and Deep Learning, IoT, Routing and Congestion control, Cloud Computing",Cited by 26,Wafaa Bou Diab,,,Critical vpn security analysis and new approach for securing voip communications over vpn networks,,,,https://scholar.google.com/citations?view_op=view_citation&hl=en&user=luxTp3UAAAAJ&citation_for_view=luxTp3UAAAAJ:UeHWp8X0CEIC,,,"Wafaa Bou Diab, Samir Tohme, Carole Bassil",Security presents a big challenge for transmitting voice traffic over the Internet. The goal is to acquire the same security level offered.,cybersecurity,0.4
,2015 IEEE 29th International Conference on Advanced Information Networking and Applications,"Energy-efficient QoS routing in wireless multimedia sensor networks
Z Serhan, WB Diab - 2015 IEEE 29th International Conference on Advanced …, 2015
Cited by 17 Related articles All 2 versions",2015/3/24,,,,,,223-230,"Cybersecurity, Machine and Deep Learning, IoT, Routing and Congestion control, Cloud Computing",Cited by 17,Wafaa Bou Diab,,,Energy-efficient QoS routing in wireless multimedia sensor networks,,,,https://scholar.google.com/citations?view_op=view_citation&hl=en&user=luxTp3UAAAAJ&citation_for_view=luxTp3UAAAAJ:Tyk-4Ss8FVUC,,IEEE,"Ziad Serhan, Wafaa Bou Diab","Multimedia sensors are attracting the attention of the researchers increasingly, and have shifted the focus from traditional scalar sensors to sensors equipped with multimedia devices. The characteristics of multimedia services impose more resource constraints that involve energy consumption, memory, buffer size, bandwidth, and processing capabilities. Existing routing solutions used in wireless multimedia sensor networks suffer from limitations in term of QoS and energy efficiency. In this paper, we propose a new QoS routing solution to increase the energy efficiency while guaranteeing the QoS requirements of the multimedia services over the wireless sensor networks.",machine and deep learning,0.206
,,"Energy efficient QoS routing and adaptive status update in WMSNS
Z Serhan, WB Diab - International Journal of Space-Based and Situated …, 2016
Cited by 12 Related articles All 5 versions",2016,6.0,https://www.academia.edu/download/90461023/IJSSC.2016.08028020220830-1-x7tkgj.pdf,,,,129-146,"Cybersecurity, Machine and Deep Learning, IoT, Routing and Congestion control, Cloud Computing",Cited by 12,Wafaa Bou Diab,,,Energy efficient QoS routing and adaptive status update in WMSNS,,International Journal of Space-Based and Situated Computing,,https://scholar.google.com/citations?view_op=view_citation&hl=en&user=luxTp3UAAAAJ&citation_for_view=luxTp3UAAAAJ:Y0pCki6q_DkC,3.0,Inderscience Publishers (IEL),"Ziad Serhan, Wafaa Bou Diab","Multimedia sensors have shifted the focus from traditional scalar sensors to sensors equipped with multimedia devices. The characteristics of multimedia services impose more resource constraints on wireless multimedia sensor networks (WMSNs) including energy consumption, memory, bandwidth, and processing capabilities. Meeting a good quality of multimedia services within aforementioned constraints is a real challenge. On the other hand, existing routing solutions used in WMSNs suffer from limitations in term of QoS and energy efficiency. These routing protocols must take into consideration the QoS requirements and resource constraints nature of WMSN. In this paper, we propose an adaptive status update method that eliminates the drawbacks of periodic beaconing, and a QoS routing solution that considers the QoS requirements of real-time applications by prioritising the different traffic types. The …",routing and congestion control,0.309
Proceedings of the 5th ACM symposium on QoS and security for wireless and mobile networks,,"End-to-end security and seamless handover solution for real-time communications over 3G networks
W Bou Diab, S Tohme - Proceedings of the 5th ACM symposium on QoS and …, 2009
Cited by 9 Related articles",2009/10/28,,,,,,13-22,"Cybersecurity, Machine and Deep Learning, IoT, Routing and Congestion control, Cloud Computing",Cited by 9,Wafaa Bou Diab,,,End-to-end security and seamless handover solution for real-time communications over 3G networks,,,,https://scholar.google.com/citations?view_op=view_citation&hl=en&user=luxTp3UAAAAJ&citation_for_view=luxTp3UAAAAJ:IjCSPb-OGe4C,,,"Wafaa Bou Diab, Samir Tohme","The IP Multimedia Subsystem (IMS) defined by 3GPP is designed to provide robust multimedia applications over diverse access technologies. A promising solution to protect such applications is to use the Secure Internet Protocol (IPSec); however, IPSec has some drawbacks, particularly on the performance and the QoS of real-time applications. On the other hand, seamless vertical handover is one of the challenging issues in wireless networks. Vertical handover requires fast and efficient control over various wireless technologies to realize service continuity and seamless mobility. This paper presents an IPSec-based end-to-end securing solution for real-time services and proposes a secure and fast seamless handover solution preserving the QoS and security when moving between heterogeneous access networks. An analytic model is used to evaluate the performance of the proposed solution in term of end-to …",cybersecurity,0.4
,2008 2nd International Conference on Internet Multimedia Services Architecture and Applications,"VPN solution for securing voice over third generation networks
WB Diab, S Tohme - 2008 2nd International Conference on Internet …, 2008
Cited by 8 Related articles",2008/12/10,,,,,,1-6,"Cybersecurity, Machine and Deep Learning, IoT, Routing and Congestion control, Cloud Computing",Cited by 8,Wafaa Bou Diab,,,VPN solution for securing voice over third generation networks,,,,https://scholar.google.com/citations?view_op=view_citation&hl=en&user=luxTp3UAAAAJ&citation_for_view=luxTp3UAAAAJ:9yKSN-GCB0IC,,IEEE,"Wafaa Bou Diab, Samir Tohme","The main idea of the third generation (3G) networks is to merge two of the most important communication systems: cellular networks and Internet. The IP multimedia subsystem (IMS) defined by 3GPP is a technology designed to provide robust multimedia services across roaming boundaries and over diverse access technologies. In this communication converged world, the challenging issues are security and quality of service. This article presents a solution for securing multimedia traffic over 3G networks using an IPSec-based end-to-end virtual private network (VPN). It provides end-to-end security for real-time traffic while guaranteeing the performance and quality of services without reducing the effective bandwidth. Furthermore, this solution provides seamless and fast handover with minimum QoS degradation.",cybersecurity,0.4
,,"Handover and Security Solution for Real-Time Services
WB Diab, S TohmeSeamless - 2009 11th IEEE International Symposium on …, 2009
Cited by 6 Related articles",2009,,,,,,978-0,"Cybersecurity, Machine and Deep Learning, IoT, Routing and Congestion control, Cloud Computing",Cited by 6,Wafaa Bou Diab,,,Handover and Security Solution for Real-Time Services,,2009 11th IEEE International Symposium on Multimedia,,https://scholar.google.com/citations?view_op=view_citation&hl=en&user=luxTp3UAAAAJ&citation_for_view=luxTp3UAAAAJ:zYLM7Y9cAGgC,,,"Wafaa Bou Diab, Samir TohmeSeamless",,cybersecurity,0.4
,2009 IEEE International Conference on Internet Multimedia Services Architecture and Applications (IMSAA),"Secure and seamless handover solution for real-time applications
WB Diab, S Tohme - 2009 IEEE International Conference on Internet …, 2009
Cited by 3 Related articles All 2 versions",2009/12/9,,,,,,1-6,"Cybersecurity, Machine and Deep Learning, IoT, Routing and Congestion control, Cloud Computing",Cited by 3,Wafaa Bou Diab,,,Secure and seamless handover solution for real-time applications,,,,https://scholar.google.com/citations?view_op=view_citation&hl=en&user=luxTp3UAAAAJ&citation_for_view=luxTp3UAAAAJ:u-x6o8ySG0sC,,IEEE,"Wafaa Bou Diab, Samir Tohme",One of the major challenges for Real-time applications over next-generation heterogeneous networks is the seamless vertical handoff. These applications require fast and efficient handover that realize service continuity and seamless mobility preserving the security and the QoS. In this paper we propose a new seamless vertical handover solution performing fast authentication while guaranteeing the QoS and the security of real-time communications. The numerical results show better performance of the proposed solution in term of signaling cost and packet loss while achieving high security and QoS comparing to the conventional schemes.,cybersecurity,0.4
,2019 IFIP Networking Conference (IFIP Networking),"Performance study of the constrained application protocol in lossy networks
N Makarem, WB Diab, I Mougharbel, N Malouch - 2019 IFIP Networking Conference (IFIP Networking), 2019
Cited by 2 Related articles All 4 versions",2019/5/20,,,,,,1-2,"Cybersecurity, Machine and Deep Learning, IoT, Routing and Congestion control, Cloud Computing",Cited by 2,Wafaa Bou Diab,,,Performance study of the constrained application protocol in lossy networks,,,,https://scholar.google.com/citations?view_op=view_citation&hl=en&user=luxTp3UAAAAJ&citation_for_view=luxTp3UAAAAJ:2osOgNQ5qMEC,,IEEE,"Nabil Makarem, Wafaa Bou Diab, Imad Mougharbel, Naceur Malouch","The Constrained Application Protocol (CoAP) is a lightweight core protocol used for communication between devices in the Internet-of-Things. The CoAP standard defines a simple congestion control mechanism based mainly on retransmissions after timeouts and a binary exponential back-off procedure with randomization. However, the default parameters of this mechanism can affect negatively the efficiency of the protocol in severe network conditions. In this paper, we propose new exact mathematical models to study the performance of CoAP in lossy networks. This study provides useful insights in order to tune CoAP parameters and also highlights CoAP properties and limitations so that future better mechanisms can be designed adequately.",cybersecurity,0.4
,2009 11th IEEE International Symposium on Multimedia,"Seamless handover and security solution for real-time services
WB Diab, S Tohme - 2009 11th IEEE International Symposium on …, 2009
Cited by 1 Related articles All 2 versions",2009/12/14,,,,,,363-368,"Cybersecurity, Machine and Deep Learning, IoT, Routing and Congestion control, Cloud Computing",Cited by 1,Wafaa Bou Diab,,,Seamless handover and security solution for real-time services,,,,https://scholar.google.com/citations?view_op=view_citation&hl=en&user=luxTp3UAAAAJ&citation_for_view=luxTp3UAAAAJ:u5HHmVD_uO8C,,IEEE,"Wafaa Bou Diab, Samir Tohme",One of the major challenges for real-time applications over next-generation heterogeneous access networks is the vertical handoff. Such applications require fast and efficient handover that realize service continuity and seamless mobility preserving the security and the QoS. In this paper we propose a new seamless vertical handover solution performing fast authentication while guaranteeing the QoS and the security of real-time communications. The numerical results show better performance of the proposed solution comparing to the conventional schemes in term of signaling cost and packet loss while achieving high security and QoS.,cybersecurity,0.4
