Book,Conference,Scholar articles,Publication date,Volume,PDF Link,Patent office,Report number,Source,Pages,Research Interests,Total citations,Researcher Name,Inventors,Patent number,Title,Institution,Journal,Application number,Scholar Link,Issue,Publisher,Authors,Description,Classified_Topic,Classification_Confidence
,,"Automotive collision avoidance methodologies Sensor-based and ITS-based
R Adla, N Al-Holou, M Murad, YA Bazzi - 2013 ACS international conference on Computer …, 2013
Cited by 14 Related articles All 2 versions",2013/5/27,,,,,2013 ACS international conference on Computer systems and Applications (AICCSA),1-8,"Sensor Fusion, Petri Nets, Expert Systems, Fuzzy Logic, Evidential Reasonning",Cited by 14,Youssef Bazzi,,,Automotive collision avoidance methodologies Sensor-based and ITS-based,,,,https://scholar.google.com/citations?view_op=view_citation&hl=en&user=hYtswYwAAAAJ&citation_for_view=hYtswYwAAAAJ:YsMSGLbcyi4C,,IEEE,"Rawa Adla, Nizar Al-Holou, Mohannad Murad, Youssef A Bazzi",Collision Avoidance has received serious attention in the automotive research area. There are two methodologies for collision avoidance systems: Sensor-based and ITS-based. The main goal of this work is to provide a comprehensive review of both sensor-based and ITS-based collision avoidance systems. A comparative analysis between these two methodologies and a description of possible future research and applications is also reported in this paper.,evidential reasonning,0.4
,,"Multi sensor data fusion, methods and problems
R Adla, Y Bazzi, N Al-Holou - Proceedings of the International Conference on …, 2013
Cited by 7 Related articles All 3 versions",2013,,http://world-comp.org/p2013/PDP4248.pdf,,,,105,"Sensor Fusion, Petri Nets, Expert Systems, Fuzzy Logic, Evidential Reasonning",Cited by 7,Youssef Bazzi,,,"Multi sensor data fusion, methods and problems",,Proceedings of the International Conference on Parallel and Distributed Processing Techniques and Applications (PDPTA),,https://scholar.google.com/citations?view_op=view_citation&hl=en&user=hYtswYwAAAAJ&citation_for_view=hYtswYwAAAAJ:eQOLeE2rZwMC,,"The Steering Committee of The World Congress in Computer Science, Computer Engineering and Applied Computing (WorldComp)","Rawa Adla, Youssef Bazzi, Nizar Al-Holou","Sensors, which monitor the surrounding environment in order to enhance our decisions, play a major role in our lives and contribute to our actions. A single sensor, however, is not capable of providing enough information; therefore, multiple sensors have to be integrated in a way to perform the additional task of interpretation, which may be more helpful and informative than what can be observed using a single sensor. Since the nature of sensor’s functional characteristics can lead to output that contains erroneous measurement readings due to noise, measurement errors, and delays, multiple sensors are needed to confirm the certainty of desired actions. For sensors to work properly, a computational system is required in order to fuse sensor data in a process called multi-sensor-data fusion.",sensor fusion,0.41
,2015 IEEE International Conference on Electro/Information Technology (EIT),"Bayesian network based collision avoidance systems
R Adla, YA Bazzi, N Al-Holou - 2015 IEEE International Conference on Electro …, 2015
Cited by 6 Related articles",2015/5/21,,,,,,605-610,"Sensor Fusion, Petri Nets, Expert Systems, Fuzzy Logic, Evidential Reasonning",Cited by 6,Youssef Bazzi,,,Bayesian network based collision avoidance systems,,,,https://scholar.google.com/citations?view_op=view_citation&hl=en&user=hYtswYwAAAAJ&citation_for_view=hYtswYwAAAAJ:ufrVoPGSRksC,,IEEE,"Rawa Adla, Youssef A Bazzi, Nizar Al-Holou","Motor vehicle collisions are the leading cause of death in the Unites States. Rear-end crashes alone occur approximately 1.6 million times each year [1]. These statistics demonstrate the obvious need to reduce the number of vehicle collisions and save lives. In response, the government, automobile industry, and academia have conducted intensive research in an effort to enhance the safety in the U.S. transportation system. Such research has led to a recent trend to develop the next generation driverless car. This paper proposes a new methodology for use in vehicle safety system that has the potential to be used in autonomous driving (driverless vehicles). The new method applies Bayes' probabilistic reasoning technique to a multi sensor data fusion system in order to enhance a vehicle collision avoidance system in real time. The proposed methodology integrates multiple sensor readings, such as the …",sensor fusion,0.408
,Sensor Fusion: Spatial Reasoning and Scene Interpretation,"Reasoning under uncertainty with dependency information
YA Bazzi, BT Mitchell - Sensor Fusion: Spatial Reasoning and Scene …, 1989
Cited by 5 Related articles All 5 versions",1989/1/5,1003.0,https://www.spiedigitallibrary.org/conference-proceedings-of-spie/1003/0000/Reasoning-Under-Uncertainty-With-Dependency-Information/10.1117/12.948930.pdf,,,,188-193,"Sensor Fusion, Petri Nets, Expert Systems, Fuzzy Logic, Evidential Reasonning",Cited by 5,Youssef Bazzi,,,Reasoning under uncertainty with dependency information,,,,https://scholar.google.com/citations?view_op=view_citation&hl=en&user=hYtswYwAAAAJ&citation_for_view=hYtswYwAAAAJ:u5HHmVD_uO8C,,SPIE,"Youssef A Bazzi, Brian T Mitchell","Current techniques for dealing with uncertainty in expert systems do not adequately handle dependency information. In fact, most schemes make routine independence assumptions. These assumptions lead to serious questions as to the validity of the conclusions reached by systems which employ such schemes. This paper introduces a technique for reasoning with dependency information in expert systems that acquire probabilistic evidence. This technique relies on a modified version of Dempster-Shafer Theory. In particular, a new support function and updating scheme are used. Examples of several different types of situations are given to show that this modified technique deals with dependency in both an intuitive and reasonable way.",expert systems,0.61
,,"Dynamic eco-routing methodology using petri net
M Abdul-Hak, Y Bazzi, O Cordes, N Alholou - 2013
Cited by 4 Related articles All 2 versions",2013/4/8,,,,,,,"Sensor Fusion, Petri Nets, Expert Systems, Fuzzy Logic, Evidential Reasonning",Cited by 4,Youssef Bazzi,,,Dynamic eco-routing methodology using petri net,,,,https://scholar.google.com/citations?view_op=view_citation&hl=en&user=hYtswYwAAAAJ&citation_for_view=hYtswYwAAAAJ:roLk4NBRz8UC,2013-01-0989,SAE Technical Paper,"Mohamad Abdul-Hak, Youssef Bazzi, Oliver Cordes, Nizar Alholou","Vehicles equipped with wireless communication technology,“Dedicated Short Range Communication” are a promising field for fuel optimization navigation applications. This paper presents a vehicle routing methodology modeled as a Petri Net (PN) for optimizing travel time and vehicle emission in a connected roadway network with minimal total traffic capacity to route vehicle in a dynamically changing traffic environment, and in an optimal and predictive manner. The novel unfolded PN model presented in this paper incorporates the essential features in Dynamic Programming (DP) to solve the stochastic traffic routing problem. The effectiveness of the proposed eco-friendly navigation methodology is validated by comparing the performance with conventional travel time based navigation methods.",petri nets,0.405
,Sensor Fusion II: Human and Machine Strategies,"Evidential Integration In A Multi-Sensor System With Dependency Information
YA Bazzi, BT Mitchell - Sensor Fusion II: Human and Machine Strategies, 1990
Cited by 4 Related articles All 3 versions",1990/3/1,1198.0,https://www.spiedigitallibrary.org/proceedings/Download?fullDOI=10.1117/12.969976,,,,202-210,"Sensor Fusion, Petri Nets, Expert Systems, Fuzzy Logic, Evidential Reasonning",Cited by 4,Youssef Bazzi,,,Evidential Integration In A Multi-Sensor System With Dependency Information,,,,https://scholar.google.com/citations?view_op=view_citation&hl=en&user=hYtswYwAAAAJ&citation_for_view=hYtswYwAAAAJ:u-x6o8ySG0sC,,SPIE,"Youssef A Bazzi, Brian T Mitchell","Several methods for combining uncertain evidences in a multi-sensor system have been developed in the literature. Most of these methods make routine assumptions on the type of relation between these evidences, that is the evidences are independent. This assumption leads to serious questions as to the validity of the conclusions reached by systems which employ such schemes. This paper presents a technique for reasoning with dependency information in expert systems that acquire probabilistic evidence. Three types of depndency relations have been considered. The proposed technique is suitable for computerization, and results in a more certain hypothesis value when applied to distributed sensor system and to terminal reliability in computer communication networks.",expert systems,0.61
,,"Predictive Vehicle Route Optimization in Intelligent Transportation Systems
M Abdul-Hak, N Al-Holou, Y Bazzi, MA Tamer - International Journal on Data Science and Technology, 2019
Cited by 2 Related articles All 2 versions",2019/5,5.0,https://www.academia.edu/download/67691021/10.11648.j.ijdst.20190501.13.pdf,,,,14-28,"Sensor Fusion, Petri Nets, Expert Systems, Fuzzy Logic, Evidential Reasonning",Cited by 2,Youssef Bazzi,,,Predictive Vehicle Route Optimization in Intelligent Transportation Systems,,International Journal on Data Science and Technology,,https://scholar.google.com/citations?view_op=view_citation&hl=en&user=hYtswYwAAAAJ&citation_for_view=hYtswYwAAAAJ:Se3iqnhoufwC,1,Science Publishing Group,"Mohamad Abdul-Hak, Nizar Al-Holou, Youssef Bazzi, M Alamir Tamer","Through the adoption of dedicated short-range communication (DSRC) wireless communication technology, intelligent transportation systems (ITS) will spur a new revolution in the US transportation system. This paper is structured around providing drivers with the least-congested transportation route choices enabled by the ITS-envisioned vehicle-to-vehicle (V2V), vehicle-to-infrastructure (V2I), and infrastructure-to-vehicle (I2V) communication platforms. Recent research in vehicle navigation systems has proposed energy consumption and emission optimized routing methodologies using historical traffic data modeling. More than 50% of congestion in US cities is nonrecurring congestion. Nonrecurring congestion reduces the availability of the traffic network, thus rendering historical traffic data-based systems insufficient in more than 50% of the cases. Real-time traffic data modeling provides an enhanced performance in traffic congestion assessment; however, greater performance is expected with a predictive traffic congestion model with increased certainty. This paper compares the conventional shortest path and fastest path vehicle routing methodologies and establish the improvement for environmentally friendly routing in a dynamic and predictive cost dependent traffic network based on Petri Net Modeling. The proposed routing algorithm is validated using a computer-based tool of choice.",petri nets,0.404
,,"Kalman Filter Based Safety Application
R Adla, N Al-Holou, YA Bazzi - Proceedings of the International Conference on …, 2014
Related articles All 2 versions",2014,,http://world-comp.org/preproc2014/CSC3567.pdf,,,,1,"Sensor Fusion, Petri Nets, Expert Systems, Fuzzy Logic, Evidential Reasonning",,Youssef Bazzi,,,Kalman Filter Based Safety Application,,Proceedings of the International Conference on Scientific Computing (CSC),,https://scholar.google.com/citations?view_op=view_citation&hl=en&user=hYtswYwAAAAJ&citation_for_view=hYtswYwAAAAJ:WF5omc3nYNoC,,"The Steering Committee of The World Congress in Computer Science, Computer Engineering and Applied Computing (WorldComp)","Rawa Adla, Nizar Al-Holou, Youssef A Bazzi","This article examines the basic concepts of the Kalman filter. The origination of the Kalman filter and the theory behind it has been presented, along with an explanation of the Kalman filter algorithm and its equations. In order to study the Kalman filter and the method of implementation, a case study using the Kalman filter to estimate the speed of a preceding vehicle in a variety of scenarios is discussed. Through simulation it is observed that the Kalman filter is an optimal filter and a very helpful mathematical tool to cancel out noise when dealing with a noisy environment, but only under some restrictions that are discussed in the paper.",evidential reasonning,0.4
,Society of Automotive Engineers (SAE),,2013/4/17,,,,,,,"Sensor Fusion, Petri Nets, Expert Systems, Fuzzy Logic, Evidential Reasonning",,Youssef Bazzi,,,Dynamic Eco-friendly Navigation Using Petri Net,,,,https://scholar.google.com/citations?view_op=view_citation&hl=en&user=hYtswYwAAAAJ&citation_for_view=hYtswYwAAAAJ:Y0pCki6q_DkC,,SAE,"Mohamad Abdul-Hak, Malok Alamir Tamer, Youssef Bazzi, Nizar Al-Holou, Utayba Mohammad",,petri nets,0.444
,SAE 2013 World Congress & Exhibition,,2013/4/13,,,,,,,"Sensor Fusion, Petri Nets, Expert Systems, Fuzzy Logic, Evidential Reasonning",,Youssef Bazzi,,,Survey of Collision Avoidance Methodologies,,,,https://scholar.google.com/citations?view_op=view_citation&hl=en&user=hYtswYwAAAAJ&citation_for_view=hYtswYwAAAAJ:Tyk-4Ss8FVUC,,SAE paper,"Rawa Adla, Nizar Al-Holou, Youssef Bazzi, Mohannad Murad",,Unclassified,0.0
,IEEE Southeast Michigan Section,,2012/11/14,,,,,,,"Sensor Fusion, Petri Nets, Expert Systems, Fuzzy Logic, Evidential Reasonning",,Youssef Bazzi,,,Vehicle Dynamic Routing Prediction Using Petri Net,,,,https://scholar.google.com/citations?view_op=view_citation&hl=en&user=hYtswYwAAAAJ&citation_for_view=hYtswYwAAAAJ:zYLM7Y9cAGgC,,IEEE,"Mohamad Abdul-Hak, Malok Alamir Tamer, Nizar Al-Holou, Youssef Bazzi",,petri nets,0.444
,IEEE Southeast Michigan Section,,2012/11/14,,,,,,,"Sensor Fusion, Petri Nets, Expert Systems, Fuzzy Logic, Evidential Reasonning",,Youssef Bazzi,,,Vehicle Collision Avoidance with Confidence Factor in Sensor Fusion System,,,,https://scholar.google.com/citations?view_op=view_citation&hl=en&user=hYtswYwAAAAJ&citation_for_view=hYtswYwAAAAJ:IjCSPb-OGe4C,,IEEE,"Rawa Adla, Youssef A Bazzi, Nizar Al-Holou",,sensor fusion,0.673
,Sensor Fusion III,"Combination of evidences with dependency information in distributed sensor system
YA Bazzi, BT Mitchell - Sensor Fusion III, 1990
Related articles All 4 versions",1990/10/1,1306.0,https://www.spiedigitallibrary.org/proceedings/Download?fullDOI=10.1117/12.21620,,,,18-24,"Sensor Fusion, Petri Nets, Expert Systems, Fuzzy Logic, Evidential Reasonning",,Youssef Bazzi,,,Combination of evidences with dependency information in distributed sensor system,,,,https://scholar.google.com/citations?view_op=view_citation&hl=en&user=hYtswYwAAAAJ&citation_for_view=hYtswYwAAAAJ:9yKSN-GCB0IC,,SPIE,"Youssef A Bazzi, Brian T Mitchell","An algorithm to combine multiple data with dependency information in a distributed sensor system is proposed. Three types of dependency information are considered: independency, maximum, and minimum dependency. A modified Schienman technique to determine nonoverlapping subhypotheses is presented.",evidential reasonning,0.4
,,"Reasoning under uncertainty with dependency information in sensor fusion
YA Bazzi - 1990
Related articles",1990,,,,,,,"Sensor Fusion, Petri Nets, Expert Systems, Fuzzy Logic, Evidential Reasonning",,Youssef Bazzi,,,Reasoning under uncertainty with dependency information in sensor fusion,Wayne State University,,,https://scholar.google.com/citations?view_op=view_citation&hl=en&user=hYtswYwAAAAJ&citation_for_view=hYtswYwAAAAJ:qjMakFHDy7sC,,,Youssef Ahmad Bazzi,A technique to combine multiple evidences with probability value is used. This technique accounts for the dependency information between the sensors or the evidences. It also accounts for the uncertainty inherent in the value of each evidence. The technique allows for the determination of the value of the combined evidences and the representation of this value in an interval probability value where it solves for the problem of indeterminancy (the inability of reasoning from a point value).,sensor fusion,0.617
,,"Automotive Collision Avoidance Methodologies
R Adla, N Al-Holou, M Murad, YA Bazzi
Related articles",,,https://www.academia.edu/download/67691022/aiccsa.2013.661645820210620-4476-9hp6fj.pdf,,,,,"Sensor Fusion, Petri Nets, Expert Systems, Fuzzy Logic, Evidential Reasonning",,Youssef Bazzi,,,Automotive Collision Avoidance Methodologies,,,,https://scholar.google.com/citations?view_op=view_citation&hl=en&user=hYtswYwAAAAJ&citation_for_view=hYtswYwAAAAJ:UebtZRa9Y70C,,,"Rawa Adla, Nizar Al-Holou, Mohannad Murad, Youssef A Bazzi",Collision Avoidance has received serious attention in the automotive research area. There are two methodologies for collision avoidance systems: Sensor-based and ITS-based. The main goal of this work is to provide a comprehensive review of both sensor-based and ITS-based collision avoidance systems. A comparative analysis between these two methodologies and a description of possible future research and applications is also reported in this paper.,evidential reasonning,0.4
